timestamp,feeder_id,forecast_warning_flag,scen_a_shortfall,scen_b_shortfall,scen_c_shortfall,unserved_critical_kw,shortfall_lookahead
2026-09-01 00:00:00,Feeder_1,False,0,0,0,0.0,0.0
2026-09-01 01:00:00,Feeder_1,False,0,0,0,0.0,0.0
2026-09-01 02:00:00,Feeder_1,False,0,0,0,0.0,0.0
2026-09-01 03:00:00,Feeder_1,False,0,0,0,0.0,0.0
2026-09-01 04:00:00,Feeder_1,False,0,0,0,0.0,0.0
2026-09-01 05:00:00,Feeder_1,False,0,0,0,0.0,0.0
2026-09-01 06:00:00,Feeder_1,False,0,0,0,0.0,1.0
2026-09-01 07:00:00,Feeder_1,False,0,0,0,0.0,1.0
2026-09-01 08:00:00,Feeder_1,False,1,1,0,0.0,1.0
2026-09-01 09:00:00,Feeder_1,False,1,1,0,0.0,0.0
2026-09-01 10:00:00,Feeder_1,False,1,0,0,0.0,0.0
2026-09-01 11:00:00,Feeder_1,False,1,0,0,0.0,0.0
2026-09-01 12:00:00,Feeder_1,False,0,0,0,0.0,0.0
2026-09-01 13:00:00,Feeder_1,False,0,0,0,0.0,0.0
2026-09-01 14:00:00,Feeder_1,True,0,0,0,0.0,1.0
2026-09-01 15:00:00,Feeder_1,True,1,0,0,0.0,1.0
2026-09-01 16:00:00,Feeder_1,True,1,1,0,0.0,1.0
2026-09-01 17:00:00,Feeder_1,True,1,1,0,0.0,0.0
2026-09-01 18:00:00,Feeder_1,True,0,0,0,0.0,0.0
2026-09-01 19:00:00,Feeder_1,False,0,0,0,0.0,0.0
2026-09-01 20:00:00,Feeder_1,False,0,0,0,0.0,0.0
2026-09-01 21:00:00,Feeder_1,False,0,0,0,0.0,0.0
2026-09-01 22:00:00,Feeder_1,False,0,0,0,0.0,0.0
2026-09-01 23:00:00,Feeder_1,False,0,0,0,0.0,0.0
2026-09-02 00:00:00,Feeder_1,False,0,0,0,6.56,0.0
2026-09-02 01:00:00,Feeder_1,False,0,0,0,11.25,0.0
2026-09-02 02:00:00,Feeder_1,False,0,0,0,11.38,0.0
2026-09-02 03:00:00,Feeder_1,False,0,0,0,10.96,0.0
2026-09-02 04:00:00,Feeder_1,False,0,0,0,13.31,0.0
2026-09-02 05:00:00,Feeder_1,False,0,0,0,13.51,0.0
2026-09-02 06:00:00,Feeder_1,False,0,0,0,13.99,1.0
2026-09-02 07:00:00,Feeder_1,False,0,0,0,4.63,1.0
2026-09-02 08:00:00,Feeder_1,False,1,1,0,0.0,1.0
2026-09-02 09:00:00,Feeder_1,False,1,1,0,0.0,0.0
2026-09-02 10:00:00,Feeder_1,False,1,0,0,0.0,0.0
2026-09-02 11:00:00,Feeder_1,False,1,0,0,0.0,0.0
2026-09-02 12:00:00,Feeder_1,False,0,0,0,0.0,0.0
2026-09-02 13:00:00,Feeder_1,False,1,0,0,0.0,0.0
2026-09-02 14:00:00,Feeder_1,True,1,0,0,0.0,1.0
2026-09-02 15:00:00,Feeder_1,True,1,0,0,0.0,1.0
2026-09-02 16:00:00,Feeder_1,True,1,1,0,0.0,1.0
2026-09-02 17:00:00,Feeder_1,True,1,1,0,0.0,0.0
2026-09-02 18:00:00,Feeder_1,True,0,0,0,0.0,0.0
2026-09-02 19:00:00,Feeder_1,False,0,0,0,0.0,0.0
2026-09-02 20:00:00,Feeder_1,False,0,0,0,0.0,0.0
2026-09-02 21:00:00,Feeder_1,False,0,0,0,28.3,0.0
2026-09-02 22:00:00,Feeder_1,False,0,0,0,22.82,0.0
2026-09-02 23:00:00,Feeder_1,False,0,0,0,16.66,0.0
2026-09-03 00:00:00,Feeder_1,False,0,0,0,9.85,0.0
2026-09-03 01:00:00,Feeder_1,False,0,0,0,12.14,0.0
2026-09-03 02:00:00,Feeder_1,False,0,0,0,10.69,0.0
2026-09-03 03:00:00,Feeder_1,False,0,0,0,10.67,0.0
2026-09-03 04:00:00,Feeder_1,False,0,0,0,10.15,0.0
2026-09-03 05:00:00,Feeder_1,False,0,0,0,13.92,0.0
2026-09-03 06:00:00,Feeder_1,False,0,0,0,16.49,1.0
2026-09-03 07:00:00,Feeder_1,False,0,0,0,9.18,1.0
2026-09-03 08:00:00,Feeder_1,False,1,1,0,0.0,1.0
2026-09-03 09:00:00,Feeder_1,False,1,1,0,0.0,0.0
2026-09-03 10:00:00,Feeder_1,False,1,0,0,0.0,0.0
2026-09-03 11:00:00,Feeder_1,False,1,0,0,0.0,0.0
2026-09-03 12:00:00,Feeder_1,False,0,0,0,0.0,0.0
2026-09-03 13:00:00,Feeder_1,False,0,0,0,0.0,0.0
2026-09-03 14:00:00,Feeder_1,True,0,0,0,0.0,1.0
2026-09-03 15:00:00,Feeder_1,True,1,0,0,0.0,1.0
2026-09-03 16:00:00,Feeder_1,True,1,1,0,0.0,1.0
2026-09-03 17:00:00,Feeder_1,True,1,1,0,0.0,0.0
2026-09-03 18:00:00,Feeder_1,True,0,0,0,0.0,0.0
2026-09-03 19:00:00,Feeder_1,False,0,0,0,0.0,0.0
2026-09-03 20:00:00,Feeder_1,False,0,0,0,27.89,0.0
2026-09-03 21:00:00,Feeder_1,False,0,0,0,35.26,0.0
2026-09-03 22:00:00,Feeder_1,False,0,0,0,23.91,0.0
2026-09-03 23:00:00,Feeder_1,False,0,0,0,17.53,0.0
2026-09-04 00:00:00,Feeder_1,False,0,0,0,10.97,0.0
2026-09-04 01:00:00,Feeder_1,False,0,0,0,8.9,0.0
2026-09-04 02:00:00,Feeder_1,False,0,0,0,11.0,0.0
2026-09-04 03:00:00,Feeder_1,False,0,0,0,10.12,0.0
2026-09-04 04:00:00,Feeder_1,False,0,0,0,10.84,0.0
2026-09-04 05:00:00,Feeder_1,False,0,0,0,11.77,0.0
2026-09-04 06:00:00,Feeder_1,False,0,0,0,12.01,1.0
2026-09-04 07:00:00,Feeder_1,False,0,0,0,7.58,1.0
2026-09-04 08:00:00,Feeder_1,False,1,1,1,2.43,1.0
2026-09-04 09:00:00,Feeder_1,False,1,1,0,0.0,0.0
2026-09-04 10:00:00,Feeder_1,False,1,0,0,0.0,0.0
2026-09-04 11:00:00,Feeder_1,False,1,0,0,0.0,0.0
2026-09-04 12:00:00,Feeder_1,False,0,0,0,0.0,0.0
2026-09-04 13:00:00,Feeder_1,False,0,0,0,0.0,0.0
2026-09-04 14:00:00,Feeder_1,True,0,0,0,0.0,1.0
2026-09-04 15:00:00,Feeder_1,True,1,0,0,0.0,1.0
2026-09-04 16:00:00,Feeder_1,True,1,1,0,0.0,1.0
2026-09-04 17:00:00,Feeder_1,True,1,1,0,0.0,0.0
2026-09-04 18:00:00,Feeder_1,True,0,0,0,0.0,0.0
2026-09-04 19:00:00,Feeder_1,False,0,0,0,0.0,0.0
2026-09-04 20:00:00,Feeder_1,False,0,0,0,28.52,0.0
2026-09-04 21:00:00,Feeder_1,False,0,0,0,30.47,0.0
2026-09-04 22:00:00,Feeder_1,False,0,0,0,25.68,0.0
2026-09-04 23:00:00,Feeder_1,False,0,0,0,17.27,0.0
2026-09-05 00:00:00,Feeder_1,False,0,0,0,11.39,0.0
2026-09-05 01:00:00,Feeder_1,False,0,0,0,12.97,0.0
2026-09-05 02:00:00,Feeder_1,False,0,0,0,13.06,0.0
2026-09-05 03:00:00,Feeder_1,False,0,0,0,12.68,0.0
2026-09-05 04:00:00,Feeder_1,False,0,0,0,13.06,0.0
2026-09-05 05:00:00,Feeder_1,False,0,0,0,12.92,0.0
2026-09-05 06:00:00,Feeder_1,False,0,0,0,15.87,1.0
2026-09-05 07:00:00,Feeder_1,False,0,0,0,8.28,1.0
2026-09-05 08:00:00,Feeder_1,False,1,1,0,1.29,1.0
2026-09-05 09:00:00,Feeder_1,False,1,1,0,0.0,0.0
2026-09-05 10:00:00,Feeder_1,False,1,0,0,0.0,0.0
2026-09-05 11:00:00,Feeder_1,False,1,0,0,0.0,0.0
2026-09-05 12:00:00,Feeder_1,False,1,0,0,0.0,0.0
2026-09-05 13:00:00,Feeder_1,False,0,0,0,0.0,0.0
2026-09-05 14:00:00,Feeder_1,True,0,0,0,0.0,1.0
2026-09-05 15:00:00,Feeder_1,True,1,0,0,0.0,1.0
2026-09-05 16:00:00,Feeder_1,True,1,1,0,0.0,1.0
2026-09-05 17:00:00,Feeder_1,True,1,1,0,0.0,0.0
2026-09-05 18:00:00,Feeder_1,True,0,0,0,0.0,0.0
2026-09-05 19:00:00,Feeder_1,False,0,0,0,0.0,0.0
2026-09-05 20:00:00,Feeder_1,False,0,0,0,0.0,0.0
2026-09-05 21:00:00,Feeder_1,False,0,0,0,27.92,0.0
2026-09-05 22:00:00,Feeder_1,False,0,0,0,22.45,0.0
2026-09-05 23:00:00,Feeder_1,False,0,0,0,15.14,0.0
2026-09-06 00:00:00,Feeder_1,False,0,0,0,11.54,0.0
2026-09-06 01:00:00,Feeder_1,False,0,0,0,11.1,0.0
2026-09-06 02:00:00,Feeder_1,False,0,0,0,11.85,0.0
2026-09-06 03:00:00,Feeder_1,False,0,0,0,12.49,0.0
2026-09-06 04:00:00,Feeder_1,False,0,0,0,15.16,0.0
2026-09-06 05:00:00,Feeder_1,False,0,0,0,13.02,0.0
2026-09-06 06:00:00,Feeder_1,False,0,0,0,13.79,1.0
2026-09-06 07:00:00,Feeder_1,False,0,0,0,6.42,1.0
2026-09-06 08:00:00,Feeder_1,False,1,1,1,2.1,1.0
2026-09-06 09:00:00,Feeder_1,False,1,1,0,0.0,1.0
2026-09-06 10:00:00,Feeder_1,False,1,0,0,0.0,1.0
2026-09-06 11:00:00,Feeder_1,True,1,1,0,0.0,1.0
2026-09-06 12:00:00,Feeder_1,False,1,1,0,0.0,1.0
2026-09-06 13:00:00,Feeder_1,False,1,1,1,3.71,1.0
2026-09-06 14:00:00,Feeder_1,True,1,1,1,16.96,1.0
2026-09-06 15:00:00,Feeder_1,False,1,0,0,0.0,1.0
2026-09-06 16:00:00,Feeder_1,True,1,1,1,3.86,1.0
2026-09-06 17:00:00,Feeder_1,True,1,1,1,12.9,0.0
2026-09-06 18:00:00,Feeder_1,True,0,0,0,24.81,0.0
2026-09-06 19:00:00,Feeder_1,False,0,0,0,29.58,0.0
2026-09-06 20:00:00,Feeder_1,False,0,0,0,32.33,0.0
2026-09-06 21:00:00,Feeder_1,False,0,0,0,31.53,0.0
2026-09-06 22:00:00,Feeder_1,False,0,0,0,24.07,0.0
2026-09-06 23:00:00,Feeder_1,False,0,0,0,13.33,0.0
2026-09-07 00:00:00,Feeder_1,False,0,0,0,13.96,0.0
2026-09-07 01:00:00,Feeder_1,False,0,0,0,9.63,0.0
2026-09-07 02:00:00,Feeder_1,False,0,0,0,12.28,0.0
2026-09-07 03:00:00,Feeder_1,False,0,0,0,11.6,0.0
2026-09-07 04:00:00,Feeder_1,False,0,0,0,12.48,0.0
2026-09-07 05:00:00,Feeder_1,False,0,0,0,11.15,0.0
2026-09-07 06:00:00,Feeder_1,False,0,0,0,13.57,1.0
2026-09-07 07:00:00,Feeder_1,False,0,0,0,5.11,1.0
2026-09-07 08:00:00,Feeder_1,False,1,1,0,0.0,1.0
2026-09-07 09:00:00,Feeder_1,False,1,1,0,0.0,0.0
2026-09-07 10:00:00,Feeder_1,False,1,0,0,0.0,0.0
2026-09-07 11:00:00,Feeder_1,False,1,0,0,0.0,0.0
2026-09-07 12:00:00,Feeder_1,False,0,0,0,0.0,0.0
2026-09-07 13:00:00,Feeder_1,True,1,0,0,0.0,0.0
2026-09-07 14:00:00,Feeder_1,False,1,0,0,0.0,0.0
2026-09-07 15:00:00,Feeder_1,True,1,0,0,0.0,1.0
2026-09-07 16:00:00,Feeder_1,True,1,0,0,0.0,1.0
2026-09-07 17:00:00,Feeder_1,True,1,1,0,0.0,0.0
2026-09-07 18:00:00,Feeder_1,True,0,0,0,0.0,0.0
2026-09-07 19:00:00,Feeder_1,False,0,0,0,0.0,0.0
2026-09-07 20:00:00,Feeder_1,False,0,0,0,0.0,0.0
2026-09-07 21:00:00,Feeder_1,False,0,0,0,19.8,0.0
2026-09-07 22:00:00,Feeder_1,False,0,0,0,23.87,0.0
2026-09-07 23:00:00,Feeder_1,False,0,0,0,17.23,0.0
2026-09-08 00:00:00,Feeder_1,False,0,0,0,10.81,0.0
2026-09-08 01:00:00,Feeder_1,False,0,0,0,10.45,0.0
2026-09-08 02:00:00,Feeder_1,False,0,0,0,11.35,0.0
2026-09-08 03:00:00,Feeder_1,False,0,0,0,12.87,0.0
2026-09-08 04:00:00,Feeder_1,False,0,0,0,12.08,0.0
2026-09-08 05:00:00,Feeder_1,False,0,0,0,13.56,0.0
2026-09-08 06:00:00,Feeder_1,False,0,0,0,13.9,1.0
2026-09-08 07:00:00,Feeder_1,False,0,0,0,9.2,1.0
2026-09-08 08:00:00,Feeder_1,False,1,1,0,0.22,1.0
2026-09-08 09:00:00,Feeder_1,False,1,1,0,0.0,0.0
2026-09-08 10:00:00,Feeder_1,False,1,0,0,0.0,0.0
2026-09-08 11:00:00,Feeder_1,False,1,0,0,0.0,0.0
2026-09-08 12:00:00,Feeder_1,False,0,0,0,0.0,0.0
2026-09-08 13:00:00,Feeder_1,False,0,0,0,0.0,0.0
2026-09-08 14:00:00,Feeder_1,True,1,0,0,0.0,1.0
2026-09-08 15:00:00,Feeder_1,True,1,0,0,0.0,1.0
2026-09-08 16:00:00,Feeder_1,True,1,1,0,0.0,1.0
2026-09-08 17:00:00,Feeder_1,True,1,1,0,0.0,0.0
2026-09-08 18:00:00,Feeder_1,True,0,0,0,0.0,0.0
2026-09-08 19:00:00,Feeder_1,False,0,0,0,0.0,0.0
2026-09-08 20:00:00,Feeder_1,False,0,0,0,0.0,0.0
2026-09-08 21:00:00,Feeder_1,False,0,0,0,25.37,0.0
2026-09-08 22:00:00,Feeder_1,False,0,0,0,22.97,0.0
2026-09-08 23:00:00,Feeder_1,False,0,0,0,13.07,0.0
2026-09-09 00:00:00,Feeder_1,False,0,0,0,9.48,0.0
2026-09-09 01:00:00,Feeder_1,False,0,0,0,11.08,0.0
2026-09-09 02:00:00,Feeder_1,False,0,0,0,11.98,0.0
2026-09-09 03:00:00,Feeder_1,False,0,0,0,10.46,0.0
2026-09-09 04:00:00,Feeder_1,False,0,0,0,12.04,0.0
2026-09-09 05:00:00,Feeder_1,False,0,0,0,13.24,0.0
2026-09-09 06:00:00,Feeder_1,False,0,0,0,14.64,1.0
2026-09-09 07:00:00,Feeder_1,False,0,0,0,8.41,1.0
2026-09-09 08:00:00,Feeder_1,False,1,1,0,0.56,1.0
2026-09-09 09:00:00,Feeder_1,False,1,1,0,0.0,0.0
2026-09-09 10:00:00,Feeder_1,False,1,0,0,0.0,0.0
2026-09-09 11:00:00,Feeder_1,False,1,0,0,0.0,0.0
2026-09-09 12:00:00,Feeder_1,False,1,0,0,0.0,0.0
2026-09-09 13:00:00,Feeder_1,False,0,0,0,0.0,0.0
2026-09-09 14:00:00,Feeder_1,True,0,0,0,0.0,0.0
2026-09-09 15:00:00,Feeder_1,True,1,0,0,0.0,1.0
2026-09-09 16:00:00,Feeder_1,True,1,0,0,0.0,1.0
2026-09-09 17:00:00,Feeder_1,True,1,1,0,0.0,0.0
2026-09-09 18:00:00,Feeder_1,True,0,0,0,0.0,0.0
2026-09-09 19:00:00,Feeder_1,False,0,0,0,0.0,0.0
2026-09-09 20:00:00,Feeder_1,False,0,0,0,9.35,0.0
2026-09-09 21:00:00,Feeder_1,False,0,0,0,31.98,0.0
2026-09-09 22:00:00,Feeder_1,False,0,0,0,22.12,0.0
2026-09-09 23:00:00,Feeder_1,False,0,0,0,16.3,0.0
2026-09-10 00:00:00,Feeder_1,False,0,0,0,14.47,0.0
2026-09-10 01:00:00,Feeder_1,False,0,0,0,10.04,0.0
2026-09-10 02:00:00,Feeder_1,False,0,0,0,11.72,0.0
2026-09-10 03:00:00,Feeder_1,False,0,0,0,11.52,0.0
2026-09-10 04:00:00,Feeder_1,False,0,0,0,11.89,0.0
2026-09-10 05:00:00,Feeder_1,False,0,0,0,12.9,0.0
2026-09-10 06:00:00,Feeder_1,False,0,0,0,11.07,1.0
2026-09-10 07:00:00,Feeder_1,False,0,0,0,3.23,1.0
2026-09-10 08:00:00,Feeder_1,False,1,1,0,0.0,1.0
2026-09-10 09:00:00,Feeder_1,False,1,1,0,0.0,0.0
2026-09-10 10:00:00,Feeder_1,False,1,0,0,0.0,0.0
2026-09-10 11:00:00,Feeder_1,False,1,0,0,0.0,0.0
2026-09-10 12:00:00,Feeder_1,False,1,0,0,0.0,0.0
2026-09-10 13:00:00,Feeder_1,False,0,0,0,0.0,0.0
2026-09-10 14:00:00,Feeder_1,True,0,0,0,0.0,1.0
2026-09-10 15:00:00,Feeder_1,True,1,0,0,0.0,1.0
2026-09-10 16:00:00,Feeder_1,True,1,1,0,0.0,1.0
2026-09-10 17:00:00,Feeder_1,True,1,1,0,0.0,0.0
2026-09-10 18:00:00,Feeder_1,True,0,0,0,0.0,0.0
2026-09-10 19:00:00,Feeder_1,False,0,0,0,0.0,0.0
2026-09-10 20:00:00,Feeder_1,False,0,0,0,0.0,0.0
2026-09-10 21:00:00,Feeder_1,False,0,0,0,21.78,0.0
2026-09-10 22:00:00,Feeder_1,False,0,0,0,22.66,0.0
2026-09-10 23:00:00,Feeder_1,False,0,0,0,16.3,0.0
2026-09-11 00:00:00,Feeder_1,False,0,0,0,9.68,0.0
2026-09-11 01:00:00,Feeder_1,False,0,0,0,11.42,0.0
2026-09-11 02:00:00,Feeder_1,False,0,0,0,10.9,0.0
2026-09-11 03:00:00,Feeder_1,False,0,0,0,10.27,0.0
2026-09-11 04:00:00,Feeder_1,False,0,0,0,13.48,0.0
2026-09-11 05:00:00,Feeder_1,False,0,0,0,14.21,0.0
2026-09-11 06:00:00,Feeder_1,False,0,0,0,12.29,1.0
2026-09-11 07:00:00,Feeder_1,False,0,0,0,8.35,1.0
2026-09-11 08:00:00,Feeder_1,False,1,1,0,0.0,1.0
2026-09-11 09:00:00,Feeder_1,False,1,1,0,0.0,0.0
2026-09-11 10:00:00,Feeder_1,False,1,0,0,0.0,0.0
2026-09-11 11:00:00,Feeder_1,False,1,0,0,0.0,0.0
2026-09-11 12:00:00,Feeder_1,False,0,0,0,0.0,0.0
2026-09-11 13:00:00,Feeder_1,False,0,0,0,0.0,0.0
2026-09-11 14:00:00,Feeder_1,True,1,0,0,0.0,1.0
2026-09-11 15:00:00,Feeder_1,True,1,0,0,0.0,1.0
2026-09-11 16:00:00,Feeder_1,True,1,1,0,0.0,1.0
2026-09-11 17:00:00,Feeder_1,True,1,1,0,0.0,0.0
2026-09-11 18:00:00,Feeder_1,True,0,0,0,0.0,0.0
2026-09-11 19:00:00,Feeder_1,False,0,0,0,0.0,0.0
2026-09-11 20:00:00,Feeder_1,False,0,0,0,14.19,0.0
2026-09-11 21:00:00,Feeder_1,False,0,0,0,31.1,0.0
2026-09-11 22:00:00,Feeder_1,False,0,0,0,22.37,0.0
2026-09-11 23:00:00,Feeder_1,False,0,0,0,16.7,0.0
2026-09-12 00:00:00,Feeder_1,False,0,0,0,10.08,0.0
2026-09-12 01:00:00,Feeder_1,False,0,0,0,12.72,0.0
2026-09-12 02:00:00,Feeder_1,False,0,0,0,13.11,0.0
2026-09-12 03:00:00,Feeder_1,False,0,0,0,11.05,0.0
2026-09-12 04:00:00,Feeder_1,False,0,0,0,12.26,0.0
2026-09-12 05:00:00,Feeder_1,False,0,0,0,11.4,0.0
2026-09-12 06:00:00,Feeder_1,False,0,0,0,17.22,1.0
2026-09-12 07:00:00,Feeder_1,False,0,0,0,4.1,1.0
2026-09-12 08:00:00,Feeder_1,False,1,1,0,0.0,1.0
2026-09-12 09:00:00,Feeder_1,False,1,1,0,0.0,0.0
2026-09-12 10:00:00,Feeder_1,False,1,0,0,0.0,0.0
2026-09-12 11:00:00,Feeder_1,False,1,0,0,0.0,0.0
2026-09-12 12:00:00,Feeder_1,False,0,0,0,0.0,0.0
2026-09-12 13:00:00,Feeder_1,False,0,0,0,0.0,0.0
2026-09-12 14:00:00,Feeder_1,False,1,0,0,0.0,0.0
2026-09-12 15:00:00,Feeder_1,True,1,0,0,0.0,1.0
2026-09-12 16:00:00,Feeder_1,True,1,0,0,0.0,1.0
2026-09-12 17:00:00,Feeder_1,True,1,1,0,0.0,0.0
2026-09-12 18:00:00,Feeder_1,True,0,0,0,0.0,0.0
2026-09-12 19:00:00,Feeder_1,False,0,0,0,0.0,0.0
2026-09-12 20:00:00,Feeder_1,False,0,0,0,0.0,0.0
2026-09-12 21:00:00,Feeder_1,False,0,0,0,28.07,0.0
2026-09-12 22:00:00,Feeder_1,False,0,0,0,22.79,0.0
2026-09-12 23:00:00,Feeder_1,False,0,0,0,19.08,0.0
2026-09-13 00:00:00,Feeder_1,False,0,0,0,12.13,0.0
2026-09-13 01:00:00,Feeder_1,False,0,0,0,14.72,0.0
2026-09-13 02:00:00,Feeder_1,False,0,0,0,9.64,0.0
2026-09-13 03:00:00,Feeder_1,False,0,0,0,14.43,0.0
2026-09-13 04:00:00,Feeder_1,False,0,0,0,11.91,0.0
2026-09-13 05:00:00,Feeder_1,False,0,0,0,11.95,0.0
2026-09-13 06:00:00,Feeder_1,False,0,0,0,16.07,1.0
2026-09-13 07:00:00,Feeder_1,False,0,0,0,5.79,1.0
2026-09-13 08:00:00,Feeder_1,False,1,1,0,0.57,1.0
2026-09-13 09:00:00,Feeder_1,False,1,1,0,0.0,0.0
2026-09-13 10:00:00,Feeder_1,False,1,0,0,0.0,0.0
2026-09-13 11:00:00,Feeder_1,False,1,0,0,0.0,0.0
2026-09-13 12:00:00,Feeder_1,False,0,0,0,0.0,0.0
2026-09-13 13:00:00,Feeder_1,False,0,0,0,0.0,0.0
2026-09-13 14:00:00,Feeder_1,True,1,0,0,0.0,1.0
2026-09-13 15:00:00,Feeder_1,True,1,0,0,0.0,1.0
2026-09-13 16:00:00,Feeder_1,True,1,1,0,0.0,1.0
2026-09-13 17:00:00,Feeder_1,True,1,1,0,0.0,0.0
2026-09-13 18:00:00,Feeder_1,True,0,0,0,0.0,0.0
2026-09-13 19:00:00,Feeder_1,False,0,0,0,0.0,0.0
2026-09-13 20:00:00,Feeder_1,False,0,0,0,11.42,0.0
2026-09-13 21:00:00,Feeder_1,False,0,0,0,29.38,0.0
2026-09-13 22:00:00,Feeder_1,False,0,0,0,20.31,0.0
2026-09-13 23:00:00,Feeder_1,False,0,0,0,15.63,0.0
2026-09-14 00:00:00,Feeder_1,False,0,0,0,12.07,0.0
2026-09-14 01:00:00,Feeder_1,False,0,0,0,13.01,0.0
2026-09-14 02:00:00,Feeder_1,False,0,0,0,14.47,0.0
2026-09-14 03:00:00,Feeder_1,False,0,0,0,10.7,0.0
2026-09-14 04:00:00,Feeder_1,False,0,0,0,11.57,0.0
2026-09-14 05:00:00,Feeder_1,False,0,0,0,14.91,0.0
2026-09-14 06:00:00,Feeder_1,False,0,0,0,15.56,1.0
2026-09-14 07:00:00,Feeder_1,False,0,0,0,7.0,1.0
2026-09-14 08:00:00,Feeder_1,False,1,1,0,0.0,1.0
2026-09-14 09:00:00,Feeder_1,False,1,1,0,0.0,0.0
2026-09-14 10:00:00,Feeder_1,False,1,0,0,0.0,0.0
2026-09-14 11:00:00,Feeder_1,False,1,0,0,0.0,0.0
2026-09-14 12:00:00,Feeder_1,False,0,0,0,0.0,0.0
2026-09-14 13:00:00,Feeder_1,True,1,0,0,0.0,0.0
2026-09-14 14:00:00,Feeder_1,True,1,0,0,0.0,1.0
2026-09-14 15:00:00,Feeder_1,False,1,0,0,0.0,1.0
2026-09-14 16:00:00,Feeder_1,True,1,1,0,0.0,1.0
2026-09-14 17:00:00,Feeder_1,True,1,1,0,0.0,0.0
2026-09-14 18:00:00,Feeder_1,True,0,0,0,0.0,0.0
2026-09-14 19:00:00,Feeder_1,False,0,0,0,0.0,0.0
2026-09-14 20:00:00,Feeder_1,False,0,0,0,0.0,0.0
2026-09-14 21:00:00,Feeder_1,False,0,0,0,29.79,0.0
2026-09-14 22:00:00,Feeder_1,False,0,0,0,23.53,0.0
2026-09-14 23:00:00,Feeder_1,False,0,0,0,17.34,0.0
2026-09-15 00:00:00,Feeder_1,False,0,0,0,13.67,0.0
2026-09-15 01:00:00,Feeder_1,False,0,0,0,10.67,0.0
2026-09-15 02:00:00,Feeder_1,False,0,0,0,10.73,0.0
2026-09-15 03:00:00,Feeder_1,False,0,0,0,12.37,0.0
2026-09-15 04:00:00,Feeder_1,False,0,0,0,11.9,0.0
2026-09-15 05:00:00,Feeder_1,False,0,0,0,13.4,0.0
2026-09-15 06:00:00,Feeder_1,False,0,0,0,15.97,1.0
2026-09-15 07:00:00,Feeder_1,False,0,0,0,5.42,1.0
2026-09-15 08:00:00,Feeder_1,False,1,1,0,0.0,1.0
2026-09-15 09:00:00,Feeder_1,False,1,1,0,0.0,0.0
2026-09-15 10:00:00,Feeder_1,False,1,0,0,0.0,0.0
2026-09-15 11:00:00,Feeder_1,False,1,0,0,0.0,0.0
2026-09-15 12:00:00,Feeder_1,False,1,0,0,0.0,0.0
2026-09-15 13:00:00,Feeder_1,False,1,0,0,0.0,0.0
2026-09-15 14:00:00,Feeder_1,False,1,0,0,0.0,1.0
2026-09-15 15:00:00,Feeder_1,True,1,0,0,0.0,1.0
2026-09-15 16:00:00,Feeder_1,True,1,1,0,0.0,1.0
2026-09-15 17:00:00,Feeder_1,True,1,1,0,0.0,0.0
2026-09-15 18:00:00,Feeder_1,True,0,0,0,0.0,0.0
2026-09-15 19:00:00,Feeder_1,False,0,0,0,0.0,0.0
2026-09-15 20:00:00,Feeder_1,False,0,0,0,0.0,0.0
2026-09-15 21:00:00,Feeder_1,False,0,0,0,6.1,0.0
2026-09-15 22:00:00,Feeder_1,False,0,0,0,20.15,0.0
2026-09-15 23:00:00,Feeder_1,False,0,0,0,17.66,0.0
2026-09-16 00:00:00,Feeder_1,False,0,0,0,11.22,0.0
2026-09-16 01:00:00,Feeder_1,False,0,0,0,12.35,0.0
2026-09-16 02:00:00,Feeder_1,False,0,0,0,11.32,0.0
2026-09-16 03:00:00,Feeder_1,False,0,0,0,11.68,0.0
2026-09-16 04:00:00,Feeder_1,False,0,0,0,13.03,0.0
2026-09-16 05:00:00,Feeder_1,False,0,0,0,9.74,0.0
2026-09-16 06:00:00,Feeder_1,False,0,0,0,16.54,1.0
2026-09-16 07:00:00,Feeder_1,False,0,0,0,10.68,1.0
2026-09-16 08:00:00,Feeder_1,False,1,1,0,0.17,1.0
2026-09-16 09:00:00,Feeder_1,False,1,1,0,0.0,0.0
2026-09-16 10:00:00,Feeder_1,False,1,0,0,0.0,0.0
2026-09-16 11:00:00,Feeder_1,False,1,0,0,0.0,0.0
2026-09-16 12:00:00,Feeder_1,False,0,0,0,0.0,0.0
2026-09-16 13:00:00,Feeder_1,False,0,0,0,0.0,0.0
2026-09-16 14:00:00,Feeder_1,True,1,0,0,0.0,1.0
2026-09-16 15:00:00,Feeder_1,True,1,0,0,0.0,1.0
2026-09-16 16:00:00,Feeder_1,True,1,1,0,0.0,1.0
2026-09-16 17:00:00,Feeder_1,True,1,1,0,0.0,0.0
2026-09-16 18:00:00,Feeder_1,True,0,0,0,0.0,0.0
2026-09-16 19:00:00,Feeder_1,False,0,0,0,0.0,0.0
2026-09-16 20:00:00,Feeder_1,False,0,0,0,0.0,0.0
2026-09-16 21:00:00,Feeder_1,False,0,0,0,24.62,0.0
2026-09-16 22:00:00,Feeder_1,False,0,0,0,24.88,0.0
2026-09-16 23:00:00,Feeder_1,False,0,0,0,13.16,0.0
2026-09-17 00:00:00,Feeder_1,False,0,0,0,14.17,0.0
2026-09-17 01:00:00,Feeder_1,False,0,0,0,15.08,0.0
2026-09-17 02:00:00,Feeder_1,False,0,0,0,7.96,0.0
2026-09-17 03:00:00,Feeder_1,False,0,0,0,9.27,0.0
2026-09-17 04:00:00,Feeder_1,False,0,0,0,14.01,0.0
2026-09-17 05:00:00,Feeder_1,False,0,0,0,14.02,0.0
2026-09-17 06:00:00,Feeder_1,False,0,0,0,15.2,1.0
2026-09-17 07:00:00,Feeder_1,False,0,0,0,5.98,1.0
2026-09-17 08:00:00,Feeder_1,False,1,1,1,2.91,1.0
2026-09-17 09:00:00,Feeder_1,False,1,1,0,0.0,0.0
2026-09-17 10:00:00,Feeder_1,False,1,0,0,0.0,0.0
2026-09-17 11:00:00,Feeder_1,False,1,0,0,0.0,0.0
2026-09-17 12:00:00,Feeder_1,False,0,0,0,0.0,0.0
2026-09-17 13:00:00,Feeder_1,False,1,0,0,0.0,0.0
2026-09-17 14:00:00,Feeder_1,True,1,0,0,0.0,1.0
2026-09-17 15:00:00,Feeder_1,False,1,0,0,0.0,1.0
2026-09-17 16:00:00,Feeder_1,True,1,1,0,0.0,1.0
2026-09-17 17:00:00,Feeder_1,True,1,1,0,0.0,0.0
2026-09-17 18:00:00,Feeder_1,True,0,0,0,0.0,0.0
2026-09-17 19:00:00,Feeder_1,False,0,0,0,0.0,0.0
2026-09-17 20:00:00,Feeder_1,False,0,0,0,1.13,0.0
2026-09-17 21:00:00,Feeder_1,False,0,0,0,29.89,0.0
2026-09-17 22:00:00,Feeder_1,False,0,0,0,20.7,0.0
2026-09-17 23:00:00,Feeder_1,False,0,0,0,17.0,0.0
2026-09-18 00:00:00,Feeder_1,False,0,0,0,11.77,0.0
2026-09-18 01:00:00,Feeder_1,False,0,0,0,15.02,0.0
2026-09-18 02:00:00,Feeder_1,False,0,0,0,11.57,0.0
2026-09-18 03:00:00,Feeder_1,False,0,0,0,14.2,0.0
2026-09-18 04:00:00,Feeder_1,False,0,0,0,12.79,0.0
2026-09-18 05:00:00,Feeder_1,False,0,0,0,12.44,0.0
2026-09-18 06:00:00,Feeder_1,False,0,0,0,14.08,1.0
2026-09-18 07:00:00,Feeder_1,False,0,0,0,7.09,1.0
2026-09-18 08:00:00,Feeder_1,False,1,1,0,0.0,1.0
2026-09-18 09:00:00,Feeder_1,False,1,1,0,0.0,0.0
2026-09-18 10:00:00,Feeder_1,False,1,0,0,0.0,0.0
2026-09-18 11:00:00,Feeder_1,False,1,0,0,0.0,0.0
2026-09-18 12:00:00,Feeder_1,False,0,0,0,0.0,0.0
2026-09-18 13:00:00,Feeder_1,False,0,0,0,0.0,0.0
2026-09-18 14:00:00,Feeder_1,True,0,0,0,0.0,1.0
2026-09-18 15:00:00,Feeder_1,True,1,0,0,0.0,1.0
2026-09-18 16:00:00,Feeder_1,True,1,1,0,0.0,1.0
2026-09-18 17:00:00,Feeder_1,True,1,1,0,0.0,0.0
2026-09-18 18:00:00,Feeder_1,True,0,0,0,0.0,0.0
2026-09-18 19:00:00,Feeder_1,False,0,0,0,0.0,0.0
2026-09-18 20:00:00,Feeder_1,False,0,0,0,15.98,0.0
2026-09-18 21:00:00,Feeder_1,False,0,0,0,26.24,0.0
2026-09-18 22:00:00,Feeder_1,False,0,0,0,22.47,0.0
2026-09-18 23:00:00,Feeder_1,False,0,0,0,16.24,0.0
2026-09-19 00:00:00,Feeder_1,False,0,0,0,12.1,0.0
2026-09-19 01:00:00,Feeder_1,False,0,0,0,13.19,0.0
2026-09-19 02:00:00,Feeder_1,False,0,0,0,12.51,0.0
2026-09-19 03:00:00,Feeder_1,False,0,0,0,11.72,0.0
2026-09-19 04:00:00,Feeder_1,False,0,0,0,11.9,0.0
2026-09-19 05:00:00,Feeder_1,False,0,0,0,13.58,0.0
2026-09-19 06:00:00,Feeder_1,False,0,0,0,13.45,1.0
2026-09-19 07:00:00,Feeder_1,False,0,0,0,6.5,1.0
2026-09-19 08:00:00,Feeder_1,False,1,1,0,0.0,1.0
2026-09-19 09:00:00,Feeder_1,False,1,1,0,0.0,0.0
2026-09-19 10:00:00,Feeder_1,False,1,0,0,0.0,0.0
2026-09-19 11:00:00,Feeder_1,False,1,0,0,0.0,0.0
2026-09-19 12:00:00,Feeder_1,False,0,0,0,0.0,0.0
2026-09-19 13:00:00,Feeder_1,False,0,0,0,0.0,0.0
2026-09-19 14:00:00,Feeder_1,True,1,0,0,0.0,0.0
2026-09-19 15:00:00,Feeder_1,True,1,0,0,0.0,1.0
2026-09-19 16:00:00,Feeder_1,True,1,0,0,0.0,1.0
2026-09-19 17:00:00,Feeder_1,True,1,1,0,0.0,0.0
2026-09-19 18:00:00,Feeder_1,True,0,0,0,0.0,0.0
2026-09-19 19:00:00,Feeder_1,False,0,0,0,0.0,0.0
2026-09-19 20:00:00,Feeder_1,False,0,0,0,0.0,0.0
2026-09-19 21:00:00,Feeder_1,False,0,0,0,14.92,0.0
2026-09-19 22:00:00,Feeder_1,False,0,0,0,24.28,0.0
2026-09-19 23:00:00,Feeder_1,False,0,0,0,14.99,0.0
2026-09-20 00:00:00,Feeder_1,False,0,0,0,11.44,0.0
2026-09-20 01:00:00,Feeder_1,False,0,0,0,9.28,0.0
2026-09-20 02:00:00,Feeder_1,False,0,0,0,10.7,0.0
2026-09-20 03:00:00,Feeder_1,False,0,0,0,14.48,0.0
2026-09-20 04:00:00,Feeder_1,False,0,0,0,15.17,0.0
2026-09-20 05:00:00,Feeder_1,False,0,0,0,13.19,0.0
2026-09-20 06:00:00,Feeder_1,False,0,0,0,15.1,1.0
2026-09-20 07:00:00,Feeder_1,False,0,0,0,6.49,1.0
2026-09-20 08:00:00,Feeder_1,False,1,1,0,0.0,1.0
2026-09-20 09:00:00,Feeder_1,False,1,1,0,0.0,0.0
2026-09-20 10:00:00,Feeder_1,False,1,0,0,0.0,0.0
2026-09-20 11:00:00,Feeder_1,False,1,0,0,0.0,0.0
2026-09-20 12:00:00,Feeder_1,False,0,0,0,0.0,0.0
2026-09-20 13:00:00,Feeder_1,False,0,0,0,0.0,0.0
2026-09-20 14:00:00,Feeder_1,True,1,0,0,0.0,1.0
2026-09-20 15:00:00,Feeder_1,True,1,0,0,0.0,1.0
2026-09-20 16:00:00,Feeder_1,True,1,1,0,0.0,1.0
2026-09-20 17:00:00,Feeder_1,True,1,1,0,0.0,0.0
2026-09-20 18:00:00,Feeder_1,True,0,0,0,0.0,0.0
2026-09-20 19:00:00,Feeder_1,False,0,0,0,0.0,0.0
2026-09-20 20:00:00,Feeder_1,False,0,0,0,4.12,0.0
2026-09-20 21:00:00,Feeder_1,False,0,0,0,28.6,0.0
2026-09-20 22:00:00,Feeder_1,False,0,0,0,22.11,0.0
2026-09-20 23:00:00,Feeder_1,False,0,0,0,17.49,0.0
2026-09-21 00:00:00,Feeder_1,False,0,0,0,11.97,0.0
2026-09-21 01:00:00,Feeder_1,False,0,0,0,10.72,0.0
2026-09-21 02:00:00,Feeder_1,False,0,0,0,13.56,0.0
2026-09-21 03:00:00,Feeder_1,False,0,0,0,14.29,0.0
2026-09-21 04:00:00,Feeder_1,False,0,0,0,12.78,0.0
2026-09-21 05:00:00,Feeder_1,False,0,0,0,13.31,0.0
2026-09-21 06:00:00,Feeder_1,False,0,0,0,14.84,1.0
2026-09-21 07:00:00,Feeder_1,False,0,0,0,6.96,1.0
2026-09-21 08:00:00,Feeder_1,False,1,1,1,3.57,1.0
2026-09-21 09:00:00,Feeder_1,False,1,1,0,0.0,0.0
2026-09-21 10:00:00,Feeder_1,False,1,0,0,0.0,0.0
2026-09-21 11:00:00,Feeder_1,False,1,0,0,0.0,0.0
2026-09-21 12:00:00,Feeder_1,False,0,0,0,0.0,0.0
2026-09-21 13:00:00,Feeder_1,False,0,0,0,0.0,0.0
2026-09-21 14:00:00,Feeder_1,True,0,0,0,0.0,1.0
2026-09-21 15:00:00,Feeder_1,True,1,0,0,0.0,1.0
2026-09-21 16:00:00,Feeder_1,True,1,1,0,0.0,1.0
2026-09-21 17:00:00,Feeder_1,True,1,1,0,0.0,0.0
2026-09-21 18:00:00,Feeder_1,True,0,0,0,0.0,0.0
2026-09-21 19:00:00,Feeder_1,False,0,0,0,0.0,0.0
2026-09-21 20:00:00,Feeder_1,False,0,0,0,16.95,0.0
2026-09-21 21:00:00,Feeder_1,False,0,0,0,28.79,0.0
2026-09-21 22:00:00,Feeder_1,False,0,0,0,22.61,0.0
2026-09-21 23:00:00,Feeder_1,False,0,0,0,16.1,0.0
2026-09-22 00:00:00,Feeder_1,False,0,0,0,11.57,0.0
2026-09-22 01:00:00,Feeder_1,False,0,0,0,12.65,0.0
2026-09-22 02:00:00,Feeder_1,False,0,0,0,13.54,0.0
2026-09-22 03:00:00,Feeder_1,False,0,0,0,10.3,0.0
2026-09-22 04:00:00,Feeder_1,False,0,0,0,14.76,0.0
2026-09-22 05:00:00,Feeder_1,False,0,0,0,11.06,0.0
2026-09-22 06:00:00,Feeder_1,False,0,0,0,15.53,1.0
2026-09-22 07:00:00,Feeder_1,False,0,0,0,4.15,1.0
2026-09-22 08:00:00,Feeder_1,False,1,1,0,0.0,1.0
2026-09-22 09:00:00,Feeder_1,False,1,1,1,3.78,0.0
2026-09-22 10:00:00,Feeder_1,False,1,0,0,0.0,0.0
2026-09-22 11:00:00,Feeder_1,False,1,0,0,0.0,0.0
2026-09-22 12:00:00,Feeder_1,False,0,0,0,0.0,0.0
2026-09-22 13:00:00,Feeder_1,False,0,0,0,0.0,0.0
2026-09-22 14:00:00,Feeder_1,True,1,0,0,0.0,0.0
2026-09-22 15:00:00,Feeder_1,True,1,0,0,0.0,1.0
2026-09-22 16:00:00,Feeder_1,True,1,0,0,0.0,1.0
2026-09-22 17:00:00,Feeder_1,True,1,1,0,0.0,0.0
2026-09-22 18:00:00,Feeder_1,True,0,0,0,0.0,0.0
2026-09-22 19:00:00,Feeder_1,False,0,0,0,0.0,0.0
2026-09-22 20:00:00,Feeder_1,False,0,0,0,10.36,0.0
2026-09-22 21:00:00,Feeder_1,False,0,0,0,31.22,0.0
2026-09-22 22:00:00,Feeder_1,False,0,0,0,22.78,0.0
2026-09-22 23:00:00,Feeder_1,False,0,0,0,16.48,0.0
2026-09-23 00:00:00,Feeder_1,False,0,0,0,11.96,0.0
2026-09-23 01:00:00,Feeder_1,False,0,0,0,11.83,0.0
2026-09-23 02:00:00,Feeder_1,False,0,0,0,12.36,0.0
2026-09-23 03:00:00,Feeder_1,False,0,0,0,10.22,0.0
2026-09-23 04:00:00,Feeder_1,False,0,0,0,11.96,0.0
2026-09-23 05:00:00,Feeder_1,False,0,0,0,14.8,0.0
2026-09-23 06:00:00,Feeder_1,False,0,0,0,14.32,1.0
2026-09-23 07:00:00,Feeder_1,False,0,0,0,10.25,1.0
2026-09-23 08:00:00,Feeder_1,False,1,1,0,0.0,1.0
2026-09-23 09:00:00,Feeder_1,False,1,1,0,0.0,0.0
2026-09-23 10:00:00,Feeder_1,False,1,0,0,0.0,0.0
2026-09-23 11:00:00,Feeder_1,False,1,0,0,0.0,0.0
2026-09-23 12:00:00,Feeder_1,False,0,0,0,0.0,0.0
2026-09-23 13:00:00,Feeder_1,False,1,0,0,0.0,0.0
2026-09-23 14:00:00,Feeder_1,True,1,0,0,0.0,1.0
2026-09-23 15:00:00,Feeder_1,True,1,0,0,0.0,1.0
2026-09-23 16:00:00,Feeder_1,True,1,1,0,0.0,1.0
2026-09-23 17:00:00,Feeder_1,True,1,1,0,0.0,0.0
2026-09-23 18:00:00,Feeder_1,True,0,0,0,0.0,0.0
2026-09-23 19:00:00,Feeder_1,False,0,0,0,0.0,0.0
2026-09-23 20:00:00,Feeder_1,False,0,0,0,0.0,0.0
2026-09-23 21:00:00,Feeder_1,False,0,0,0,25.69,0.0
2026-09-23 22:00:00,Feeder_1,False,0,0,0,22.78,0.0
2026-09-23 23:00:00,Feeder_1,False,0,0,0,15.94,0.0
2026-09-24 00:00:00,Feeder_1,False,0,0,0,10.19,0.0
2026-09-24 01:00:00,Feeder_1,False,0,0,0,11.53,0.0
2026-09-24 02:00:00,Feeder_1,False,0,0,0,13.65,0.0
2026-09-24 03:00:00,Feeder_1,False,0,0,0,10.98,0.0
2026-09-24 04:00:00,Feeder_1,False,0,0,0,11.57,0.0
2026-09-24 05:00:00,Feeder_1,False,0,0,0,11.36,0.0
2026-09-24 06:00:00,Feeder_1,False,0,0,0,16.87,1.0
2026-09-24 07:00:00,Feeder_1,False,0,0,0,5.69,1.0
2026-09-24 08:00:00,Feeder_1,False,1,1,0,0.0,1.0
2026-09-24 09:00:00,Feeder_1,False,1,1,0,0.0,0.0
2026-09-24 10:00:00,Feeder_1,False,1,0,0,0.0,0.0
2026-09-24 11:00:00,Feeder_1,False,1,0,0,0.0,0.0
2026-09-24 12:00:00,Feeder_1,False,0,0,0,0.0,0.0
2026-09-24 13:00:00,Feeder_1,False,0,0,0,0.0,0.0
2026-09-24 14:00:00,Feeder_1,True,1,0,0,0.0,1.0
2026-09-24 15:00:00,Feeder_1,True,1,0,0,0.0,1.0
2026-09-24 16:00:00,Feeder_1,True,1,1,0,0.0,1.0
2026-09-24 17:00:00,Feeder_1,True,1,1,0,0.0,0.0
2026-09-24 18:00:00,Feeder_1,True,0,0,0,0.0,0.0
2026-09-24 19:00:00,Feeder_1,False,0,0,0,0.0,0.0
2026-09-24 20:00:00,Feeder_1,False,0,0,0,4.98,0.0
2026-09-24 21:00:00,Feeder_1,False,0,0,0,29.09,0.0
2026-09-24 22:00:00,Feeder_1,False,0,0,0,21.08,0.0
2026-09-24 23:00:00,Feeder_1,False,0,0,0,17.6,0.0
2026-09-25 00:00:00,Feeder_1,False,0,0,0,11.36,0.0
2026-09-25 01:00:00,Feeder_1,False,0,0,0,11.24,0.0
2026-09-25 02:00:00,Feeder_1,False,0,0,0,10.12,0.0
2026-09-25 03:00:00,Feeder_1,False,0,0,0,14.3,0.0
2026-09-25 04:00:00,Feeder_1,False,0,0,0,12.04,0.0
2026-09-25 05:00:00,Feeder_1,False,0,0,0,13.1,0.0
2026-09-25 06:00:00,Feeder_1,False,0,0,0,15.33,1.0
2026-09-25 07:00:00,Feeder_1,False,0,0,0,7.28,1.0
2026-09-25 08:00:00,Feeder_1,False,1,1,0,1.96,1.0
2026-09-25 09:00:00,Feeder_1,False,1,1,0,0.0,0.0
2026-09-25 10:00:00,Feeder_1,False,1,0,0,0.0,0.0
2026-09-25 11:00:00,Feeder_1,False,1,0,0,0.0,0.0
2026-09-25 12:00:00,Feeder_1,False,1,0,0,0.0,0.0
2026-09-25 13:00:00,Feeder_1,False,0,0,0,0.0,0.0
2026-09-25 14:00:00,Feeder_1,True,0,0,0,0.0,1.0
2026-09-25 15:00:00,Feeder_1,True,1,0,0,0.0,1.0
2026-09-25 16:00:00,Feeder_1,True,1,1,0,0.0,1.0
2026-09-25 17:00:00,Feeder_1,True,1,1,0,0.0,0.0
2026-09-25 18:00:00,Feeder_1,True,0,0,0,0.0,0.0
2026-09-25 19:00:00,Feeder_1,False,0,0,0,0.0,0.0
2026-09-25 20:00:00,Feeder_1,False,0,0,0,11.47,0.0
2026-09-25 21:00:00,Feeder_1,False,0,0,0,30.49,0.0
2026-09-25 22:00:00,Feeder_1,False,0,0,0,22.0,0.0
2026-09-25 23:00:00,Feeder_1,False,0,0,0,16.42,0.0
2026-09-26 00:00:00,Feeder_1,False,0,0,0,10.64,0.0
2026-09-26 01:00:00,Feeder_1,False,0,0,0,9.32,0.0
2026-09-26 02:00:00,Feeder_1,False,0,0,0,9.33,0.0
2026-09-26 03:00:00,Feeder_1,False,0,0,0,11.96,0.0
2026-09-26 04:00:00,Feeder_1,False,0,0,0,11.53,0.0
2026-09-26 05:00:00,Feeder_1,False,0,0,0,11.66,0.0
2026-09-26 06:00:00,Feeder_1,False,0,0,0,14.85,1.0
2026-09-26 07:00:00,Feeder_1,False,0,0,0,5.34,1.0
2026-09-26 08:00:00,Feeder_1,False,1,1,0,0.0,1.0
2026-09-26 09:00:00,Feeder_1,False,1,1,0,0.0,0.0
2026-09-26 10:00:00,Feeder_1,False,1,0,0,0.0,0.0
2026-09-26 11:00:00,Feeder_1,False,1,0,0,0.0,0.0
2026-09-26 12:00:00,Feeder_1,False,1,0,0,0.0,0.0
2026-09-26 13:00:00,Feeder_1,False,0,0,0,0.0,0.0
2026-09-26 14:00:00,Feeder_1,True,1,0,0,0.0,0.0
2026-09-26 15:00:00,Feeder_1,True,1,0,0,0.0,1.0
2026-09-26 16:00:00,Feeder_1,True,1,0,0,0.0,1.0
2026-09-26 17:00:00,Feeder_1,True,1,1,0,0.0,0.0
2026-09-26 18:00:00,Feeder_1,True,0,0,0,0.0,0.0
2026-09-26 19:00:00,Feeder_1,False,0,0,0,0.0,0.0
2026-09-26 20:00:00,Feeder_1,False,0,0,0,0.0,0.0
2026-09-26 21:00:00,Feeder_1,False,0,0,0,21.41,0.0
2026-09-26 22:00:00,Feeder_1,False,0,0,0,20.84,0.0
2026-09-26 23:00:00,Feeder_1,False,0,0,0,16.06,0.0
2026-09-27 00:00:00,Feeder_1,False,0,0,0,13.67,0.0
2026-09-27 01:00:00,Feeder_1,False,0,0,0,11.39,0.0
2026-09-27 02:00:00,Feeder_1,False,0,0,0,13.15,0.0
2026-09-27 03:00:00,Feeder_1,False,0,0,0,10.85,0.0
2026-09-27 04:00:00,Feeder_1,False,0,0,0,10.72,0.0
2026-09-27 05:00:00,Feeder_1,False,0,0,0,12.72,0.0
2026-09-27 06:00:00,Feeder_1,False,0,0,0,14.39,1.0
2026-09-27 07:00:00,Feeder_1,False,0,0,0,5.93,1.0
2026-09-27 08:00:00,Feeder_1,False,1,1,0,0.98,1.0
2026-09-27 09:00:00,Feeder_1,False,1,1,0,0.0,0.0
2026-09-27 10:00:00,Feeder_1,False,1,0,0,0.0,0.0
2026-09-27 11:00:00,Feeder_1,False,1,0,0,0.0,0.0
2026-09-27 12:00:00,Feeder_1,False,1,0,0,0.0,0.0
2026-09-27 13:00:00,Feeder_1,False,0,0,0,0.0,0.0
2026-09-27 14:00:00,Feeder_1,True,1,0,0,0.0,1.0
2026-09-27 15:00:00,Feeder_1,True,1,0,0,0.0,1.0
2026-09-27 16:00:00,Feeder_1,True,1,1,0,0.0,1.0
2026-09-27 17:00:00,Feeder_1,True,1,1,0,0.0,0.0
2026-09-27 18:00:00,Feeder_1,True,0,0,0,0.0,0.0
2026-09-27 19:00:00,Feeder_1,False,0,0,0,0.0,0.0
2026-09-27 20:00:00,Feeder_1,False,0,0,0,7.0,0.0
2026-09-27 21:00:00,Feeder_1,False,0,0,0,30.18,0.0
2026-09-27 22:00:00,Feeder_1,False,0,0,0,22.94,0.0
2026-09-27 23:00:00,Feeder_1,False,0,0,0,15.87,0.0
2026-09-28 00:00:00,Feeder_1,False,0,0,0,12.26,0.0
2026-09-28 01:00:00,Feeder_1,False,0,0,0,11.62,0.0
2026-09-28 02:00:00,Feeder_1,False,0,0,0,10.34,0.0
2026-09-28 03:00:00,Feeder_1,False,0,0,0,13.8,0.0
2026-09-28 04:00:00,Feeder_1,False,0,0,0,13.52,0.0
2026-09-28 05:00:00,Feeder_1,False,0,0,0,13.17,0.0
2026-09-28 06:00:00,Feeder_1,False,0,0,0,15.88,1.0
2026-09-28 07:00:00,Feeder_1,False,0,0,0,6.09,1.0
2026-09-28 08:00:00,Feeder_1,False,1,1,0,0.82,1.0
2026-09-28 09:00:00,Feeder_1,False,1,1,1,4.21,0.0
2026-09-28 10:00:00,Feeder_1,False,1,0,0,0.0,0.0
2026-09-28 11:00:00,Feeder_1,False,1,0,0,0.0,0.0
2026-09-28 12:00:00,Feeder_1,False,1,0,0,0.0,0.0
2026-09-28 13:00:00,Feeder_1,False,0,0,0,0.0,0.0
2026-09-28 14:00:00,Feeder_1,True,0,0,0,0.0,1.0
2026-09-28 15:00:00,Feeder_1,True,1,0,0,0.0,1.0
2026-09-28 16:00:00,Feeder_1,True,1,1,0,0.0,1.0
2026-09-28 17:00:00,Feeder_1,True,1,1,0,0.0,0.0
2026-09-28 18:00:00,Feeder_1,True,0,0,0,0.0,0.0
2026-09-28 19:00:00,Feeder_1,False,0,0,0,0.0,0.0
2026-09-28 20:00:00,Feeder_1,False,0,0,0,17.08,0.0
2026-09-28 21:00:00,Feeder_1,False,0,0,0,30.88,0.0
2026-09-28 22:00:00,Feeder_1,False,0,0,0,21.33,0.0
2026-09-28 23:00:00,Feeder_1,False,0,0,0,16.09,0.0
2026-09-29 00:00:00,Feeder_1,False,0,0,0,12.65,0.0
2026-09-29 01:00:00,Feeder_1,False,0,0,0,12.11,0.0
2026-09-29 02:00:00,Feeder_1,False,0,0,0,7.18,0.0
2026-09-29 03:00:00,Feeder_1,False,0,0,0,13.6,0.0
2026-09-29 04:00:00,Feeder_1,False,0,0,0,13.15,0.0
2026-09-29 05:00:00,Feeder_1,False,0,0,0,13.5,0.0
2026-09-29 06:00:00,Feeder_1,False,0,0,0,15.64,1.0
2026-09-29 07:00:00,Feeder_1,False,0,0,0,4.46,1.0
2026-09-29 08:00:00,Feeder_1,False,1,1,0,0.59,1.0
2026-09-29 09:00:00,Feeder_1,False,1,1,0,0.0,0.0
2026-09-29 10:00:00,Feeder_1,False,1,0,0,0.0,0.0
2026-09-29 11:00:00,Feeder_1,False,1,0,0,0.0,0.0
2026-09-29 12:00:00,Feeder_1,False,0,0,0,0.0,0.0
2026-09-29 13:00:00,Feeder_1,False,1,0,0,0.0,0.0
2026-09-29 14:00:00,Feeder_1,True,1,0,0,0.0,0.0
2026-09-29 15:00:00,Feeder_1,True,1,0,0,0.0,1.0
2026-09-29 16:00:00,Feeder_1,True,1,0,0,0.0,1.0
2026-09-29 17:00:00,Feeder_1,True,1,1,0,0.0,0.0
2026-09-29 18:00:00,Feeder_1,True,0,0,0,0.0,0.0
2026-09-29 19:00:00,Feeder_1,False,0,0,0,0.0,0.0
2026-09-29 20:00:00,Feeder_1,False,0,0,0,0.0,0.0
2026-09-29 21:00:00,Feeder_1,False,0,0,0,14.15,0.0
2026-09-29 22:00:00,Feeder_1,False,0,0,0,21.65,0.0
2026-09-29 23:00:00,Feeder_1,False,0,0,0,16.16,0.0
2026-09-30 00:00:00,Feeder_1,False,0,0,0,12.19,0.0
2026-09-30 01:00:00,Feeder_1,False,0,0,0,9.99,0.0
2026-09-30 02:00:00,Feeder_1,False,0,0,0,12.71,0.0
2026-09-30 03:00:00,Feeder_1,False,0,0,0,12.97,0.0
2026-09-30 04:00:00,Feeder_1,False,0,0,0,10.63,0.0
2026-09-30 05:00:00,Feeder_1,False,0,0,0,15.2,0.0
2026-09-30 06:00:00,Feeder_1,False,0,0,0,14.56,1.0
2026-09-30 07:00:00,Feeder_1,False,0,0,0,6.06,1.0
2026-09-30 08:00:00,Feeder_1,False,1,1,0,0.37,1.0
2026-09-30 09:00:00,Feeder_1,False,1,1,0,0.0,1.0
2026-09-30 10:00:00,Feeder_1,False,1,1,0,0.0,0.0
2026-09-30 11:00:00,Feeder_1,False,1,0,0,0.0,0.0
2026-09-30 12:00:00,Feeder_1,False,0,0,0,0.0,0.0
2026-09-30 13:00:00,Feeder_1,False,0,0,0,0.0,0.0
2026-09-30 14:00:00,Feeder_1,True,1,0,0,0.0,0.0
2026-09-30 15:00:00,Feeder_1,True,1,0,0,0.0,1.0
2026-09-30 16:00:00,Feeder_1,True,1,0,0,0.0,1.0
2026-09-30 17:00:00,Feeder_1,True,1,1,0,0.0,0.0
2026-09-30 18:00:00,Feeder_1,True,0,0,0,0.0,0.0
2026-09-30 19:00:00,Feeder_1,False,0,0,0,0.0,0.0
2026-09-30 20:00:00,Feeder_1,False,0,0,0,20.36,0.0
2026-09-30 21:00:00,Feeder_1,False,0,0,0,29.82,0.0
2026-09-30 22:00:00,Feeder_1,False,0,0,0,21.92,0.0
2026-09-30 23:00:00,Feeder_1,False,0,0,0,17.22,0.0
2026-09-01 00:00:00,Feeder_2,False,0,0,0,0.0,0.0
2026-09-01 01:00:00,Feeder_2,False,0,0,0,0.0,0.0
2026-09-01 02:00:00,Feeder_2,False,0,0,0,0.0,0.0
2026-09-01 03:00:00,Feeder_2,False,0,0,0,0.0,0.0
2026-09-01 04:00:00,Feeder_2,False,0,0,0,0.0,0.0
2026-09-01 05:00:00,Feeder_2,False,0,0,0,0.0,0.0
2026-09-01 06:00:00,Feeder_2,False,0,0,0,0.0,1.0
2026-09-01 07:00:00,Feeder_2,False,0,0,0,0.0,1.0
2026-09-01 08:00:00,Feeder_2,False,1,1,0,0.0,1.0
2026-09-01 09:00:00,Feeder_2,False,1,1,0,0.0,1.0
2026-09-01 10:00:00,Feeder_2,False,1,1,0,0.0,0.0
2026-09-01 11:00:00,Feeder_2,False,1,0,0,0.0,0.0
2026-09-01 12:00:00,Feeder_2,False,0,0,0,0.0,0.0
2026-09-01 13:00:00,Feeder_2,False,0,0,0,0.0,0.0
2026-09-01 14:00:00,Feeder_2,True,0,0,0,0.0,0.0
2026-09-01 15:00:00,Feeder_2,True,1,0,0,0.0,1.0
2026-09-01 16:00:00,Feeder_2,True,1,0,0,0.0,1.0
2026-09-01 17:00:00,Feeder_2,True,1,1,0,0.0,0.0
2026-09-01 18:00:00,Feeder_2,True,0,0,0,0.0,0.0
2026-09-01 19:00:00,Feeder_2,False,0,0,0,0.0,0.0
2026-09-01 20:00:00,Feeder_2,False,0,0,0,0.0,0.0
2026-09-01 21:00:00,Feeder_2,False,0,0,0,21.21,0.0
2026-09-01 22:00:00,Feeder_2,False,0,0,0,24.48,0.0
2026-09-01 23:00:00,Feeder_2,False,0,0,0,22.37,0.0
2026-09-02 00:00:00,Feeder_2,False,0,0,0,14.68,0.0
2026-09-02 01:00:00,Feeder_2,False,0,0,0,15.07,0.0
2026-09-02 02:00:00,Feeder_2,False,0,0,0,16.66,0.0
2026-09-02 03:00:00,Feeder_2,False,0,0,0,14.19,0.0
2026-09-02 04:00:00,Feeder_2,False,0,0,0,15.38,0.0
2026-09-02 05:00:00,Feeder_2,False,0,0,0,18.92,0.0
2026-09-02 06:00:00,Feeder_2,False,0,0,0,17.67,1.0
2026-09-02 07:00:00,Feeder_2,False,0,0,0,9.03,1.0
2026-09-02 08:00:00,Feeder_2,False,1,1,0,0.0,1.0
2026-09-02 09:00:00,Feeder_2,False,1,1,0,0.0,0.0
2026-09-02 10:00:00,Feeder_2,False,1,0,0,0.0,0.0
2026-09-02 11:00:00,Feeder_2,False,1,0,0,0.0,0.0
2026-09-02 12:00:00,Feeder_2,False,1,0,0,0.0,0.0
2026-09-02 13:00:00,Feeder_2,False,0,0,0,0.0,0.0
2026-09-02 14:00:00,Feeder_2,True,1,0,0,0.0,1.0
2026-09-02 15:00:00,Feeder_2,True,1,0,0,0.0,1.0
2026-09-02 16:00:00,Feeder_2,True,1,1,0,0.0,1.0
2026-09-02 17:00:00,Feeder_2,True,1,1,0,0.0,0.0
2026-09-02 18:00:00,Feeder_2,True,0,0,0,0.0,0.0
2026-09-02 19:00:00,Feeder_2,False,0,0,0,0.0,0.0
2026-09-02 20:00:00,Feeder_2,False,0,0,0,17.21,0.0
2026-09-02 21:00:00,Feeder_2,False,0,0,0,36.38,0.0
2026-09-02 22:00:00,Feeder_2,False,0,0,0,28.86,0.0
2026-09-02 23:00:00,Feeder_2,False,0,0,0,21.56,0.0
2026-09-03 00:00:00,Feeder_2,False,0,0,0,17.41,0.0
2026-09-03 01:00:00,Feeder_2,False,0,0,0,17.83,0.0
2026-09-03 02:00:00,Feeder_2,False,0,0,0,16.85,0.0
2026-09-03 03:00:00,Feeder_2,False,0,0,0,17.17,0.0
2026-09-03 04:00:00,Feeder_2,False,0,0,0,15.89,0.0
2026-09-03 05:00:00,Feeder_2,False,0,0,0,18.71,0.0
2026-09-03 06:00:00,Feeder_2,False,0,0,0,19.84,1.0
2026-09-03 07:00:00,Feeder_2,False,0,0,0,7.89,1.0
2026-09-03 08:00:00,Feeder_2,False,1,1,0,0.0,1.0
2026-09-03 09:00:00,Feeder_2,False,1,1,0,0.0,0.0
2026-09-03 10:00:00,Feeder_2,False,1,0,0,0.0,0.0
2026-09-03 11:00:00,Feeder_2,False,1,0,0,0.0,0.0
2026-09-03 12:00:00,Feeder_2,False,0,0,0,0.0,0.0
2026-09-03 13:00:00,Feeder_2,False,1,0,0,0.0,0.0
2026-09-03 14:00:00,Feeder_2,True,1,0,0,0.0,1.0
2026-09-03 15:00:00,Feeder_2,True,1,0,0,0.0,1.0
2026-09-03 16:00:00,Feeder_2,True,1,1,0,0.0,1.0
2026-09-03 17:00:00,Feeder_2,True,1,1,0,0.0,0.0
2026-09-03 18:00:00,Feeder_2,True,0,0,0,0.0,0.0
2026-09-03 19:00:00,Feeder_2,False,0,0,0,0.0,0.0
2026-09-03 20:00:00,Feeder_2,False,0,0,0,11.12,0.0
2026-09-03 21:00:00,Feeder_2,False,0,0,0,36.13,0.0
2026-09-03 22:00:00,Feeder_2,False,0,0,0,27.52,0.0
2026-09-03 23:00:00,Feeder_2,False,0,0,0,23.36,0.0
2026-09-04 00:00:00,Feeder_2,False,0,0,0,15.88,0.0
2026-09-04 01:00:00,Feeder_2,False,0,0,0,15.07,0.0
2026-09-04 02:00:00,Feeder_2,False,0,0,0,16.55,0.0
2026-09-04 03:00:00,Feeder_2,False,0,0,0,15.15,0.0
2026-09-04 04:00:00,Feeder_2,False,0,0,0,13.96,0.0
2026-09-04 05:00:00,Feeder_2,False,0,0,0,16.57,0.0
2026-09-04 06:00:00,Feeder_2,False,0,0,0,18.46,1.0
2026-09-04 07:00:00,Feeder_2,False,0,0,0,10.5,1.0
2026-09-04 08:00:00,Feeder_2,False,1,1,0,0.88,1.0
2026-09-04 09:00:00,Feeder_2,False,1,1,0,0.0,0.0
2026-09-04 10:00:00,Feeder_2,False,1,0,0,0.0,0.0
2026-09-04 11:00:00,Feeder_2,False,1,0,0,0.0,0.0
2026-09-04 12:00:00,Feeder_2,False,1,0,0,0.0,0.0
2026-09-04 13:00:00,Feeder_2,False,0,0,0,0.0,0.0
2026-09-04 14:00:00,Feeder_2,True,1,0,0,0.0,1.0
2026-09-04 15:00:00,Feeder_2,True,1,0,0,0.0,1.0
2026-09-04 16:00:00,Feeder_2,True,1,1,0,0.0,1.0
2026-09-04 17:00:00,Feeder_2,True,1,1,0,0.0,0.0
2026-09-04 18:00:00,Feeder_2,True,0,0,0,0.0,0.0
2026-09-04 19:00:00,Feeder_2,False,0,0,0,0.0,0.0
2026-09-04 20:00:00,Feeder_2,False,0,0,0,18.95,0.0
2026-09-04 21:00:00,Feeder_2,False,0,0,0,36.35,0.0
2026-09-04 22:00:00,Feeder_2,False,0,0,0,26.53,0.0
2026-09-04 23:00:00,Feeder_2,False,0,0,0,20.83,0.0
2026-09-05 00:00:00,Feeder_2,False,0,0,0,15.13,0.0
2026-09-05 01:00:00,Feeder_2,False,0,0,0,15.43,0.0
2026-09-05 02:00:00,Feeder_2,False,0,0,0,15.64,0.0
2026-09-05 03:00:00,Feeder_2,False,0,0,0,17.24,0.0
2026-09-05 04:00:00,Feeder_2,False,0,0,0,17.45,0.0
2026-09-05 05:00:00,Feeder_2,False,0,0,0,18.88,0.0
2026-09-05 06:00:00,Feeder_2,False,0,0,0,20.87,1.0
2026-09-05 07:00:00,Feeder_2,False,0,0,0,12.47,1.0
2026-09-05 08:00:00,Feeder_2,False,1,1,1,2.31,1.0
2026-09-05 09:00:00,Feeder_2,False,1,1,0,0.0,0.0
2026-09-05 10:00:00,Feeder_2,False,1,0,0,0.0,0.0
2026-09-05 11:00:00,Feeder_2,False,1,0,0,0.0,0.0
2026-09-05 12:00:00,Feeder_2,False,0,0,0,0.0,0.0
2026-09-05 13:00:00,Feeder_2,False,0,0,0,0.0,0.0
2026-09-05 14:00:00,Feeder_2,True,0,0,0,0.0,1.0
2026-09-05 15:00:00,Feeder_2,True,1,0,0,0.0,1.0
2026-09-05 16:00:00,Feeder_2,True,1,1,0,0.0,1.0
2026-09-05 17:00:00,Feeder_2,True,1,1,0,0.0,0.0
2026-09-05 18:00:00,Feeder_2,True,0,0,0,0.0,0.0
2026-09-05 19:00:00,Feeder_2,False,0,0,0,0.0,0.0
2026-09-05 20:00:00,Feeder_2,False,0,0,0,25.32,0.0
2026-09-05 21:00:00,Feeder_2,False,0,0,0,33.89,0.0
2026-09-05 22:00:00,Feeder_2,False,0,0,0,27.41,0.0
2026-09-05 23:00:00,Feeder_2,False,0,0,0,19.91,0.0
2026-09-06 00:00:00,Feeder_2,False,0,0,0,17.05,0.0
2026-09-06 01:00:00,Feeder_2,False,0,0,0,17.23,0.0
2026-09-06 02:00:00,Feeder_2,False,0,0,0,19.59,0.0
2026-09-06 03:00:00,Feeder_2,False,0,0,0,15.15,0.0
2026-09-06 04:00:00,Feeder_2,False,0,0,0,16.1,0.0
2026-09-06 05:00:00,Feeder_2,False,0,0,0,18.92,0.0
2026-09-06 06:00:00,Feeder_2,False,0,0,0,18.78,1.0
2026-09-06 07:00:00,Feeder_2,False,0,0,0,10.4,1.0
2026-09-06 08:00:00,Feeder_2,False,1,1,0,0.0,1.0
2026-09-06 09:00:00,Feeder_2,False,1,1,0,0.0,1.0
2026-09-06 10:00:00,Feeder_2,False,1,1,0,0.0,1.0
2026-09-06 11:00:00,Feeder_2,True,1,1,0,0.0,1.0
2026-09-06 12:00:00,Feeder_2,False,1,1,1,2.76,1.0
2026-09-06 13:00:00,Feeder_2,False,1,1,1,20.44,1.0
2026-09-06 14:00:00,Feeder_2,True,1,1,1,20.53,1.0
2026-09-06 15:00:00,Feeder_2,False,1,0,0,0.0,1.0
2026-09-06 16:00:00,Feeder_2,True,1,1,1,2.72,1.0
2026-09-06 17:00:00,Feeder_2,True,1,1,1,14.12,0.0
2026-09-06 18:00:00,Feeder_2,True,0,0,0,29.48,0.0
2026-09-06 19:00:00,Feeder_2,False,0,0,0,36.91,0.0
2026-09-06 20:00:00,Feeder_2,False,0,0,0,37.42,0.0
2026-09-06 21:00:00,Feeder_2,False,0,0,0,33.34,0.0
2026-09-06 22:00:00,Feeder_2,False,0,0,0,26.08,0.0
2026-09-06 23:00:00,Feeder_2,False,0,0,0,20.5,0.0
2026-09-07 00:00:00,Feeder_2,False,0,0,0,17.77,0.0
2026-09-07 01:00:00,Feeder_2,False,0,0,0,16.82,0.0
2026-09-07 02:00:00,Feeder_2,False,0,0,0,13.69,0.0
2026-09-07 03:00:00,Feeder_2,False,0,0,0,14.75,0.0
2026-09-07 04:00:00,Feeder_2,False,0,0,0,15.83,0.0
2026-09-07 05:00:00,Feeder_2,False,0,0,0,19.45,0.0
2026-09-07 06:00:00,Feeder_2,False,0,0,0,19.54,1.0
2026-09-07 07:00:00,Feeder_2,False,0,0,0,9.53,1.0
2026-09-07 08:00:00,Feeder_2,False,1,1,1,2.43,1.0
2026-09-07 09:00:00,Feeder_2,False,1,1,0,0.0,0.0
2026-09-07 10:00:00,Feeder_2,False,1,0,0,0.0,0.0
2026-09-07 11:00:00,Feeder_2,False,1,0,0,0.0,0.0
2026-09-07 12:00:00,Feeder_2,False,0,0,0,0.0,0.0
2026-09-07 13:00:00,Feeder_2,False,0,0,0,0.0,0.0
2026-09-07 14:00:00,Feeder_2,True,0,0,0,0.0,0.0
2026-09-07 15:00:00,Feeder_2,True,1,0,0,0.0,1.0
2026-09-07 16:00:00,Feeder_2,True,1,0,0,0.0,1.0
2026-09-07 17:00:00,Feeder_2,True,1,1,0,0.0,0.0
2026-09-07 18:00:00,Feeder_2,True,0,0,0,0.0,0.0
2026-09-07 19:00:00,Feeder_2,False,0,0,0,0.0,0.0
2026-09-07 20:00:00,Feeder_2,False,0,0,0,10.81,0.0
2026-09-07 21:00:00,Feeder_2,False,0,0,0,35.61,0.0
2026-09-07 22:00:00,Feeder_2,False,0,0,0,25.52,0.0
2026-09-07 23:00:00,Feeder_2,False,0,0,0,19.76,0.0
2026-09-08 00:00:00,Feeder_2,False,0,0,0,17.77,0.0
2026-09-08 01:00:00,Feeder_2,False,0,0,0,17.44,0.0
2026-09-08 02:00:00,Feeder_2,False,0,0,0,16.9,0.0
2026-09-08 03:00:00,Feeder_2,False,0,0,0,13.6,0.0
2026-09-08 04:00:00,Feeder_2,False,0,0,0,16.88,0.0
2026-09-08 05:00:00,Feeder_2,False,0,0,0,17.09,0.0
2026-09-08 06:00:00,Feeder_2,False,0,0,0,20.35,1.0
2026-09-08 07:00:00,Feeder_2,False,0,0,0,6.21,1.0
2026-09-08 08:00:00,Feeder_2,False,1,1,0,0.0,1.0
2026-09-08 09:00:00,Feeder_2,False,1,1,0,0.0,0.0
2026-09-08 10:00:00,Feeder_2,False,1,0,0,0.0,0.0
2026-09-08 11:00:00,Feeder_2,False,1,0,0,0.0,0.0
2026-09-08 12:00:00,Feeder_2,False,1,0,0,0.0,0.0
2026-09-08 13:00:00,Feeder_2,False,0,0,0,0.0,0.0
2026-09-08 14:00:00,Feeder_2,True,0,0,0,0.0,1.0
2026-09-08 15:00:00,Feeder_2,True,1,0,0,0.0,1.0
2026-09-08 16:00:00,Feeder_2,True,1,1,0,0.0,1.0
2026-09-08 17:00:00,Feeder_2,True,1,1,0,0.0,0.0
2026-09-08 18:00:00,Feeder_2,True,0,0,0,0.0,0.0
2026-09-08 19:00:00,Feeder_2,False,0,0,0,0.0,0.0
2026-09-08 20:00:00,Feeder_2,False,0,0,0,36.13,0.0
2026-09-08 21:00:00,Feeder_2,False,0,0,0,33.55,0.0
2026-09-08 22:00:00,Feeder_2,False,0,0,0,28.13,0.0
2026-09-08 23:00:00,Feeder_2,False,0,0,0,20.39,0.0
2026-09-09 00:00:00,Feeder_2,False,0,0,0,18.83,0.0
2026-09-09 01:00:00,Feeder_2,False,0,0,0,17.2,0.0
2026-09-09 02:00:00,Feeder_2,False,0,0,0,12.71,0.0
2026-09-09 03:00:00,Feeder_2,False,0,0,0,14.81,0.0
2026-09-09 04:00:00,Feeder_2,False,0,0,0,19.37,0.0
2026-09-09 05:00:00,Feeder_2,False,0,0,0,17.32,0.0
2026-09-09 06:00:00,Feeder_2,False,0,0,0,20.14,1.0
2026-09-09 07:00:00,Feeder_2,False,0,0,0,10.83,1.0
2026-09-09 08:00:00,Feeder_2,False,1,1,0,0.38,1.0
2026-09-09 09:00:00,Feeder_2,False,1,1,0,0.0,0.0
2026-09-09 10:00:00,Feeder_2,False,1,0,0,0.0,0.0
2026-09-09 11:00:00,Feeder_2,False,1,0,0,0.0,0.0
2026-09-09 12:00:00,Feeder_2,False,0,0,0,0.0,0.0
2026-09-09 13:00:00,Feeder_2,False,0,0,0,0.0,0.0
2026-09-09 14:00:00,Feeder_2,True,1,0,0,0.0,1.0
2026-09-09 15:00:00,Feeder_2,True,1,0,0,0.0,1.0
2026-09-09 16:00:00,Feeder_2,True,1,1,0,0.0,1.0
2026-09-09 17:00:00,Feeder_2,True,1,1,0,0.0,0.0
2026-09-09 18:00:00,Feeder_2,True,0,0,0,0.0,0.0
2026-09-09 19:00:00,Feeder_2,False,0,0,0,0.0,0.0
2026-09-09 20:00:00,Feeder_2,False,0,0,0,27.22,0.0
2026-09-09 21:00:00,Feeder_2,False,0,0,0,38.32,0.0
2026-09-09 22:00:00,Feeder_2,False,0,0,0,27.14,0.0
2026-09-09 23:00:00,Feeder_2,False,0,0,0,19.94,0.0
2026-09-10 00:00:00,Feeder_2,False,0,0,0,16.33,0.0
2026-09-10 01:00:00,Feeder_2,False,0,0,0,16.02,0.0
2026-09-10 02:00:00,Feeder_2,False,0,0,0,17.23,0.0
2026-09-10 03:00:00,Feeder_2,False,0,0,0,13.64,0.0
2026-09-10 04:00:00,Feeder_2,False,0,0,0,16.66,0.0
2026-09-10 05:00:00,Feeder_2,False,0,0,0,20.1,0.0
2026-09-10 06:00:00,Feeder_2,False,0,0,0,21.28,1.0
2026-09-10 07:00:00,Feeder_2,False,0,0,0,7.76,1.0
2026-09-10 08:00:00,Feeder_2,False,1,1,0,0.0,1.0
2026-09-10 09:00:00,Feeder_2,False,1,1,0,0.0,0.0
2026-09-10 10:00:00,Feeder_2,False,1,0,0,0.0,0.0
2026-09-10 11:00:00,Feeder_2,False,1,0,0,0.0,0.0
2026-09-10 12:00:00,Feeder_2,False,0,0,0,0.0,0.0
2026-09-10 13:00:00,Feeder_2,False,0,0,0,0.0,0.0
2026-09-10 14:00:00,Feeder_2,True,0,0,0,0.0,1.0
2026-09-10 15:00:00,Feeder_2,True,1,0,0,0.0,1.0
2026-09-10 16:00:00,Feeder_2,True,1,1,0,0.0,1.0
2026-09-10 17:00:00,Feeder_2,True,1,1,0,0.0,0.0
2026-09-10 18:00:00,Feeder_2,True,0,0,0,0.0,0.0
2026-09-10 19:00:00,Feeder_2,False,0,0,0,0.0,0.0
2026-09-10 20:00:00,Feeder_2,False,0,0,0,15.02,0.0
2026-09-10 21:00:00,Feeder_2,False,0,0,0,33.4,0.0
2026-09-10 22:00:00,Feeder_2,False,0,0,0,25.88,0.0
2026-09-10 23:00:00,Feeder_2,False,0,0,0,20.9,0.0
2026-09-11 00:00:00,Feeder_2,False,0,0,0,15.59,0.0
2026-09-11 01:00:00,Feeder_2,False,0,0,0,15.75,0.0
2026-09-11 02:00:00,Feeder_2,False,0,0,0,15.92,0.0
2026-09-11 03:00:00,Feeder_2,False,0,0,0,13.34,0.0
2026-09-11 04:00:00,Feeder_2,False,0,0,0,17.5,0.0
2026-09-11 05:00:00,Feeder_2,False,0,0,0,20.13,0.0
2026-09-11 06:00:00,Feeder_2,False,0,0,0,19.78,1.0
2026-09-11 07:00:00,Feeder_2,False,0,0,0,9.78,1.0
2026-09-11 08:00:00,Feeder_2,False,1,1,1,3.96,1.0
2026-09-11 09:00:00,Feeder_2,False,1,1,0,0.0,0.0
2026-09-11 10:00:00,Feeder_2,False,1,0,0,0.0,0.0
2026-09-11 11:00:00,Feeder_2,False,1,0,0,0.0,0.0
2026-09-11 12:00:00,Feeder_2,False,0,0,0,0.0,0.0
2026-09-11 13:00:00,Feeder_2,False,0,0,0,0.0,0.0
2026-09-11 14:00:00,Feeder_2,True,1,0,0,0.0,1.0
2026-09-11 15:00:00,Feeder_2,True,1,0,0,0.0,1.0
2026-09-11 16:00:00,Feeder_2,True,1,1,0,0.0,1.0
2026-09-11 17:00:00,Feeder_2,True,1,1,0,0.0,0.0
2026-09-11 18:00:00,Feeder_2,True,0,0,0,0.0,0.0
2026-09-11 19:00:00,Feeder_2,False,0,0,0,0.0,0.0
2026-09-11 20:00:00,Feeder_2,False,0,0,0,34.59,0.0
2026-09-11 21:00:00,Feeder_2,False,0,0,0,32.56,0.0
2026-09-11 22:00:00,Feeder_2,False,0,0,0,27.0,0.0
2026-09-11 23:00:00,Feeder_2,False,0,0,0,22.35,0.0
2026-09-12 00:00:00,Feeder_2,False,0,0,0,15.08,0.0
2026-09-12 01:00:00,Feeder_2,False,0,0,0,16.15,0.0
2026-09-12 02:00:00,Feeder_2,False,0,0,0,15.27,0.0
2026-09-12 03:00:00,Feeder_2,False,0,0,0,14.95,0.0
2026-09-12 04:00:00,Feeder_2,False,0,0,0,17.26,0.0
2026-09-12 05:00:00,Feeder_2,False,0,0,0,17.95,0.0
2026-09-12 06:00:00,Feeder_2,False,0,0,0,17.8,1.0
2026-09-12 07:00:00,Feeder_2,False,0,0,0,8.68,1.0
2026-09-12 08:00:00,Feeder_2,False,1,1,0,0.0,1.0
2026-09-12 09:00:00,Feeder_2,False,1,1,0,0.0,0.0
2026-09-12 10:00:00,Feeder_2,False,1,0,0,0.0,0.0
2026-09-12 11:00:00,Feeder_2,False,1,0,0,0.0,0.0
2026-09-12 12:00:00,Feeder_2,False,1,0,0,0.0,0.0
2026-09-12 13:00:00,Feeder_2,False,0,0,0,0.0,0.0
2026-09-12 14:00:00,Feeder_2,True,1,0,0,0.0,1.0
2026-09-12 15:00:00,Feeder_2,True,1,0,0,0.0,1.0
2026-09-12 16:00:00,Feeder_2,True,1,1,0,0.0,1.0
2026-09-12 17:00:00,Feeder_2,True,1,1,0,0.0,0.0
2026-09-12 18:00:00,Feeder_2,True,0,0,0,0.0,0.0
2026-09-12 19:00:00,Feeder_2,False,0,0,0,0.0,0.0
2026-09-12 20:00:00,Feeder_2,False,0,0,0,16.96,0.0
2026-09-12 21:00:00,Feeder_2,False,0,0,0,30.03,0.0
2026-09-12 22:00:00,Feeder_2,False,0,0,0,29.08,0.0
2026-09-12 23:00:00,Feeder_2,False,0,0,0,22.91,0.0
2026-09-13 00:00:00,Feeder_2,False,0,0,0,16.79,0.0
2026-09-13 01:00:00,Feeder_2,False,0,0,0,16.55,0.0
2026-09-13 02:00:00,Feeder_2,False,0,0,0,17.18,0.0
2026-09-13 03:00:00,Feeder_2,False,0,0,0,17.21,0.0
2026-09-13 04:00:00,Feeder_2,False,0,0,0,15.29,0.0
2026-09-13 05:00:00,Feeder_2,False,0,0,0,17.78,0.0
2026-09-13 06:00:00,Feeder_2,False,0,0,0,20.92,1.0
2026-09-13 07:00:00,Feeder_2,False,0,0,0,11.87,1.0
2026-09-13 08:00:00,Feeder_2,False,1,1,0,0.0,1.0
2026-09-13 09:00:00,Feeder_2,False,1,1,0,0.0,0.0
2026-09-13 10:00:00,Feeder_2,False,1,0,0,0.0,0.0
2026-09-13 11:00:00,Feeder_2,False,1,0,0,0.0,0.0
2026-09-13 12:00:00,Feeder_2,False,0,0,0,0.0,0.0
2026-09-13 13:00:00,Feeder_2,False,0,0,0,0.0,0.0
2026-09-13 14:00:00,Feeder_2,True,0,0,0,0.0,0.0
2026-09-13 15:00:00,Feeder_2,True,1,0,0,0.0,1.0
2026-09-13 16:00:00,Feeder_2,True,1,0,0,0.0,1.0
2026-09-13 17:00:00,Feeder_2,True,1,1,0,0.0,0.0
2026-09-13 18:00:00,Feeder_2,True,0,0,0,0.0,0.0
2026-09-13 19:00:00,Feeder_2,False,0,0,0,0.0,0.0
2026-09-13 20:00:00,Feeder_2,False,0,0,0,9.42,0.0
2026-09-13 21:00:00,Feeder_2,False,0,0,0,34.49,0.0
2026-09-13 22:00:00,Feeder_2,False,0,0,0,27.14,0.0
2026-09-13 23:00:00,Feeder_2,False,0,0,0,23.11,0.0
2026-09-14 00:00:00,Feeder_2,False,0,0,0,16.31,0.0
2026-09-14 01:00:00,Feeder_2,False,0,0,0,17.78,0.0
2026-09-14 02:00:00,Feeder_2,False,0,0,0,15.41,0.0
2026-09-14 03:00:00,Feeder_2,False,0,0,0,17.39,0.0
2026-09-14 04:00:00,Feeder_2,False,0,0,0,14.99,0.0
2026-09-14 05:00:00,Feeder_2,False,0,0,0,15.73,0.0
2026-09-14 06:00:00,Feeder_2,False,0,0,0,19.55,1.0
2026-09-14 07:00:00,Feeder_2,False,0,0,0,12.42,1.0
2026-09-14 08:00:00,Feeder_2,False,1,1,0,1.53,1.0
2026-09-14 09:00:00,Feeder_2,False,1,1,0,0.0,1.0
2026-09-14 10:00:00,Feeder_2,False,1,1,0,0.0,0.0
2026-09-14 11:00:00,Feeder_2,False,1,0,0,0.0,0.0
2026-09-14 12:00:00,Feeder_2,False,1,0,0,0.0,0.0
2026-09-14 13:00:00,Feeder_2,False,0,0,0,0.0,0.0
2026-09-14 14:00:00,Feeder_2,True,1,0,0,0.0,0.0
2026-09-14 15:00:00,Feeder_2,True,1,0,0,0.0,1.0
2026-09-14 16:00:00,Feeder_2,True,1,0,0,0.0,1.0
2026-09-14 17:00:00,Feeder_2,True,1,1,0,0.0,0.0
2026-09-14 18:00:00,Feeder_2,True,0,0,0,0.0,0.0
2026-09-14 19:00:00,Feeder_2,False,0,0,0,0.0,0.0
2026-09-14 20:00:00,Feeder_2,False,0,0,0,7.49,0.0
2026-09-14 21:00:00,Feeder_2,False,0,0,0,34.96,0.0
2026-09-14 22:00:00,Feeder_2,False,0,0,0,25.55,0.0
2026-09-14 23:00:00,Feeder_2,False,0,0,0,21.42,0.0
2026-09-15 00:00:00,Feeder_2,False,0,0,0,15.08,0.0
2026-09-15 01:00:00,Feeder_2,False,0,0,0,17.66,0.0
2026-09-15 02:00:00,Feeder_2,False,0,0,0,14.3,0.0
2026-09-15 03:00:00,Feeder_2,False,0,0,0,17.31,0.0
2026-09-15 04:00:00,Feeder_2,False,0,0,0,15.08,0.0
2026-09-15 05:00:00,Feeder_2,False,0,0,0,19.54,0.0
2026-09-15 06:00:00,Feeder_2,False,0,0,0,21.19,1.0
2026-09-15 07:00:00,Feeder_2,False,0,0,0,9.56,1.0
2026-09-15 08:00:00,Feeder_2,False,1,1,0,0.0,1.0
2026-09-15 09:00:00,Feeder_2,False,1,1,0,0.0,0.0
2026-09-15 10:00:00,Feeder_2,False,1,0,0,0.0,0.0
2026-09-15 11:00:00,Feeder_2,False,1,0,0,0.0,0.0
2026-09-15 12:00:00,Feeder_2,False,1,0,0,0.0,0.0
2026-09-15 13:00:00,Feeder_2,False,0,0,0,0.0,0.0
2026-09-15 14:00:00,Feeder_2,True,1,0,0,0.0,1.0
2026-09-15 15:00:00,Feeder_2,True,1,0,0,0.0,1.0
2026-09-15 16:00:00,Feeder_2,True,1,1,0,0.0,1.0
2026-09-15 17:00:00,Feeder_2,True,1,1,0,0.0,0.0
2026-09-15 18:00:00,Feeder_2,True,0,0,0,0.0,0.0
2026-09-15 19:00:00,Feeder_2,False,0,0,0,0.0,0.0
2026-09-15 20:00:00,Feeder_2,False,0,0,0,20.89,0.0
2026-09-15 21:00:00,Feeder_2,False,0,0,0,37.15,0.0
2026-09-15 22:00:00,Feeder_2,False,0,0,0,28.79,0.0
2026-09-15 23:00:00,Feeder_2,False,0,0,0,22.59,0.0
2026-09-16 00:00:00,Feeder_2,False,0,0,0,14.0,0.0
2026-09-16 01:00:00,Feeder_2,False,0,0,0,17.66,0.0
2026-09-16 02:00:00,Feeder_2,False,0,0,0,16.85,0.0
2026-09-16 03:00:00,Feeder_2,False,0,0,0,16.99,0.0
2026-09-16 04:00:00,Feeder_2,False,0,0,0,17.29,0.0
2026-09-16 05:00:00,Feeder_2,False,0,0,0,16.48,0.0
2026-09-16 06:00:00,Feeder_2,False,0,0,0,19.49,1.0
2026-09-16 07:00:00,Feeder_2,False,0,0,0,10.23,1.0
2026-09-16 08:00:00,Feeder_2,False,1,1,0,0.0,1.0
2026-09-16 09:00:00,Feeder_2,False,1,1,0,0.0,0.0
2026-09-16 10:00:00,Feeder_2,False,1,0,0,0.0,0.0
2026-09-16 11:00:00,Feeder_2,False,1,0,0,0.0,0.0
2026-09-16 12:00:00,Feeder_2,False,0,0,0,0.0,0.0
2026-09-16 13:00:00,Feeder_2,False,0,0,0,0.0,0.0
2026-09-16 14:00:00,Feeder_2,True,1,0,0,0.0,1.0
2026-09-16 15:00:00,Feeder_2,False,1,0,0,0.0,1.0
2026-09-16 16:00:00,Feeder_2,True,1,1,0,0.0,1.0
2026-09-16 17:00:00,Feeder_2,True,1,1,0,0.0,0.0
2026-09-16 18:00:00,Feeder_2,True,0,0,0,0.0,0.0
2026-09-16 19:00:00,Feeder_2,False,0,0,0,0.0,0.0
2026-09-16 20:00:00,Feeder_2,False,0,0,0,35.87,0.0
2026-09-16 21:00:00,Feeder_2,False,0,0,0,35.87,0.0
2026-09-16 22:00:00,Feeder_2,False,0,0,0,29.92,0.0
2026-09-16 23:00:00,Feeder_2,False,0,0,0,21.86,0.0
2026-09-17 00:00:00,Feeder_2,False,0,0,0,15.96,0.0
2026-09-17 01:00:00,Feeder_2,False,0,0,0,15.02,0.0
2026-09-17 02:00:00,Feeder_2,False,0,0,0,16.8,0.0
2026-09-17 03:00:00,Feeder_2,False,0,0,0,16.93,0.0
2026-09-17 04:00:00,Feeder_2,False,0,0,0,16.73,0.0
2026-09-17 05:00:00,Feeder_2,False,0,0,0,18.79,0.0
2026-09-17 06:00:00,Feeder_2,False,0,0,0,22.23,1.0
2026-09-17 07:00:00,Feeder_2,False,0,0,0,6.52,1.0
2026-09-17 08:00:00,Feeder_2,False,1,1,1,4.76,1.0
2026-09-17 09:00:00,Feeder_2,False,1,1,0,0.0,0.0
2026-09-17 10:00:00,Feeder_2,False,1,0,0,0.0,0.0
2026-09-17 11:00:00,Feeder_2,False,1,0,0,0.0,0.0
2026-09-17 12:00:00,Feeder_2,False,0,0,0,0.0,0.0
2026-09-17 13:00:00,Feeder_2,False,0,0,0,0.0,0.0
2026-09-17 14:00:00,Feeder_2,True,1,0,0,0.0,1.0
2026-09-17 15:00:00,Feeder_2,True,1,0,0,0.0,1.0
2026-09-17 16:00:00,Feeder_2,True,1,1,0,0.0,1.0
2026-09-17 17:00:00,Feeder_2,True,1,1,0,0.0,0.0
2026-09-17 18:00:00,Feeder_2,True,0,0,0,0.0,0.0
2026-09-17 19:00:00,Feeder_2,False,0,0,0,0.0,0.0
2026-09-17 20:00:00,Feeder_2,False,0,0,0,24.71,0.0
2026-09-17 21:00:00,Feeder_2,False,0,0,0,32.83,0.0
2026-09-17 22:00:00,Feeder_2,False,0,0,0,30.53,0.0
2026-09-17 23:00:00,Feeder_2,False,0,0,0,22.73,0.0
2026-09-18 00:00:00,Feeder_2,False,0,0,0,15.28,0.0
2026-09-18 01:00:00,Feeder_2,False,0,0,0,16.71,0.0
2026-09-18 02:00:00,Feeder_2,False,0,0,0,16.39,0.0
2026-09-18 03:00:00,Feeder_2,False,0,0,0,14.46,0.0
2026-09-18 04:00:00,Feeder_2,False,0,0,0,20.14,0.0
2026-09-18 05:00:00,Feeder_2,False,0,0,0,18.4,0.0
2026-09-18 06:00:00,Feeder_2,False,0,0,0,20.5,1.0
2026-09-18 07:00:00,Feeder_2,False,0,0,0,13.47,1.0
2026-09-18 08:00:00,Feeder_2,False,1,1,0,0.0,1.0
2026-09-18 09:00:00,Feeder_2,False,1,1,0,0.0,0.0
2026-09-18 10:00:00,Feeder_2,False,1,0,0,0.0,0.0
2026-09-18 11:00:00,Feeder_2,False,1,0,0,0.0,0.0
2026-09-18 12:00:00,Feeder_2,False,1,0,0,0.0,0.0
2026-09-18 13:00:00,Feeder_2,False,0,0,0,0.0,0.0
2026-09-18 14:00:00,Feeder_2,True,0,0,0,0.0,1.0
2026-09-18 15:00:00,Feeder_2,True,1,0,0,0.0,1.0
2026-09-18 16:00:00,Feeder_2,True,1,1,0,0.0,1.0
2026-09-18 17:00:00,Feeder_2,True,1,1,0,0.0,0.0
2026-09-18 18:00:00,Feeder_2,True,0,0,0,0.0,0.0
2026-09-18 19:00:00,Feeder_2,False,0,0,0,0.0,0.0
2026-09-18 20:00:00,Feeder_2,False,0,0,0,14.84,0.0
2026-09-18 21:00:00,Feeder_2,False,0,0,0,33.65,0.0
2026-09-18 22:00:00,Feeder_2,False,0,0,0,27.09,0.0
2026-09-18 23:00:00,Feeder_2,False,0,0,0,24.26,0.0
2026-09-19 00:00:00,Feeder_2,False,0,0,0,16.53,0.0
2026-09-19 01:00:00,Feeder_2,False,0,0,0,19.34,0.0
2026-09-19 02:00:00,Feeder_2,False,0,0,0,16.77,0.0
2026-09-19 03:00:00,Feeder_2,False,0,0,0,16.73,0.0
2026-09-19 04:00:00,Feeder_2,False,0,0,0,16.6,0.0
2026-09-19 05:00:00,Feeder_2,False,0,0,0,15.95,0.0
2026-09-19 06:00:00,Feeder_2,False,0,0,0,21.31,1.0
2026-09-19 07:00:00,Feeder_2,False,0,0,0,14.57,1.0
2026-09-19 08:00:00,Feeder_2,False,1,1,0,0.0,1.0
2026-09-19 09:00:00,Feeder_2,False,1,1,0,0.0,0.0
2026-09-19 10:00:00,Feeder_2,False,1,0,0,0.0,0.0
2026-09-19 11:00:00,Feeder_2,False,1,0,0,0.0,0.0
2026-09-19 12:00:00,Feeder_2,False,0,0,0,0.0,0.0
2026-09-19 13:00:00,Feeder_2,False,0,0,0,0.0,0.0
2026-09-19 14:00:00,Feeder_2,True,1,0,0,0.0,1.0
2026-09-19 15:00:00,Feeder_2,True,1,0,0,0.0,1.0
2026-09-19 16:00:00,Feeder_2,True,1,1,0,0.0,1.0
2026-09-19 17:00:00,Feeder_2,True,1,1,0,0.0,0.0
2026-09-19 18:00:00,Feeder_2,True,0,0,0,0.0,0.0
2026-09-19 19:00:00,Feeder_2,False,0,0,0,0.0,0.0
2026-09-19 20:00:00,Feeder_2,False,0,0,0,27.75,0.0
2026-09-19 21:00:00,Feeder_2,False,0,0,0,30.53,0.0
2026-09-19 22:00:00,Feeder_2,False,0,0,0,26.41,0.0
2026-09-19 23:00:00,Feeder_2,False,0,0,0,24.29,0.0
2026-09-20 00:00:00,Feeder_2,False,0,0,0,18.74,0.0
2026-09-20 01:00:00,Feeder_2,False,0,0,0,14.64,0.0
2026-09-20 02:00:00,Feeder_2,False,0,0,0,17.52,0.0
2026-09-20 03:00:00,Feeder_2,False,0,0,0,16.3,0.0
2026-09-20 04:00:00,Feeder_2,False,0,0,0,18.05,0.0
2026-09-20 05:00:00,Feeder_2,False,0,0,0,18.01,0.0
2026-09-20 06:00:00,Feeder_2,False,0,0,0,18.18,1.0
2026-09-20 07:00:00,Feeder_2,False,0,0,0,6.2,1.0
2026-09-20 08:00:00,Feeder_2,False,1,1,0,0.0,1.0
2026-09-20 09:00:00,Feeder_2,False,1,1,0,0.0,0.0
2026-09-20 10:00:00,Feeder_2,False,1,0,0,0.0,0.0
2026-09-20 11:00:00,Feeder_2,False,1,0,0,0.0,0.0
2026-09-20 12:00:00,Feeder_2,False,0,0,0,0.0,0.0
2026-09-20 13:00:00,Feeder_2,False,0,0,0,0.0,0.0
2026-09-20 14:00:00,Feeder_2,True,1,0,0,0.0,1.0
2026-09-20 15:00:00,Feeder_2,True,1,0,0,0.0,1.0
2026-09-20 16:00:00,Feeder_2,True,1,1,0,0.0,1.0
2026-09-20 17:00:00,Feeder_2,True,1,1,0,0.0,0.0
2026-09-20 18:00:00,Feeder_2,True,0,0,0,0.0,0.0
2026-09-20 19:00:00,Feeder_2,False,0,0,0,0.0,0.0
2026-09-20 20:00:00,Feeder_2,False,0,0,0,26.34,0.0
2026-09-20 21:00:00,Feeder_2,False,0,0,0,32.06,0.0
2026-09-20 22:00:00,Feeder_2,False,0,0,0,25.82,0.0
2026-09-20 23:00:00,Feeder_2,False,0,0,0,20.84,0.0
2026-09-21 00:00:00,Feeder_2,False,0,0,0,19.57,0.0
2026-09-21 01:00:00,Feeder_2,False,0,0,0,15.31,0.0
2026-09-21 02:00:00,Feeder_2,False,0,0,0,14.48,0.0
2026-09-21 03:00:00,Feeder_2,False,0,0,0,16.7,0.0
2026-09-21 04:00:00,Feeder_2,False,0,0,0,17.77,0.0
2026-09-21 05:00:00,Feeder_2,False,0,0,0,17.12,0.0
2026-09-21 06:00:00,Feeder_2,False,0,0,0,17.79,1.0
2026-09-21 07:00:00,Feeder_2,False,0,0,0,8.52,1.0
2026-09-21 08:00:00,Feeder_2,False,1,1,0,0.0,1.0
2026-09-21 09:00:00,Feeder_2,False,1,1,0,0.0,0.0
2026-09-21 10:00:00,Feeder_2,False,1,0,0,0.0,0.0
2026-09-21 11:00:00,Feeder_2,False,1,0,0,0.0,0.0
2026-09-21 12:00:00,Feeder_2,False,0,0,0,0.0,0.0
2026-09-21 13:00:00,Feeder_2,False,0,0,0,0.0,0.0
2026-09-21 14:00:00,Feeder_2,True,1,0,0,0.0,1.0
2026-09-21 15:00:00,Feeder_2,True,1,0,0,0.0,1.0
2026-09-21 16:00:00,Feeder_2,True,1,1,0,0.0,1.0
2026-09-21 17:00:00,Feeder_2,True,1,1,0,0.0,0.0
2026-09-21 18:00:00,Feeder_2,True,0,0,0,0.0,0.0
2026-09-21 19:00:00,Feeder_2,False,0,0,0,0.0,0.0
2026-09-21 20:00:00,Feeder_2,False,0,0,0,22.39,0.0
2026-09-21 21:00:00,Feeder_2,False,0,0,0,32.39,0.0
2026-09-21 22:00:00,Feeder_2,False,0,0,0,27.07,0.0
2026-09-21 23:00:00,Feeder_2,False,0,0,0,22.49,0.0
2026-09-22 00:00:00,Feeder_2,False,0,0,0,16.4,0.0
2026-09-22 01:00:00,Feeder_2,False,0,0,0,16.27,0.0
2026-09-22 02:00:00,Feeder_2,False,0,0,0,14.83,0.0
2026-09-22 03:00:00,Feeder_2,False,0,0,0,18.38,0.0
2026-09-22 04:00:00,Feeder_2,False,0,0,0,20.46,0.0
2026-09-22 05:00:00,Feeder_2,False,0,0,0,17.32,0.0
2026-09-22 06:00:00,Feeder_2,False,0,0,0,21.67,1.0
2026-09-22 07:00:00,Feeder_2,False,0,0,0,8.05,1.0
2026-09-22 08:00:00,Feeder_2,False,1,1,1,2.55,1.0
2026-09-22 09:00:00,Feeder_2,False,1,1,0,0.0,0.0
2026-09-22 10:00:00,Feeder_2,False,1,0,0,0.0,0.0
2026-09-22 11:00:00,Feeder_2,False,1,0,0,0.0,0.0
2026-09-22 12:00:00,Feeder_2,False,0,0,0,0.0,0.0
2026-09-22 13:00:00,Feeder_2,True,0,0,0,0.0,0.0
2026-09-22 14:00:00,Feeder_2,False,1,0,0,0.0,0.0
2026-09-22 15:00:00,Feeder_2,True,1,0,0,0.0,1.0
2026-09-22 16:00:00,Feeder_2,True,1,0,0,0.0,1.0
2026-09-22 17:00:00,Feeder_2,True,1,1,0,0.0,0.0
2026-09-22 18:00:00,Feeder_2,True,0,0,0,0.0,0.0
2026-09-22 19:00:00,Feeder_2,False,0,0,0,0.0,0.0
2026-09-22 20:00:00,Feeder_2,False,0,0,0,24.3,0.0
2026-09-22 21:00:00,Feeder_2,False,0,0,0,34.04,0.0
2026-09-22 22:00:00,Feeder_2,False,0,0,0,26.21,0.0
2026-09-22 23:00:00,Feeder_2,False,0,0,0,21.44,0.0
2026-09-23 00:00:00,Feeder_2,False,0,0,0,13.24,0.0
2026-09-23 01:00:00,Feeder_2,False,0,0,0,14.29,0.0
2026-09-23 02:00:00,Feeder_2,False,0,0,0,18.38,0.0
2026-09-23 03:00:00,Feeder_2,False,0,0,0,13.58,0.0
2026-09-23 04:00:00,Feeder_2,False,0,0,0,17.15,0.0
2026-09-23 05:00:00,Feeder_2,False,0,0,0,17.53,0.0
2026-09-23 06:00:00,Feeder_2,False,0,0,0,20.18,1.0
2026-09-23 07:00:00,Feeder_2,False,0,0,0,10.42,1.0
2026-09-23 08:00:00,Feeder_2,False,1,1,0,0.55,1.0
2026-09-23 09:00:00,Feeder_2,False,1,1,0,0.0,0.0
2026-09-23 10:00:00,Feeder_2,False,1,0,0,0.0,0.0
2026-09-23 11:00:00,Feeder_2,False,1,0,0,0.0,0.0
2026-09-23 12:00:00,Feeder_2,False,0,0,0,0.0,0.0
2026-09-23 13:00:00,Feeder_2,False,1,0,0,0.0,0.0
2026-09-23 14:00:00,Feeder_2,False,0,0,0,0.0,1.0
2026-09-23 15:00:00,Feeder_2,True,1,0,0,0.0,1.0
2026-09-23 16:00:00,Feeder_2,True,1,1,0,0.0,1.0
2026-09-23 17:00:00,Feeder_2,True,1,1,0,0.0,0.0
2026-09-23 18:00:00,Feeder_2,True,0,0,0,0.0,0.0
2026-09-23 19:00:00,Feeder_2,False,0,0,0,0.0,0.0
2026-09-23 20:00:00,Feeder_2,False,0,0,0,9.43,0.0
2026-09-23 21:00:00,Feeder_2,False,0,0,0,35.49,0.0
2026-09-23 22:00:00,Feeder_2,False,0,0,0,26.0,0.0
2026-09-23 23:00:00,Feeder_2,False,0,0,0,18.5,0.0
2026-09-24 00:00:00,Feeder_2,False,0,0,0,15.91,0.0
2026-09-24 01:00:00,Feeder_2,False,0,0,0,16.9,0.0
2026-09-24 02:00:00,Feeder_2,False,0,0,0,15.5,0.0
2026-09-24 03:00:00,Feeder_2,False,0,0,0,17.27,0.0
2026-09-24 04:00:00,Feeder_2,False,0,0,0,16.43,0.0
2026-09-24 05:00:00,Feeder_2,False,0,0,0,15.41,0.0
2026-09-24 06:00:00,Feeder_2,False,0,0,0,21.7,1.0
2026-09-24 07:00:00,Feeder_2,False,0,0,0,8.01,1.0
2026-09-24 08:00:00,Feeder_2,False,1,1,1,2.74,1.0
2026-09-24 09:00:00,Feeder_2,False,1,1,0,0.0,0.0
2026-09-24 10:00:00,Feeder_2,False,1,0,0,0.0,0.0
2026-09-24 11:00:00,Feeder_2,False,1,0,0,0.0,0.0
2026-09-24 12:00:00,Feeder_2,False,0,0,0,0.0,0.0
2026-09-24 13:00:00,Feeder_2,False,0,0,0,0.0,0.0
2026-09-24 14:00:00,Feeder_2,True,1,0,0,0.0,1.0
2026-09-24 15:00:00,Feeder_2,True,1,0,0,0.0,1.0
2026-09-24 16:00:00,Feeder_2,True,1,1,0,0.0,1.0
2026-09-24 17:00:00,Feeder_2,True,1,1,0,0.0,0.0
2026-09-24 18:00:00,Feeder_2,True,0,0,0,0.0,0.0
2026-09-24 19:00:00,Feeder_2,False,0,0,0,0.0,0.0
2026-09-24 20:00:00,Feeder_2,False,0,0,0,31.58,0.0
2026-09-24 21:00:00,Feeder_2,False,0,0,0,34.54,0.0
2026-09-24 22:00:00,Feeder_2,False,0,0,0,27.19,0.0
2026-09-24 23:00:00,Feeder_2,False,0,0,0,20.94,0.0
2026-09-25 00:00:00,Feeder_2,False,0,0,0,17.54,0.0
2026-09-25 01:00:00,Feeder_2,False,0,0,0,13.64,0.0
2026-09-25 02:00:00,Feeder_2,False,0,0,0,18.59,0.0
2026-09-25 03:00:00,Feeder_2,False,0,0,0,17.11,0.0
2026-09-25 04:00:00,Feeder_2,False,0,0,0,19.24,0.0
2026-09-25 05:00:00,Feeder_2,False,0,0,0,17.06,0.0
2026-09-25 06:00:00,Feeder_2,False,0,0,0,20.72,1.0
2026-09-25 07:00:00,Feeder_2,False,0,0,0,10.18,1.0
2026-09-25 08:00:00,Feeder_2,False,1,1,0,0.0,1.0
2026-09-25 09:00:00,Feeder_2,False,1,1,0,0.0,0.0
2026-09-25 10:00:00,Feeder_2,False,1,0,0,0.0,0.0
2026-09-25 11:00:00,Feeder_2,False,1,0,0,0.0,0.0
2026-09-25 12:00:00,Feeder_2,False,1,0,0,0.0,0.0
2026-09-25 13:00:00,Feeder_2,False,0,0,0,0.0,0.0
2026-09-25 14:00:00,Feeder_2,True,1,0,0,0.0,1.0
2026-09-25 15:00:00,Feeder_2,True,1,0,0,0.0,1.0
2026-09-25 16:00:00,Feeder_2,True,1,1,0,0.0,1.0
2026-09-25 17:00:00,Feeder_2,True,1,1,0,0.0,0.0
2026-09-25 18:00:00,Feeder_2,True,0,0,0,0.0,0.0
2026-09-25 19:00:00,Feeder_2,False,0,0,0,0.0,0.0
2026-09-25 20:00:00,Feeder_2,False,0,0,0,10.64,0.0
2026-09-25 21:00:00,Feeder_2,False,0,0,0,35.13,0.0
2026-09-25 22:00:00,Feeder_2,False,0,0,0,27.14,0.0
2026-09-25 23:00:00,Feeder_2,False,0,0,0,21.47,0.0
2026-09-26 00:00:00,Feeder_2,False,0,0,0,16.57,0.0
2026-09-26 01:00:00,Feeder_2,False,0,0,0,17.05,0.0
2026-09-26 02:00:00,Feeder_2,False,0,0,0,19.53,0.0
2026-09-26 03:00:00,Feeder_2,False,0,0,0,14.89,0.0
2026-09-26 04:00:00,Feeder_2,False,0,0,0,17.27,0.0
2026-09-26 05:00:00,Feeder_2,False,0,0,0,19.72,0.0
2026-09-26 06:00:00,Feeder_2,False,0,0,0,21.89,1.0
2026-09-26 07:00:00,Feeder_2,False,0,0,0,6.89,1.0
2026-09-26 08:00:00,Feeder_2,False,1,1,0,0.0,1.0
2026-09-26 09:00:00,Feeder_2,False,1,1,0,0.0,0.0
2026-09-26 10:00:00,Feeder_2,False,1,0,0,0.0,0.0
2026-09-26 11:00:00,Feeder_2,False,1,0,0,0.0,0.0
2026-09-26 12:00:00,Feeder_2,True,1,0,0,0.0,0.0
2026-09-26 13:00:00,Feeder_2,False,0,0,0,0.0,0.0
2026-09-26 14:00:00,Feeder_2,True,0,0,0,0.0,1.0
2026-09-26 15:00:00,Feeder_2,True,1,0,0,0.0,1.0
2026-09-26 16:00:00,Feeder_2,True,1,1,0,0.0,1.0
2026-09-26 17:00:00,Feeder_2,True,1,1,0,0.0,0.0
2026-09-26 18:00:00,Feeder_2,True,0,0,0,0.0,0.0
2026-09-26 19:00:00,Feeder_2,False,0,0,0,0.0,0.0
2026-09-26 20:00:00,Feeder_2,False,0,0,0,23.03,0.0
2026-09-26 21:00:00,Feeder_2,False,0,0,0,33.8,0.0
2026-09-26 22:00:00,Feeder_2,False,0,0,0,29.68,0.0
2026-09-26 23:00:00,Feeder_2,False,0,0,0,19.06,0.0
2026-09-27 00:00:00,Feeder_2,False,0,0,0,15.29,0.0
2026-09-27 01:00:00,Feeder_2,False,0,0,0,16.17,0.0
2026-09-27 02:00:00,Feeder_2,False,0,0,0,16.81,0.0
2026-09-27 03:00:00,Feeder_2,False,0,0,0,16.99,0.0
2026-09-27 04:00:00,Feeder_2,False,0,0,0,17.78,0.0
2026-09-27 05:00:00,Feeder_2,False,0,0,0,18.13,0.0
2026-09-27 06:00:00,Feeder_2,False,0,0,0,20.54,1.0
2026-09-27 07:00:00,Feeder_2,False,0,0,0,8.78,1.0
2026-09-27 08:00:00,Feeder_2,False,1,1,0,0.54,1.0
2026-09-27 09:00:00,Feeder_2,False,1,1,0,0.0,0.0
2026-09-27 10:00:00,Feeder_2,False,1,0,0,0.0,0.0
2026-09-27 11:00:00,Feeder_2,False,1,0,0,0.0,0.0
2026-09-27 12:00:00,Feeder_2,False,1,0,0,0.0,0.0
2026-09-27 13:00:00,Feeder_2,False,0,0,0,0.0,0.0
2026-09-27 14:00:00,Feeder_2,True,1,0,0,0.0,1.0
2026-09-27 15:00:00,Feeder_2,True,1,0,0,0.0,1.0
2026-09-27 16:00:00,Feeder_2,True,1,1,0,0.0,1.0
2026-09-27 17:00:00,Feeder_2,True,1,1,0,0.0,0.0
2026-09-27 18:00:00,Feeder_2,True,0,0,0,0.0,0.0
2026-09-27 19:00:00,Feeder_2,False,0,0,0,0.0,0.0
2026-09-27 20:00:00,Feeder_2,False,0,0,0,11.18,0.0
2026-09-27 21:00:00,Feeder_2,False,0,0,0,33.39,0.0
2026-09-27 22:00:00,Feeder_2,False,0,0,0,25.03,0.0
2026-09-27 23:00:00,Feeder_2,False,0,0,0,22.52,0.0
2026-09-28 00:00:00,Feeder_2,False,0,0,0,16.06,0.0
2026-09-28 01:00:00,Feeder_2,False,0,0,0,16.85,0.0
2026-09-28 02:00:00,Feeder_2,False,0,0,0,18.84,0.0
2026-09-28 03:00:00,Feeder_2,False,0,0,0,15.98,0.0
2026-09-28 04:00:00,Feeder_2,False,0,0,0,16.05,0.0
2026-09-28 05:00:00,Feeder_2,False,0,0,0,17.33,0.0
2026-09-28 06:00:00,Feeder_2,False,0,0,0,20.31,1.0
2026-09-28 07:00:00,Feeder_2,False,0,0,0,13.24,1.0
2026-09-28 08:00:00,Feeder_2,False,1,1,0,1.44,1.0
2026-09-28 09:00:00,Feeder_2,False,1,1,0,0.0,0.0
2026-09-28 10:00:00,Feeder_2,False,1,0,0,0.0,0.0
2026-09-28 11:00:00,Feeder_2,False,1,0,0,0.0,0.0
2026-09-28 12:00:00,Feeder_2,False,0,0,0,0.0,0.0
2026-09-28 13:00:00,Feeder_2,False,0,0,0,0.0,0.0
2026-09-28 14:00:00,Feeder_2,True,0,0,0,0.0,1.0
2026-09-28 15:00:00,Feeder_2,True,1,0,0,0.0,1.0
2026-09-28 16:00:00,Feeder_2,True,1,1,0,0.0,1.0
2026-09-28 17:00:00,Feeder_2,True,1,1,0,0.0,0.0
2026-09-28 18:00:00,Feeder_2,True,0,0,0,0.0,0.0
2026-09-28 19:00:00,Feeder_2,False,0,0,0,0.0,0.0
2026-09-28 20:00:00,Feeder_2,False,0,0,0,29.59,0.0
2026-09-28 21:00:00,Feeder_2,False,0,0,0,33.21,0.0
2026-09-28 22:00:00,Feeder_2,False,0,0,0,26.56,0.0
2026-09-28 23:00:00,Feeder_2,False,0,0,0,21.92,0.0
2026-09-29 00:00:00,Feeder_2,False,0,0,0,19.22,0.0
2026-09-29 01:00:00,Feeder_2,False,0,0,0,15.74,0.0
2026-09-29 02:00:00,Feeder_2,False,0,0,0,15.79,0.0
2026-09-29 03:00:00,Feeder_2,False,0,0,0,15.46,0.0
2026-09-29 04:00:00,Feeder_2,False,0,0,0,17.33,0.0
2026-09-29 05:00:00,Feeder_2,False,0,0,0,13.9,0.0
2026-09-29 06:00:00,Feeder_2,False,0,0,0,21.49,1.0
2026-09-29 07:00:00,Feeder_2,False,0,0,0,12.25,1.0
2026-09-29 08:00:00,Feeder_2,False,1,1,0,0.0,1.0
2026-09-29 09:00:00,Feeder_2,False,1,1,0,0.0,0.0
2026-09-29 10:00:00,Feeder_2,False,1,0,0,0.0,0.0
2026-09-29 11:00:00,Feeder_2,False,1,0,0,0.0,0.0
2026-09-29 12:00:00,Feeder_2,False,0,0,0,0.0,0.0
2026-09-29 13:00:00,Feeder_2,False,0,0,0,0.0,0.0
2026-09-29 14:00:00,Feeder_2,True,0,0,0,0.0,1.0
2026-09-29 15:00:00,Feeder_2,True,1,0,0,0.0,1.0
2026-09-29 16:00:00,Feeder_2,True,1,1,0,0.0,1.0
2026-09-29 17:00:00,Feeder_2,True,1,1,0,0.0,0.0
2026-09-29 18:00:00,Feeder_2,True,0,0,0,0.0,0.0
2026-09-29 19:00:00,Feeder_2,False,0,0,0,0.0,0.0
2026-09-29 20:00:00,Feeder_2,False,0,0,0,38.07,0.0
2026-09-29 21:00:00,Feeder_2,False,0,0,0,35.62,0.0
2026-09-29 22:00:00,Feeder_2,False,0,0,0,27.32,0.0
2026-09-29 23:00:00,Feeder_2,False,0,0,0,24.48,0.0
2026-09-30 00:00:00,Feeder_2,False,0,0,0,18.11,0.0
2026-09-30 01:00:00,Feeder_2,False,0,0,0,14.86,0.0
2026-09-30 02:00:00,Feeder_2,False,0,0,0,15.25,0.0
2026-09-30 03:00:00,Feeder_2,False,0,0,0,15.2,0.0
2026-09-30 04:00:00,Feeder_2,False,0,0,0,17.87,0.0
2026-09-30 05:00:00,Feeder_2,False,0,0,0,18.28,0.0
2026-09-30 06:00:00,Feeder_2,False,0,0,0,18.17,1.0
2026-09-30 07:00:00,Feeder_2,False,0,0,0,7.71,1.0
2026-09-30 08:00:00,Feeder_2,False,1,1,0,0.92,1.0
2026-09-30 09:00:00,Feeder_2,False,1,1,0,0.0,0.0
2026-09-30 10:00:00,Feeder_2,False,1,0,0,0.0,0.0
2026-09-30 11:00:00,Feeder_2,False,1,0,0,0.0,0.0
2026-09-30 12:00:00,Feeder_2,False,1,0,0,0.0,0.0
2026-09-30 13:00:00,Feeder_2,False,0,0,0,0.0,0.0
2026-09-30 14:00:00,Feeder_2,True,0,0,0,0.0,1.0
2026-09-30 15:00:00,Feeder_2,True,1,0,0,0.0,1.0
2026-09-30 16:00:00,Feeder_2,True,1,1,0,0.0,1.0
2026-09-30 17:00:00,Feeder_2,True,1,1,0,0.0,0.0
2026-09-30 18:00:00,Feeder_2,True,0,0,0,0.0,0.0
2026-09-30 19:00:00,Feeder_2,False,0,0,0,0.0,0.0
2026-09-30 20:00:00,Feeder_2,False,0,0,0,21.62,0.0
2026-09-30 21:00:00,Feeder_2,False,0,0,0,34.85,0.0
2026-09-30 22:00:00,Feeder_2,False,0,0,0,25.59,0.0
2026-09-30 23:00:00,Feeder_2,False,0,0,0,20.68,0.0
2026-09-01 00:00:00,Feeder_3,False,0,0,0,0.0,0.0
2026-09-01 01:00:00,Feeder_3,False,0,0,0,0.0,0.0
2026-09-01 02:00:00,Feeder_3,False,0,0,0,0.0,0.0
2026-09-01 03:00:00,Feeder_3,False,0,0,0,0.0,0.0
2026-09-01 04:00:00,Feeder_3,False,0,0,0,0.0,0.0
2026-09-01 05:00:00,Feeder_3,False,0,0,0,0.0,0.0
2026-09-01 06:00:00,Feeder_3,False,0,0,0,0.0,1.0
2026-09-01 07:00:00,Feeder_3,False,0,0,0,0.0,1.0
2026-09-01 08:00:00,Feeder_3,False,1,1,0,0.0,1.0
2026-09-01 09:00:00,Feeder_3,False,1,1,0,0.0,1.0
2026-09-01 10:00:00,Feeder_3,False,1,1,0,0.0,0.0
2026-09-01 11:00:00,Feeder_3,False,1,0,0,0.0,0.0
2026-09-01 12:00:00,Feeder_3,False,0,0,0,0.0,0.0
2026-09-01 13:00:00,Feeder_3,False,0,0,0,0.0,0.0
2026-09-01 14:00:00,Feeder_3,True,0,0,0,0.0,1.0
2026-09-01 15:00:00,Feeder_3,True,1,0,0,0.0,1.0
2026-09-01 16:00:00,Feeder_3,True,1,1,0,0.0,1.0
2026-09-01 17:00:00,Feeder_3,True,1,1,0,0.0,0.0
2026-09-01 18:00:00,Feeder_3,True,0,0,0,0.0,0.0
2026-09-01 19:00:00,Feeder_3,False,0,0,0,0.0,0.0
2026-09-01 20:00:00,Feeder_3,False,0,0,0,34.03,0.0
2026-09-01 21:00:00,Feeder_3,False,0,0,0,38.47,0.0
2026-09-01 22:00:00,Feeder_3,False,0,0,0,32.3,0.0
2026-09-01 23:00:00,Feeder_3,False,0,0,0,27.22,0.0
2026-09-02 00:00:00,Feeder_3,False,0,0,0,22.56,0.0
2026-09-02 01:00:00,Feeder_3,False,0,0,0,19.85,0.0
2026-09-02 02:00:00,Feeder_3,False,0,0,0,22.04,0.0
2026-09-02 03:00:00,Feeder_3,False,0,0,0,21.86,0.0
2026-09-02 04:00:00,Feeder_3,False,0,0,0,21.36,0.0
2026-09-02 05:00:00,Feeder_3,False,0,0,0,23.66,0.0
2026-09-02 06:00:00,Feeder_3,False,0,0,0,23.06,1.0
2026-09-02 07:00:00,Feeder_3,False,0,0,0,17.1,1.0
2026-09-02 08:00:00,Feeder_3,False,1,1,0,0.0,1.0
2026-09-02 09:00:00,Feeder_3,False,1,1,0,0.0,0.0
2026-09-02 10:00:00,Feeder_3,False,1,0,0,0.0,0.0
2026-09-02 11:00:00,Feeder_3,False,1,0,0,0.0,0.0
2026-09-02 12:00:00,Feeder_3,False,0,0,0,0.0,0.0
2026-09-02 13:00:00,Feeder_3,True,1,0,0,0.0,0.0
2026-09-02 14:00:00,Feeder_3,False,1,0,0,0.0,1.0
2026-09-02 15:00:00,Feeder_3,True,1,0,0,0.0,1.0
2026-09-02 16:00:00,Feeder_3,True,1,1,0,0.0,1.0
2026-09-02 17:00:00,Feeder_3,True,1,1,0,0.0,0.0
2026-09-02 18:00:00,Feeder_3,True,0,0,0,0.0,0.0
2026-09-02 19:00:00,Feeder_3,False,0,0,0,0.0,0.0
2026-09-02 20:00:00,Feeder_3,False,0,0,0,35.93,0.0
2026-09-02 21:00:00,Feeder_3,False,0,0,0,37.07,0.0
2026-09-02 22:00:00,Feeder_3,False,0,0,0,33.86,0.0
2026-09-02 23:00:00,Feeder_3,False,0,0,0,27.73,0.0
2026-09-03 00:00:00,Feeder_3,False,0,0,0,22.58,0.0
2026-09-03 01:00:00,Feeder_3,False,0,0,0,21.88,0.0
2026-09-03 02:00:00,Feeder_3,False,0,0,0,23.24,0.0
2026-09-03 03:00:00,Feeder_3,False,0,0,0,22.11,0.0
2026-09-03 04:00:00,Feeder_3,False,0,0,0,19.44,0.0
2026-09-03 05:00:00,Feeder_3,False,0,0,0,22.77,0.0
2026-09-03 06:00:00,Feeder_3,False,0,0,0,24.59,1.0
2026-09-03 07:00:00,Feeder_3,False,0,0,0,13.32,1.0
2026-09-03 08:00:00,Feeder_3,False,1,1,0,0.0,1.0
2026-09-03 09:00:00,Feeder_3,False,1,1,0,0.0,0.0
2026-09-03 10:00:00,Feeder_3,False,1,0,0,0.0,0.0
2026-09-03 11:00:00,Feeder_3,False,1,0,0,0.0,0.0
2026-09-03 12:00:00,Feeder_3,False,0,0,0,0.0,0.0
2026-09-03 13:00:00,Feeder_3,False,0,0,0,0.0,0.0
2026-09-03 14:00:00,Feeder_3,True,0,0,0,0.0,1.0
2026-09-03 15:00:00,Feeder_3,True,1,0,0,0.0,1.0
2026-09-03 16:00:00,Feeder_3,True,1,1,0,0.0,1.0
2026-09-03 17:00:00,Feeder_3,True,1,1,0,0.0,0.0
2026-09-03 18:00:00,Feeder_3,True,0,0,0,0.0,0.0
2026-09-03 19:00:00,Feeder_3,False,0,0,0,5.61,0.0
2026-09-03 20:00:00,Feeder_3,False,0,0,0,40.22,0.0
2026-09-03 21:00:00,Feeder_3,False,0,0,0,38.25,0.0
2026-09-03 22:00:00,Feeder_3,False,0,0,0,32.83,0.0
2026-09-03 23:00:00,Feeder_3,False,0,0,0,25.03,0.0
2026-09-04 00:00:00,Feeder_3,False,0,0,0,20.97,0.0
2026-09-04 01:00:00,Feeder_3,False,0,0,0,24.22,0.0
2026-09-04 02:00:00,Feeder_3,False,0,0,0,21.86,0.0
2026-09-04 03:00:00,Feeder_3,False,0,0,0,21.25,0.0
2026-09-04 04:00:00,Feeder_3,False,0,0,0,23.62,0.0
2026-09-04 05:00:00,Feeder_3,False,0,0,0,20.89,0.0
2026-09-04 06:00:00,Feeder_3,False,0,0,0,23.14,1.0
2026-09-04 07:00:00,Feeder_3,False,0,0,0,11.64,1.0
2026-09-04 08:00:00,Feeder_3,False,1,1,1,2.11,0.0
2026-09-04 09:00:00,Feeder_3,False,1,0,0,0.0,0.0
2026-09-04 10:00:00,Feeder_3,False,1,0,0,0.0,0.0
2026-09-04 11:00:00,Feeder_3,False,1,0,0,0.0,0.0
2026-09-04 12:00:00,Feeder_3,False,0,0,0,0.0,0.0
2026-09-04 13:00:00,Feeder_3,False,0,0,0,0.0,0.0
2026-09-04 14:00:00,Feeder_3,True,1,0,0,0.0,1.0
2026-09-04 15:00:00,Feeder_3,True,1,0,0,0.0,1.0
2026-09-04 16:00:00,Feeder_3,True,1,1,0,0.0,1.0
2026-09-04 17:00:00,Feeder_3,True,1,1,0,0.0,0.0
2026-09-04 18:00:00,Feeder_3,True,0,0,0,0.0,0.0
2026-09-04 19:00:00,Feeder_3,False,0,0,0,0.0,0.0
2026-09-04 20:00:00,Feeder_3,False,0,0,0,22.93,0.0
2026-09-04 21:00:00,Feeder_3,False,0,0,0,40.48,0.0
2026-09-04 22:00:00,Feeder_3,False,0,0,0,30.44,0.0
2026-09-04 23:00:00,Feeder_3,False,0,0,0,26.72,0.0
2026-09-05 00:00:00,Feeder_3,False,0,0,0,21.4,0.0
2026-09-05 01:00:00,Feeder_3,False,0,0,0,20.53,0.0
2026-09-05 02:00:00,Feeder_3,False,0,0,0,23.02,0.0
2026-09-05 03:00:00,Feeder_3,False,0,0,0,21.18,0.0
2026-09-05 04:00:00,Feeder_3,False,0,0,0,20.2,0.0
2026-09-05 05:00:00,Feeder_3,False,0,0,0,24.23,0.0
2026-09-05 06:00:00,Feeder_3,False,0,0,0,26.29,1.0
2026-09-05 07:00:00,Feeder_3,False,0,0,0,9.82,1.0
2026-09-05 08:00:00,Feeder_3,False,1,1,0,0.0,1.0
2026-09-05 09:00:00,Feeder_3,False,1,1,0,0.3,1.0
2026-09-05 10:00:00,Feeder_3,False,1,1,0,0.0,0.0
2026-09-05 11:00:00,Feeder_3,False,1,0,0,0.0,0.0
2026-09-05 12:00:00,Feeder_3,False,0,0,0,0.0,0.0
2026-09-05 13:00:00,Feeder_3,False,0,0,0,0.0,0.0
2026-09-05 14:00:00,Feeder_3,True,1,0,0,0.0,1.0
2026-09-05 15:00:00,Feeder_3,True,1,0,0,0.0,1.0
2026-09-05 16:00:00,Feeder_3,True,1,1,0,0.0,1.0
2026-09-05 17:00:00,Feeder_3,True,1,1,0,0.0,0.0
2026-09-05 18:00:00,Feeder_3,True,0,0,0,0.0,0.0
2026-09-05 19:00:00,Feeder_3,False,0,0,0,9.96,0.0
2026-09-05 20:00:00,Feeder_3,False,0,0,0,43.28,0.0
2026-09-05 21:00:00,Feeder_3,False,0,0,0,37.49,0.0
2026-09-05 22:00:00,Feeder_3,False,0,0,0,33.12,0.0
2026-09-05 23:00:00,Feeder_3,False,0,0,0,26.36,0.0
2026-09-06 00:00:00,Feeder_3,False,0,0,0,23.51,0.0
2026-09-06 01:00:00,Feeder_3,False,0,0,0,22.3,0.0
2026-09-06 02:00:00,Feeder_3,False,0,0,0,19.14,0.0
2026-09-06 03:00:00,Feeder_3,False,0,0,0,21.7,0.0
2026-09-06 04:00:00,Feeder_3,False,0,0,0,21.25,0.0
2026-09-06 05:00:00,Feeder_3,False,0,0,0,24.25,0.0
2026-09-06 06:00:00,Feeder_3,False,0,0,0,23.16,1.0
2026-09-06 07:00:00,Feeder_3,False,0,0,0,14.74,1.0
2026-09-06 08:00:00,Feeder_3,False,1,1,0,0.96,1.0
2026-09-06 09:00:00,Feeder_3,False,1,1,0,0.0,1.0
2026-09-06 10:00:00,Feeder_3,False,1,0,0,0.0,1.0
2026-09-06 11:00:00,Feeder_3,True,1,1,0,0.0,1.0
2026-09-06 12:00:00,Feeder_3,False,1,1,0,0.0,1.0
2026-09-06 13:00:00,Feeder_3,False,1,1,1,21.8,1.0
2026-09-06 14:00:00,Feeder_3,True,1,1,1,23.72,1.0
2026-09-06 15:00:00,Feeder_3,False,1,1,1,5.08,1.0
2026-09-06 16:00:00,Feeder_3,False,1,0,0,0.79,1.0
2026-09-06 17:00:00,Feeder_3,True,1,1,1,14.58,0.0
2026-09-06 18:00:00,Feeder_3,True,0,0,0,30.89,0.0
2026-09-06 19:00:00,Feeder_3,False,0,0,0,40.13,0.0
2026-09-06 20:00:00,Feeder_3,False,0,0,0,42.3,0.0
2026-09-06 21:00:00,Feeder_3,False,0,0,0,38.65,0.0
2026-09-06 22:00:00,Feeder_3,False,0,0,0,30.78,0.0
2026-09-06 23:00:00,Feeder_3,False,0,0,0,25.6,0.0
2026-09-07 00:00:00,Feeder_3,False,0,0,0,20.5,0.0
2026-09-07 01:00:00,Feeder_3,False,0,0,0,23.22,0.0
2026-09-07 02:00:00,Feeder_3,False,0,0,0,19.4,0.0
2026-09-07 03:00:00,Feeder_3,False,0,0,0,21.91,0.0
2026-09-07 04:00:00,Feeder_3,False,0,0,0,19.76,0.0
2026-09-07 05:00:00,Feeder_3,False,0,0,0,23.54,0.0
2026-09-07 06:00:00,Feeder_3,False,0,0,0,25.61,1.0
2026-09-07 07:00:00,Feeder_3,False,0,0,0,11.78,1.0
2026-09-07 08:00:00,Feeder_3,False,1,1,0,0.0,1.0
2026-09-07 09:00:00,Feeder_3,False,1,1,1,3.6,1.0
2026-09-07 10:00:00,Feeder_3,False,1,1,0,0.0,0.0
2026-09-07 11:00:00,Feeder_3,False,1,0,0,0.0,0.0
2026-09-07 12:00:00,Feeder_3,True,1,0,0,0.0,0.0
2026-09-07 13:00:00,Feeder_3,False,0,0,0,0.0,0.0
2026-09-07 14:00:00,Feeder_3,True,1,0,0,0.0,0.0
2026-09-07 15:00:00,Feeder_3,True,1,0,0,0.0,1.0
2026-09-07 16:00:00,Feeder_3,True,1,0,0,0.0,1.0
2026-09-07 17:00:00,Feeder_3,True,1,1,0,0.0,0.0
2026-09-07 18:00:00,Feeder_3,True,0,0,0,0.0,0.0
2026-09-07 19:00:00,Feeder_3,False,0,0,0,0.0,0.0
2026-09-07 20:00:00,Feeder_3,False,0,0,0,39.32,0.0
2026-09-07 21:00:00,Feeder_3,False,0,0,0,37.76,0.0
2026-09-07 22:00:00,Feeder_3,False,0,0,0,31.84,0.0
2026-09-07 23:00:00,Feeder_3,False,0,0,0,25.96,0.0
2026-09-08 00:00:00,Feeder_3,False,0,0,0,21.43,0.0
2026-09-08 01:00:00,Feeder_3,False,0,0,0,19.72,0.0
2026-09-08 02:00:00,Feeder_3,False,0,0,0,22.19,0.0
2026-09-08 03:00:00,Feeder_3,False,0,0,0,21.47,0.0
2026-09-08 04:00:00,Feeder_3,False,0,0,0,23.56,0.0
2026-09-08 05:00:00,Feeder_3,False,0,0,0,22.46,0.0
2026-09-08 06:00:00,Feeder_3,False,0,0,0,26.39,1.0
2026-09-08 07:00:00,Feeder_3,False,0,0,0,9.83,1.0
2026-09-08 08:00:00,Feeder_3,False,1,1,0,0.0,0.0
2026-09-08 09:00:00,Feeder_3,False,1,0,0,0.0,0.0
2026-09-08 10:00:00,Feeder_3,False,1,0,0,0.0,0.0
2026-09-08 11:00:00,Feeder_3,False,1,0,0,0.0,0.0
2026-09-08 12:00:00,Feeder_3,False,0,0,0,0.0,0.0
2026-09-08 13:00:00,Feeder_3,False,0,0,0,0.0,0.0
2026-09-08 14:00:00,Feeder_3,False,0,0,0,0.0,1.0
2026-09-08 15:00:00,Feeder_3,True,1,0,0,0.0,1.0
2026-09-08 16:00:00,Feeder_3,True,1,1,0,0.0,1.0
2026-09-08 17:00:00,Feeder_3,True,1,1,0,0.0,0.0
2026-09-08 18:00:00,Feeder_3,True,0,0,0,0.0,0.0
2026-09-08 19:00:00,Feeder_3,False,0,0,0,0.0,0.0
2026-09-08 20:00:00,Feeder_3,False,0,0,0,30.49,0.0
2026-09-08 21:00:00,Feeder_3,False,0,0,0,40.03,0.0
2026-09-08 22:00:00,Feeder_3,False,0,0,0,31.23,0.0
2026-09-08 23:00:00,Feeder_3,False,0,0,0,25.97,0.0
2026-09-09 00:00:00,Feeder_3,False,0,0,0,22.31,0.0
2026-09-09 01:00:00,Feeder_3,False,0,0,0,19.78,0.0
2026-09-09 02:00:00,Feeder_3,False,0,0,0,22.27,0.0
2026-09-09 03:00:00,Feeder_3,False,0,0,0,19.61,0.0
2026-09-09 04:00:00,Feeder_3,False,0,0,0,20.75,0.0
2026-09-09 05:00:00,Feeder_3,False,0,0,0,22.58,0.0
2026-09-09 06:00:00,Feeder_3,False,0,0,0,26.24,1.0
2026-09-09 07:00:00,Feeder_3,False,0,0,0,13.48,1.0
2026-09-09 08:00:00,Feeder_3,False,1,1,0,0.0,0.0
2026-09-09 09:00:00,Feeder_3,False,1,0,0,0.0,0.0
2026-09-09 10:00:00,Feeder_3,False,1,0,0,0.0,0.0
2026-09-09 11:00:00,Feeder_3,False,0,0,0,0.0,0.0
2026-09-09 12:00:00,Feeder_3,False,0,0,0,0.0,0.0
2026-09-09 13:00:00,Feeder_3,False,0,0,0,0.0,0.0
2026-09-09 14:00:00,Feeder_3,True,0,0,0,0.0,0.0
2026-09-09 15:00:00,Feeder_3,True,1,0,0,0.0,1.0
2026-09-09 16:00:00,Feeder_3,True,1,0,0,0.0,1.0
2026-09-09 17:00:00,Feeder_3,True,1,1,0,0.0,0.0
2026-09-09 18:00:00,Feeder_3,True,0,0,0,0.0,0.0
2026-09-09 19:00:00,Feeder_3,False,0,0,0,0.0,0.0
2026-09-09 20:00:00,Feeder_3,False,0,0,0,34.74,0.0
2026-09-09 21:00:00,Feeder_3,False,0,0,0,37.53,0.0
2026-09-09 22:00:00,Feeder_3,False,0,0,0,31.1,0.0
2026-09-09 23:00:00,Feeder_3,False,0,0,0,27.67,0.0
2026-09-10 00:00:00,Feeder_3,False,0,0,0,23.59,0.0
2026-09-10 01:00:00,Feeder_3,False,0,0,0,18.17,0.0
2026-09-10 02:00:00,Feeder_3,False,0,0,0,23.37,0.0
2026-09-10 03:00:00,Feeder_3,False,0,0,0,18.01,0.0
2026-09-10 04:00:00,Feeder_3,False,0,0,0,21.96,0.0
2026-09-10 05:00:00,Feeder_3,False,0,0,0,24.8,0.0
2026-09-10 06:00:00,Feeder_3,False,0,0,0,24.94,1.0
2026-09-10 07:00:00,Feeder_3,False,0,0,0,11.64,1.0
2026-09-10 08:00:00,Feeder_3,False,1,1,0,0.0,1.0
2026-09-10 09:00:00,Feeder_3,False,1,1,0,0.0,0.0
2026-09-10 10:00:00,Feeder_3,False,1,0,0,0.0,0.0
2026-09-10 11:00:00,Feeder_3,False,1,0,0,0.0,0.0
2026-09-10 12:00:00,Feeder_3,False,0,0,0,0.0,0.0
2026-09-10 13:00:00,Feeder_3,False,0,0,0,0.0,0.0
2026-09-10 14:00:00,Feeder_3,True,0,0,0,0.0,1.0
2026-09-10 15:00:00,Feeder_3,True,1,0,0,0.0,1.0
2026-09-10 16:00:00,Feeder_3,True,1,1,0,0.0,1.0
2026-09-10 17:00:00,Feeder_3,True,1,1,0,0.0,0.0
2026-09-10 18:00:00,Feeder_3,True,0,0,0,0.0,0.0
2026-09-10 19:00:00,Feeder_3,False,0,0,0,5.96,0.0
2026-09-10 20:00:00,Feeder_3,False,0,0,0,40.45,0.0
2026-09-10 21:00:00,Feeder_3,False,0,0,0,39.88,0.0
2026-09-10 22:00:00,Feeder_3,False,0,0,0,35.36,0.0
2026-09-10 23:00:00,Feeder_3,False,0,0,0,26.56,0.0
2026-09-11 00:00:00,Feeder_3,False,0,0,0,21.04,0.0
2026-09-11 01:00:00,Feeder_3,False,0,0,0,22.91,0.0
2026-09-11 02:00:00,Feeder_3,False,0,0,0,22.99,0.0
2026-09-11 03:00:00,Feeder_3,False,0,0,0,21.86,0.0
2026-09-11 04:00:00,Feeder_3,False,0,0,0,19.71,0.0
2026-09-11 05:00:00,Feeder_3,False,0,0,0,22.37,0.0
2026-09-11 06:00:00,Feeder_3,False,0,0,0,24.19,1.0
2026-09-11 07:00:00,Feeder_3,False,0,0,0,8.66,1.0
2026-09-11 08:00:00,Feeder_3,False,1,1,0,0.0,0.0
2026-09-11 09:00:00,Feeder_3,False,1,0,0,0.0,0.0
2026-09-11 10:00:00,Feeder_3,False,1,0,0,0.0,0.0
2026-09-11 11:00:00,Feeder_3,False,1,0,0,0.0,0.0
2026-09-11 12:00:00,Feeder_3,False,0,0,0,0.0,0.0
2026-09-11 13:00:00,Feeder_3,False,0,0,0,0.0,0.0
2026-09-11 14:00:00,Feeder_3,True,1,0,0,0.0,0.0
2026-09-11 15:00:00,Feeder_3,True,1,0,0,0.0,1.0
2026-09-11 16:00:00,Feeder_3,True,1,0,0,0.0,1.0
2026-09-11 17:00:00,Feeder_3,True,1,1,0,0.0,0.0
2026-09-11 18:00:00,Feeder_3,True,0,0,0,0.0,0.0
2026-09-11 19:00:00,Feeder_3,False,0,0,0,0.0,0.0
2026-09-11 20:00:00,Feeder_3,False,0,0,0,36.04,0.0
2026-09-11 21:00:00,Feeder_3,False,0,0,0,39.38,0.0
2026-09-11 22:00:00,Feeder_3,False,0,0,0,30.47,0.0
2026-09-11 23:00:00,Feeder_3,False,0,0,0,29.8,0.0
2026-09-12 00:00:00,Feeder_3,False,0,0,0,21.1,0.0
2026-09-12 01:00:00,Feeder_3,False,0,0,0,20.42,0.0
2026-09-12 02:00:00,Feeder_3,False,0,0,0,19.24,0.0
2026-09-12 03:00:00,Feeder_3,False,0,0,0,21.23,0.0
2026-09-12 04:00:00,Feeder_3,False,0,0,0,21.12,0.0
2026-09-12 05:00:00,Feeder_3,False,0,0,0,22.49,0.0
2026-09-12 06:00:00,Feeder_3,False,0,0,0,25.24,1.0
2026-09-12 07:00:00,Feeder_3,False,0,0,0,10.71,1.0
2026-09-12 08:00:00,Feeder_3,False,1,1,0,0.0,1.0
2026-09-12 09:00:00,Feeder_3,False,1,1,0,0.0,0.0
2026-09-12 10:00:00,Feeder_3,False,1,0,0,0.0,0.0
2026-09-12 11:00:00,Feeder_3,False,1,0,0,0.0,0.0
2026-09-12 12:00:00,Feeder_3,False,0,0,0,0.0,0.0
2026-09-12 13:00:00,Feeder_3,False,0,0,0,0.0,0.0
2026-09-12 14:00:00,Feeder_3,True,1,0,0,0.0,1.0
2026-09-12 15:00:00,Feeder_3,True,1,0,0,0.0,1.0
2026-09-12 16:00:00,Feeder_3,True,1,1,0,0.0,1.0
2026-09-12 17:00:00,Feeder_3,True,1,1,0,0.0,0.0
2026-09-12 18:00:00,Feeder_3,True,0,0,0,0.0,0.0
2026-09-12 19:00:00,Feeder_3,False,0,0,0,0.0,0.0
2026-09-12 20:00:00,Feeder_3,False,0,0,0,13.94,0.0
2026-09-12 21:00:00,Feeder_3,False,0,0,0,36.29,0.0
2026-09-12 22:00:00,Feeder_3,False,0,0,0,32.41,0.0
2026-09-12 23:00:00,Feeder_3,False,0,0,0,26.54,0.0
2026-09-13 00:00:00,Feeder_3,False,0,0,0,20.75,0.0
2026-09-13 01:00:00,Feeder_3,False,0,0,0,23.9,0.0
2026-09-13 02:00:00,Feeder_3,False,0,0,0,22.14,0.0
2026-09-13 03:00:00,Feeder_3,False,0,0,0,20.69,0.0
2026-09-13 04:00:00,Feeder_3,False,0,0,0,20.26,0.0
2026-09-13 05:00:00,Feeder_3,False,0,0,0,21.58,0.0
2026-09-13 06:00:00,Feeder_3,False,0,0,0,28.22,1.0
2026-09-13 07:00:00,Feeder_3,False,0,0,0,9.95,1.0
2026-09-13 08:00:00,Feeder_3,False,1,1,1,3.35,1.0
2026-09-13 09:00:00,Feeder_3,False,1,1,0,0.0,0.0
2026-09-13 10:00:00,Feeder_3,False,1,0,0,0.0,0.0
2026-09-13 11:00:00,Feeder_3,False,1,0,0,0.0,0.0
2026-09-13 12:00:00,Feeder_3,False,0,0,0,0.0,0.0
2026-09-13 13:00:00,Feeder_3,True,0,0,0,0.0,0.0
2026-09-13 14:00:00,Feeder_3,True,1,0,0,0.0,1.0
2026-09-13 15:00:00,Feeder_3,True,1,0,0,0.0,1.0
2026-09-13 16:00:00,Feeder_3,True,1,1,0,0.0,1.0
2026-09-13 17:00:00,Feeder_3,True,1,1,0,0.0,0.0
2026-09-13 18:00:00,Feeder_3,True,0,0,0,0.0,0.0
2026-09-13 19:00:00,Feeder_3,False,0,0,0,8.38,0.0
2026-09-13 20:00:00,Feeder_3,False,0,0,0,41.4,0.0
2026-09-13 21:00:00,Feeder_3,False,0,0,0,39.71,0.0
2026-09-13 22:00:00,Feeder_3,False,0,0,0,31.38,0.0
2026-09-13 23:00:00,Feeder_3,False,0,0,0,24.28,0.0
2026-09-14 00:00:00,Feeder_3,False,0,0,0,18.86,0.0
2026-09-14 01:00:00,Feeder_3,False,0,0,0,20.13,0.0
2026-09-14 02:00:00,Feeder_3,False,0,0,0,23.09,0.0
2026-09-14 03:00:00,Feeder_3,False,0,0,0,20.51,0.0
2026-09-14 04:00:00,Feeder_3,False,0,0,0,23.47,0.0
2026-09-14 05:00:00,Feeder_3,False,0,0,0,23.39,0.0
2026-09-14 06:00:00,Feeder_3,False,0,0,0,22.44,1.0
2026-09-14 07:00:00,Feeder_3,False,0,0,0,13.56,1.0
2026-09-14 08:00:00,Feeder_3,False,1,1,1,3.14,1.0
2026-09-14 09:00:00,Feeder_3,False,1,0,0,0.0,1.0
2026-09-14 10:00:00,Feeder_3,True,1,1,0,1.06,1.0
2026-09-14 11:00:00,Feeder_3,False,1,1,1,43.79,1.0
2026-09-14 12:00:00,Feeder_3,False,1,1,1,40.73,1.0
2026-09-14 13:00:00,Feeder_3,False,1,1,1,37.58,1.0
2026-09-14 14:00:00,Feeder_3,False,1,1,1,35.37,1.0
2026-09-14 15:00:00,Feeder_3,False,1,1,1,36.59,1.0
2026-09-14 16:00:00,Feeder_3,False,1,1,1,3.5,1.0
2026-09-14 17:00:00,Feeder_3,True,1,1,1,22.59,0.0
2026-09-14 18:00:00,Feeder_3,True,0,0,0,36.52,0.0
2026-09-14 19:00:00,Feeder_3,False,0,0,0,38.69,0.0
2026-09-14 20:00:00,Feeder_3,False,0,0,0,42.01,0.0
2026-09-14 21:00:00,Feeder_3,False,0,0,0,37.28,0.0
2026-09-14 22:00:00,Feeder_3,False,0,0,0,32.38,0.0
2026-09-14 23:00:00,Feeder_3,False,0,0,0,26.31,0.0
2026-09-15 00:00:00,Feeder_3,False,0,0,0,20.49,0.0
2026-09-15 01:00:00,Feeder_3,False,0,0,0,23.09,0.0
2026-09-15 02:00:00,Feeder_3,False,0,0,0,20.54,0.0
2026-09-15 03:00:00,Feeder_3,False,0,0,0,22.49,0.0
2026-09-15 04:00:00,Feeder_3,False,0,0,0,18.98,0.0
2026-09-15 05:00:00,Feeder_3,False,0,0,0,24.85,0.0
2026-09-15 06:00:00,Feeder_3,False,0,0,0,21.65,1.0
2026-09-15 07:00:00,Feeder_3,False,0,0,0,11.26,1.0
2026-09-15 08:00:00,Feeder_3,False,1,1,0,0.0,0.0
2026-09-15 09:00:00,Feeder_3,False,1,0,0,0.0,0.0
2026-09-15 10:00:00,Feeder_3,False,1,0,0,0.0,0.0
2026-09-15 11:00:00,Feeder_3,False,1,0,0,0.0,0.0
2026-09-15 12:00:00,Feeder_3,False,0,0,0,0.0,0.0
2026-09-15 13:00:00,Feeder_3,False,0,0,0,0.0,0.0
2026-09-15 14:00:00,Feeder_3,True,1,0,0,0.0,1.0
2026-09-15 15:00:00,Feeder_3,True,1,0,0,0.0,1.0
2026-09-15 16:00:00,Feeder_3,True,1,1,0,0.0,1.0
2026-09-15 17:00:00,Feeder_3,True,1,1,0,0.0,0.0
2026-09-15 18:00:00,Feeder_3,True,0,0,0,0.0,0.0
2026-09-15 19:00:00,Feeder_3,False,0,0,0,0.0,0.0
2026-09-15 20:00:00,Feeder_3,False,0,0,0,9.5,0.0
2026-09-15 21:00:00,Feeder_3,False,0,0,0,39.3,0.0
2026-09-15 22:00:00,Feeder_3,False,0,0,0,32.44,0.0
2026-09-15 23:00:00,Feeder_3,False,0,0,0,26.45,0.0
2026-09-16 00:00:00,Feeder_3,False,0,0,0,22.1,0.0
2026-09-16 01:00:00,Feeder_3,False,0,0,0,21.31,0.0
2026-09-16 02:00:00,Feeder_3,False,0,0,0,20.99,0.0
2026-09-16 03:00:00,Feeder_3,False,0,0,0,20.55,0.0
2026-09-16 04:00:00,Feeder_3,False,0,0,0,20.47,0.0
2026-09-16 05:00:00,Feeder_3,False,0,0,0,19.38,0.0
2026-09-16 06:00:00,Feeder_3,False,0,0,0,24.7,1.0
2026-09-16 07:00:00,Feeder_3,False,0,0,0,13.19,1.0
2026-09-16 08:00:00,Feeder_3,False,1,1,0,1.08,0.0
2026-09-16 09:00:00,Feeder_3,False,1,0,0,0.0,0.0
2026-09-16 10:00:00,Feeder_3,False,1,0,0,0.0,0.0
2026-09-16 11:00:00,Feeder_3,False,1,0,0,0.0,0.0
2026-09-16 12:00:00,Feeder_3,False,0,0,0,0.0,0.0
2026-09-16 13:00:00,Feeder_3,False,0,0,0,0.0,0.0
2026-09-16 14:00:00,Feeder_3,True,1,0,0,0.0,0.0
2026-09-16 15:00:00,Feeder_3,True,1,0,0,0.0,1.0
2026-09-16 16:00:00,Feeder_3,True,1,0,0,0.0,1.0
2026-09-16 17:00:00,Feeder_3,True,1,1,0,0.0,0.0
2026-09-16 18:00:00,Feeder_3,True,0,0,0,0.0,0.0
2026-09-16 19:00:00,Feeder_3,False,0,0,0,0.0,0.0
2026-09-16 20:00:00,Feeder_3,False,0,0,0,29.63,0.0
2026-09-16 21:00:00,Feeder_3,False,0,0,0,39.04,0.0
2026-09-16 22:00:00,Feeder_3,False,0,0,0,31.59,0.0
2026-09-16 23:00:00,Feeder_3,False,0,0,0,26.56,0.0
2026-09-17 00:00:00,Feeder_3,False,0,0,0,21.05,0.0
2026-09-17 01:00:00,Feeder_3,False,0,0,0,21.27,0.0
2026-09-17 02:00:00,Feeder_3,False,0,0,0,24.25,0.0
2026-09-17 03:00:00,Feeder_3,False,0,0,0,21.39,0.0
2026-09-17 04:00:00,Feeder_3,False,0,0,0,21.73,0.0
2026-09-17 05:00:00,Feeder_3,False,0,0,0,21.77,0.0
2026-09-17 06:00:00,Feeder_3,False,0,0,0,24.08,1.0
2026-09-17 07:00:00,Feeder_3,False,0,0,0,8.78,1.0
2026-09-17 08:00:00,Feeder_3,False,1,1,0,0.0,0.0
2026-09-17 09:00:00,Feeder_3,False,1,0,0,0.0,0.0
2026-09-17 10:00:00,Feeder_3,False,1,0,0,0.0,0.0
2026-09-17 11:00:00,Feeder_3,False,0,0,0,0.0,0.0
2026-09-17 12:00:00,Feeder_3,False,0,0,0,0.0,0.0
2026-09-17 13:00:00,Feeder_3,False,0,0,0,0.0,0.0
2026-09-17 14:00:00,Feeder_3,True,0,0,0,0.0,1.0
2026-09-17 15:00:00,Feeder_3,True,1,0,0,0.0,1.0
2026-09-17 16:00:00,Feeder_3,True,1,1,0,0.0,1.0
2026-09-17 17:00:00,Feeder_3,True,1,1,0,0.0,0.0
2026-09-17 18:00:00,Feeder_3,True,0,0,0,0.0,0.0
2026-09-17 19:00:00,Feeder_3,False,0,0,0,5.85,0.0
2026-09-17 20:00:00,Feeder_3,False,0,0,0,42.06,0.0
2026-09-17 21:00:00,Feeder_3,False,0,0,0,38.54,0.0
2026-09-17 22:00:00,Feeder_3,False,0,0,0,34.61,0.0
2026-09-17 23:00:00,Feeder_3,False,0,0,0,25.69,0.0
2026-09-18 00:00:00,Feeder_3,False,0,0,0,24.35,0.0
2026-09-18 01:00:00,Feeder_3,False,0,0,0,23.29,0.0
2026-09-18 02:00:00,Feeder_3,False,0,0,0,21.05,0.0
2026-09-18 03:00:00,Feeder_3,False,0,0,0,19.16,0.0
2026-09-18 04:00:00,Feeder_3,False,0,0,0,21.49,0.0
2026-09-18 05:00:00,Feeder_3,False,0,0,0,22.3,0.0
2026-09-18 06:00:00,Feeder_3,False,0,0,0,24.7,1.0
2026-09-18 07:00:00,Feeder_3,False,0,0,0,11.75,1.0
2026-09-18 08:00:00,Feeder_3,False,1,1,0,0.0,1.0
2026-09-18 09:00:00,Feeder_3,False,1,1,0,0.0,0.0
2026-09-18 10:00:00,Feeder_3,False,1,0,0,0.0,0.0
2026-09-18 11:00:00,Feeder_3,False,1,0,0,0.0,0.0
2026-09-18 12:00:00,Feeder_3,False,0,0,0,0.0,0.0
2026-09-18 13:00:00,Feeder_3,False,0,0,0,0.0,0.0
2026-09-18 14:00:00,Feeder_3,True,1,0,0,0.0,1.0
2026-09-18 15:00:00,Feeder_3,True,1,0,0,0.0,1.0
2026-09-18 16:00:00,Feeder_3,True,1,1,0,0.0,1.0
2026-09-18 17:00:00,Feeder_3,True,1,1,0,0.0,0.0
2026-09-18 18:00:00,Feeder_3,True,0,0,0,0.0,0.0
2026-09-18 19:00:00,Feeder_3,False,0,0,0,0.0,0.0
2026-09-18 20:00:00,Feeder_3,False,0,0,0,29.13,0.0
2026-09-18 21:00:00,Feeder_3,False,0,0,0,39.13,0.0
2026-09-18 22:00:00,Feeder_3,False,0,0,0,33.64,0.0
2026-09-18 23:00:00,Feeder_3,False,0,0,0,22.16,0.0
2026-09-19 00:00:00,Feeder_3,False,0,0,0,21.89,0.0
2026-09-19 01:00:00,Feeder_3,False,0,0,0,18.63,0.0
2026-09-19 02:00:00,Feeder_3,False,0,0,0,23.88,0.0
2026-09-19 03:00:00,Feeder_3,False,0,0,0,22.76,0.0
2026-09-19 04:00:00,Feeder_3,False,0,0,0,20.42,0.0
2026-09-19 05:00:00,Feeder_3,False,0,0,0,22.79,0.0
2026-09-19 06:00:00,Feeder_3,False,0,0,0,27.77,1.0
2026-09-19 07:00:00,Feeder_3,False,0,0,0,13.24,1.0
2026-09-19 08:00:00,Feeder_3,False,1,1,0,0.0,0.0
2026-09-19 09:00:00,Feeder_3,False,1,0,0,0.0,0.0
2026-09-19 10:00:00,Feeder_3,False,1,0,0,0.0,0.0
2026-09-19 11:00:00,Feeder_3,False,1,0,0,0.0,0.0
2026-09-19 12:00:00,Feeder_3,False,0,0,0,0.0,0.0
2026-09-19 13:00:00,Feeder_3,False,0,0,0,0.0,0.0
2026-09-19 14:00:00,Feeder_3,True,0,0,0,0.0,1.0
2026-09-19 15:00:00,Feeder_3,True,1,0,0,0.0,1.0
2026-09-19 16:00:00,Feeder_3,True,1,1,0,0.0,1.0
2026-09-19 17:00:00,Feeder_3,True,1,1,0,0.0,0.0
2026-09-19 18:00:00,Feeder_3,True,0,0,0,0.0,0.0
2026-09-19 19:00:00,Feeder_3,False,0,0,0,0.0,0.0
2026-09-19 20:00:00,Feeder_3,False,0,0,0,20.18,0.0
2026-09-19 21:00:00,Feeder_3,False,0,0,0,38.56,0.0
2026-09-19 22:00:00,Feeder_3,False,0,0,0,31.24,0.0
2026-09-19 23:00:00,Feeder_3,False,0,0,0,25.24,0.0
2026-09-20 00:00:00,Feeder_3,False,0,0,0,21.4,0.0
2026-09-20 01:00:00,Feeder_3,False,0,0,0,19.73,0.0
2026-09-20 02:00:00,Feeder_3,False,0,0,0,20.71,0.0
2026-09-20 03:00:00,Feeder_3,False,0,0,0,22.25,0.0
2026-09-20 04:00:00,Feeder_3,False,0,0,0,21.62,0.0
2026-09-20 05:00:00,Feeder_3,False,0,0,0,19.21,0.0
2026-09-20 06:00:00,Feeder_3,False,0,0,0,23.48,1.0
2026-09-20 07:00:00,Feeder_3,False,0,0,0,9.13,1.0
2026-09-20 08:00:00,Feeder_3,False,1,1,0,0.0,1.0
2026-09-20 09:00:00,Feeder_3,False,1,1,0,0.0,0.0
2026-09-20 10:00:00,Feeder_3,False,1,0,0,0.0,0.0
2026-09-20 11:00:00,Feeder_3,False,1,0,0,0.0,0.0
2026-09-20 12:00:00,Feeder_3,False,0,0,0,0.0,0.0
2026-09-20 13:00:00,Feeder_3,False,0,0,0,0.0,0.0
2026-09-20 14:00:00,Feeder_3,True,1,0,0,0.0,0.0
2026-09-20 15:00:00,Feeder_3,True,1,0,0,0.0,1.0
2026-09-20 16:00:00,Feeder_3,True,1,0,0,0.0,1.0
2026-09-20 17:00:00,Feeder_3,True,1,1,0,0.0,0.0
2026-09-20 18:00:00,Feeder_3,True,0,0,0,0.0,0.0
2026-09-20 19:00:00,Feeder_3,False,0,0,0,0.0,0.0
2026-09-20 20:00:00,Feeder_3,False,0,0,0,29.09,0.0
2026-09-20 21:00:00,Feeder_3,False,0,0,0,37.04,0.0
2026-09-20 22:00:00,Feeder_3,False,0,0,0,32.94,0.0
2026-09-20 23:00:00,Feeder_3,False,0,0,0,27.26,0.0
2026-09-21 00:00:00,Feeder_3,False,0,0,0,19.83,0.0
2026-09-21 01:00:00,Feeder_3,False,0,0,0,20.82,0.0
2026-09-21 02:00:00,Feeder_3,False,0,0,0,21.61,0.0
2026-09-21 03:00:00,Feeder_3,False,0,0,0,21.09,0.0
2026-09-21 04:00:00,Feeder_3,False,0,0,0,22.0,0.0
2026-09-21 05:00:00,Feeder_3,False,0,0,0,21.81,0.0
2026-09-21 06:00:00,Feeder_3,False,0,0,0,22.8,1.0
2026-09-21 07:00:00,Feeder_3,False,0,0,0,15.35,1.0
2026-09-21 08:00:00,Feeder_3,False,1,1,0,0.0,0.0
2026-09-21 09:00:00,Feeder_3,False,1,0,0,0.0,0.0
2026-09-21 10:00:00,Feeder_3,False,1,0,0,0.0,0.0
2026-09-21 11:00:00,Feeder_3,False,1,0,0,0.0,0.0
2026-09-21 12:00:00,Feeder_3,False,0,0,0,0.0,0.0
2026-09-21 13:00:00,Feeder_3,False,0,0,0,0.0,0.0
2026-09-21 14:00:00,Feeder_3,True,1,0,0,0.0,1.0
2026-09-21 15:00:00,Feeder_3,True,1,0,0,0.0,1.0
2026-09-21 16:00:00,Feeder_3,True,1,1,0,0.0,1.0
2026-09-21 17:00:00,Feeder_3,True,1,1,0,0.0,0.0
2026-09-21 18:00:00,Feeder_3,True,0,0,0,0.0,0.0
2026-09-21 19:00:00,Feeder_3,False,0,0,0,0.0,0.0
2026-09-21 20:00:00,Feeder_3,False,0,0,0,34.03,0.0
2026-09-21 21:00:00,Feeder_3,False,0,0,0,36.56,0.0
2026-09-21 22:00:00,Feeder_3,False,0,0,0,32.32,0.0
2026-09-21 23:00:00,Feeder_3,False,0,0,0,25.81,0.0
2026-09-22 00:00:00,Feeder_3,False,0,0,0,21.58,0.0
2026-09-22 01:00:00,Feeder_3,False,0,0,0,23.47,0.0
2026-09-22 02:00:00,Feeder_3,False,0,0,0,21.84,0.0
2026-09-22 03:00:00,Feeder_3,False,0,0,0,18.15,0.0
2026-09-22 04:00:00,Feeder_3,False,0,0,0,25.93,0.0
2026-09-22 05:00:00,Feeder_3,False,0,0,0,21.49,0.0
2026-09-22 06:00:00,Feeder_3,False,0,0,0,25.57,1.0
2026-09-22 07:00:00,Feeder_3,False,0,0,0,10.09,1.0
2026-09-22 08:00:00,Feeder_3,False,1,1,1,7.76,1.0
2026-09-22 09:00:00,Feeder_3,False,1,1,0,0.0,0.0
2026-09-22 10:00:00,Feeder_3,False,1,0,0,0.0,0.0
2026-09-22 11:00:00,Feeder_3,False,1,0,0,0.0,0.0
2026-09-22 12:00:00,Feeder_3,False,0,0,0,0.0,0.0
2026-09-22 13:00:00,Feeder_3,False,0,0,0,0.0,0.0
2026-09-22 14:00:00,Feeder_3,True,0,0,0,0.0,1.0
2026-09-22 15:00:00,Feeder_3,True,1,0,0,0.0,1.0
2026-09-22 16:00:00,Feeder_3,True,1,1,0,0.0,1.0
2026-09-22 17:00:00,Feeder_3,True,1,1,0,0.0,0.0
2026-09-22 18:00:00,Feeder_3,True,0,0,0,0.0,0.0
2026-09-22 19:00:00,Feeder_3,False,0,0,0,22.14,0.0
2026-09-22 20:00:00,Feeder_3,False,0,0,0,42.98,0.0
2026-09-22 21:00:00,Feeder_3,False,0,0,0,40.7,0.0
2026-09-22 22:00:00,Feeder_3,False,0,0,0,31.97,0.0
2026-09-22 23:00:00,Feeder_3,False,0,0,0,27.58,0.0
2026-09-23 00:00:00,Feeder_3,False,0,0,0,21.04,0.0
2026-09-23 01:00:00,Feeder_3,False,0,0,0,19.95,0.0
2026-09-23 02:00:00,Feeder_3,False,0,0,0,23.19,0.0
2026-09-23 03:00:00,Feeder_3,False,0,0,0,20.0,0.0
2026-09-23 04:00:00,Feeder_3,False,0,0,0,22.5,0.0
2026-09-23 05:00:00,Feeder_3,False,0,0,0,22.58,0.0
2026-09-23 06:00:00,Feeder_3,False,0,0,0,22.02,1.0
2026-09-23 07:00:00,Feeder_3,False,0,0,0,12.84,1.0
2026-09-23 08:00:00,Feeder_3,False,1,1,0,0.0,1.0
2026-09-23 09:00:00,Feeder_3,False,1,1,0,0.0,0.0
2026-09-23 10:00:00,Feeder_3,False,1,0,0,0.0,0.0
2026-09-23 11:00:00,Feeder_3,False,1,0,0,0.0,0.0
2026-09-23 12:00:00,Feeder_3,False,1,0,0,0.0,0.0
2026-09-23 13:00:00,Feeder_3,False,1,0,0,0.0,0.0
2026-09-23 14:00:00,Feeder_3,False,0,0,0,0.0,1.0
2026-09-23 15:00:00,Feeder_3,True,1,0,0,0.0,1.0
2026-09-23 16:00:00,Feeder_3,True,1,1,0,0.0,1.0
2026-09-23 17:00:00,Feeder_3,True,1,1,0,0.0,0.0
2026-09-23 18:00:00,Feeder_3,True,0,0,0,0.0,0.0
2026-09-23 19:00:00,Feeder_3,False,0,0,0,0.0,0.0
2026-09-23 20:00:00,Feeder_3,False,0,0,0,13.81,0.0
2026-09-23 21:00:00,Feeder_3,False,0,0,0,38.19,0.0
2026-09-23 22:00:00,Feeder_3,False,0,0,0,33.11,0.0
2026-09-23 23:00:00,Feeder_3,False,0,0,0,25.03,0.0
2026-09-24 00:00:00,Feeder_3,False,0,0,0,21.66,0.0
2026-09-24 01:00:00,Feeder_3,False,0,0,0,23.74,0.0
2026-09-24 02:00:00,Feeder_3,False,0,0,0,23.69,0.0
2026-09-24 03:00:00,Feeder_3,False,0,0,0,21.4,0.0
2026-09-24 04:00:00,Feeder_3,False,0,0,0,22.34,0.0
2026-09-24 05:00:00,Feeder_3,False,0,0,0,23.12,0.0
2026-09-24 06:00:00,Feeder_3,False,0,0,0,26.38,1.0
2026-09-24 07:00:00,Feeder_3,False,0,0,0,11.62,1.0
2026-09-24 08:00:00,Feeder_3,False,1,1,1,2.12,1.0
2026-09-24 09:00:00,Feeder_3,False,1,1,0,0.0,0.0
2026-09-24 10:00:00,Feeder_3,False,1,0,0,0.0,0.0
2026-09-24 11:00:00,Feeder_3,False,1,0,0,0.0,0.0
2026-09-24 12:00:00,Feeder_3,False,0,0,0,0.0,0.0
2026-09-24 13:00:00,Feeder_3,False,1,0,0,0.0,0.0
2026-09-24 14:00:00,Feeder_3,True,1,0,0,0.0,1.0
2026-09-24 15:00:00,Feeder_3,True,1,0,0,0.0,1.0
2026-09-24 16:00:00,Feeder_3,True,1,1,0,0.0,1.0
2026-09-24 17:00:00,Feeder_3,True,1,1,0,0.0,0.0
2026-09-24 18:00:00,Feeder_3,True,0,0,0,0.0,0.0
2026-09-24 19:00:00,Feeder_3,False,0,0,0,0.0,0.0
2026-09-24 20:00:00,Feeder_3,False,0,0,0,35.96,0.0
2026-09-24 21:00:00,Feeder_3,False,0,0,0,40.9,0.0
2026-09-24 22:00:00,Feeder_3,False,0,0,0,32.24,0.0
2026-09-24 23:00:00,Feeder_3,False,0,0,0,28.28,0.0
2026-09-25 00:00:00,Feeder_3,False,0,0,0,23.36,0.0
2026-09-25 01:00:00,Feeder_3,False,0,0,0,22.58,0.0
2026-09-25 02:00:00,Feeder_3,False,0,0,0,21.41,0.0
2026-09-25 03:00:00,Feeder_3,False,0,0,0,22.24,0.0
2026-09-25 04:00:00,Feeder_3,False,0,0,0,20.98,0.0
2026-09-25 05:00:00,Feeder_3,False,0,0,0,21.93,0.0
2026-09-25 06:00:00,Feeder_3,False,0,0,0,25.95,1.0
2026-09-25 07:00:00,Feeder_3,False,0,0,0,9.53,1.0
2026-09-25 08:00:00,Feeder_3,False,1,1,0,1.45,1.0
2026-09-25 09:00:00,Feeder_3,False,1,1,0,0.0,0.0
2026-09-25 10:00:00,Feeder_3,False,1,0,0,0.0,0.0
2026-09-25 11:00:00,Feeder_3,False,1,0,0,0.0,0.0
2026-09-25 12:00:00,Feeder_3,False,0,0,0,0.0,0.0
2026-09-25 13:00:00,Feeder_3,True,1,0,0,0.0,0.0
2026-09-25 14:00:00,Feeder_3,False,0,0,0,0.0,1.0
2026-09-25 15:00:00,Feeder_3,True,1,0,0,0.0,1.0
2026-09-25 16:00:00,Feeder_3,True,1,1,0,0.0,1.0
2026-09-25 17:00:00,Feeder_3,True,1,1,0,0.0,0.0
2026-09-25 18:00:00,Feeder_3,True,0,0,0,0.0,0.0
2026-09-25 19:00:00,Feeder_3,False,0,0,0,2.25,0.0
2026-09-25 20:00:00,Feeder_3,False,0,0,0,43.86,0.0
2026-09-25 21:00:00,Feeder_3,False,0,0,0,37.76,0.0
2026-09-25 22:00:00,Feeder_3,False,0,0,0,33.32,0.0
2026-09-25 23:00:00,Feeder_3,False,0,0,0,25.47,0.0
2026-09-26 00:00:00,Feeder_3,False,0,0,0,20.16,0.0
2026-09-26 01:00:00,Feeder_3,False,0,0,0,20.14,0.0
2026-09-26 02:00:00,Feeder_3,False,0,0,0,20.08,0.0
2026-09-26 03:00:00,Feeder_3,False,0,0,0,20.51,0.0
2026-09-26 04:00:00,Feeder_3,False,0,0,0,20.33,0.0
2026-09-26 05:00:00,Feeder_3,False,0,0,0,21.49,0.0
2026-09-26 06:00:00,Feeder_3,False,0,0,0,23.92,1.0
2026-09-26 07:00:00,Feeder_3,False,0,0,0,11.8,1.0
2026-09-26 08:00:00,Feeder_3,False,1,1,0,0.0,1.0
2026-09-26 09:00:00,Feeder_3,False,1,1,0,0.0,0.0
2026-09-26 10:00:00,Feeder_3,False,1,0,0,0.0,0.0
2026-09-26 11:00:00,Feeder_3,False,1,0,0,0.0,0.0
2026-09-26 12:00:00,Feeder_3,False,0,0,0,0.0,0.0
2026-09-26 13:00:00,Feeder_3,True,1,0,0,0.0,0.0
2026-09-26 14:00:00,Feeder_3,True,1,0,0,0.0,0.0
2026-09-26 15:00:00,Feeder_3,True,1,0,0,0.0,1.0
2026-09-26 16:00:00,Feeder_3,True,1,0,0,0.0,1.0
2026-09-26 17:00:00,Feeder_3,True,1,1,0,0.0,0.0
2026-09-26 18:00:00,Feeder_3,True,0,0,0,0.0,0.0
2026-09-26 19:00:00,Feeder_3,False,0,0,0,0.0,0.0
2026-09-26 20:00:00,Feeder_3,False,0,0,0,21.56,0.0
2026-09-26 21:00:00,Feeder_3,False,0,0,0,37.95,0.0
2026-09-26 22:00:00,Feeder_3,False,0,0,0,32.05,0.0
2026-09-26 23:00:00,Feeder_3,False,0,0,0,24.37,0.0
2026-09-27 00:00:00,Feeder_3,False,0,0,0,17.23,0.0
2026-09-27 01:00:00,Feeder_3,False,0,0,0,20.59,0.0
2026-09-27 02:00:00,Feeder_3,False,0,0,0,20.48,0.0
2026-09-27 03:00:00,Feeder_3,False,0,0,0,24.14,0.0
2026-09-27 04:00:00,Feeder_3,False,0,0,0,20.93,0.0
2026-09-27 05:00:00,Feeder_3,False,0,0,0,21.35,0.0
2026-09-27 06:00:00,Feeder_3,False,0,0,0,23.93,1.0
2026-09-27 07:00:00,Feeder_3,False,0,0,0,11.07,1.0
2026-09-27 08:00:00,Feeder_3,False,1,1,0,0.0,0.0
2026-09-27 09:00:00,Feeder_3,False,1,0,0,0.0,0.0
2026-09-27 10:00:00,Feeder_3,False,1,0,0,0.0,0.0
2026-09-27 11:00:00,Feeder_3,False,1,0,0,0.0,0.0
2026-09-27 12:00:00,Feeder_3,False,0,0,0,0.0,0.0
2026-09-27 13:00:00,Feeder_3,False,0,0,0,0.0,0.0
2026-09-27 14:00:00,Feeder_3,True,0,0,0,0.0,1.0
2026-09-27 15:00:00,Feeder_3,True,1,0,0,0.0,1.0
2026-09-27 16:00:00,Feeder_3,True,1,1,0,0.0,1.0
2026-09-27 17:00:00,Feeder_3,True,1,1,0,0.0,0.0
2026-09-27 18:00:00,Feeder_3,True,0,0,0,0.0,0.0
2026-09-27 19:00:00,Feeder_3,False,0,0,0,0.0,0.0
2026-09-27 20:00:00,Feeder_3,False,0,0,0,28.39,0.0
2026-09-27 21:00:00,Feeder_3,False,0,0,0,37.06,0.0
2026-09-27 22:00:00,Feeder_3,False,0,0,0,34.21,0.0
2026-09-27 23:00:00,Feeder_3,False,0,0,0,26.45,0.0
2026-09-28 00:00:00,Feeder_3,False,0,0,0,21.41,0.0
2026-09-28 01:00:00,Feeder_3,False,0,0,0,22.04,0.0
2026-09-28 02:00:00,Feeder_3,False,0,0,0,21.17,0.0
2026-09-28 03:00:00,Feeder_3,False,0,0,0,21.46,0.0
2026-09-28 04:00:00,Feeder_3,False,0,0,0,19.72,0.0
2026-09-28 05:00:00,Feeder_3,False,0,0,0,22.62,0.0
2026-09-28 06:00:00,Feeder_3,False,0,0,0,23.75,1.0
2026-09-28 07:00:00,Feeder_3,False,0,0,0,13.06,1.0
2026-09-28 08:00:00,Feeder_3,False,1,1,0,0.0,0.0
2026-09-28 09:00:00,Feeder_3,False,1,0,0,0.0,0.0
2026-09-28 10:00:00,Feeder_3,False,1,0,0,0.0,0.0
2026-09-28 11:00:00,Feeder_3,False,1,0,0,0.0,0.0
2026-09-28 12:00:00,Feeder_3,False,0,0,0,0.0,0.0
2026-09-28 13:00:00,Feeder_3,False,0,0,0,0.0,0.0
2026-09-28 14:00:00,Feeder_3,True,1,0,0,0.0,1.0
2026-09-28 15:00:00,Feeder_3,True,1,0,0,0.0,1.0
2026-09-28 16:00:00,Feeder_3,True,1,1,0,0.0,1.0
2026-09-28 17:00:00,Feeder_3,True,1,1,0,0.0,0.0
2026-09-28 18:00:00,Feeder_3,True,0,0,0,0.0,0.0
2026-09-28 19:00:00,Feeder_3,False,0,0,0,0.0,0.0
2026-09-28 20:00:00,Feeder_3,False,0,0,0,32.08,0.0
2026-09-28 21:00:00,Feeder_3,False,0,0,0,39.24,0.0
2026-09-28 22:00:00,Feeder_3,False,0,0,0,31.42,0.0
2026-09-28 23:00:00,Feeder_3,False,0,0,0,26.11,0.0
2026-09-29 00:00:00,Feeder_3,False,0,0,0,21.51,0.0
2026-09-29 01:00:00,Feeder_3,False,0,0,0,21.13,0.0
2026-09-29 02:00:00,Feeder_3,False,0,0,0,21.35,0.0
2026-09-29 03:00:00,Feeder_3,False,0,0,0,23.24,0.0
2026-09-29 04:00:00,Feeder_3,False,0,0,0,25.7,0.0
2026-09-29 05:00:00,Feeder_3,False,0,0,0,23.44,0.0
2026-09-29 06:00:00,Feeder_3,False,0,0,0,27.86,1.0
2026-09-29 07:00:00,Feeder_3,False,0,0,0,11.78,1.0
2026-09-29 08:00:00,Feeder_3,False,1,1,0,0.0,1.0
2026-09-29 09:00:00,Feeder_3,False,1,1,0,0.0,0.0
2026-09-29 10:00:00,Feeder_3,False,1,0,0,0.0,0.0
2026-09-29 11:00:00,Feeder_3,False,1,0,0,0.0,0.0
2026-09-29 12:00:00,Feeder_3,False,0,0,0,0.0,0.0
2026-09-29 13:00:00,Feeder_3,False,0,0,0,0.0,0.0
2026-09-29 14:00:00,Feeder_3,True,1,0,0,0.0,1.0
2026-09-29 15:00:00,Feeder_3,True,1,0,0,0.0,1.0
2026-09-29 16:00:00,Feeder_3,True,1,1,0,0.0,1.0
2026-09-29 17:00:00,Feeder_3,True,1,1,0,0.0,0.0
2026-09-29 18:00:00,Feeder_3,True,0,0,0,0.0,0.0
2026-09-29 19:00:00,Feeder_3,False,0,0,0,0.0,0.0
2026-09-29 20:00:00,Feeder_3,False,0,0,0,37.65,0.0
2026-09-29 21:00:00,Feeder_3,False,0,0,0,37.85,0.0
2026-09-29 22:00:00,Feeder_3,False,0,0,0,32.86,0.0
2026-09-29 23:00:00,Feeder_3,False,0,0,0,26.45,0.0
2026-09-30 00:00:00,Feeder_3,False,0,0,0,21.96,0.0
2026-09-30 01:00:00,Feeder_3,False,0,0,0,21.8,0.0
2026-09-30 02:00:00,Feeder_3,False,0,0,0,19.38,0.0
2026-09-30 03:00:00,Feeder_3,False,0,0,0,20.99,0.0
2026-09-30 04:00:00,Feeder_3,False,0,0,0,23.48,0.0
2026-09-30 05:00:00,Feeder_3,False,0,0,0,23.11,0.0
2026-09-30 06:00:00,Feeder_3,False,0,0,0,26.68,1.0
2026-09-30 07:00:00,Feeder_3,False,0,0,0,7.76,1.0
2026-09-30 08:00:00,Feeder_3,False,1,1,1,5.25,1.0
2026-09-30 09:00:00,Feeder_3,False,1,1,0,0.0,0.0
2026-09-30 10:00:00,Feeder_3,False,1,0,0,0.0,0.0
2026-09-30 11:00:00,Feeder_3,False,1,0,0,0.0,0.0
2026-09-30 12:00:00,Feeder_3,False,0,0,0,0.0,0.0
2026-09-30 13:00:00,Feeder_3,False,0,0,0,0.0,0.0
2026-09-30 14:00:00,Feeder_3,True,0,0,0,0.0,1.0
2026-09-30 15:00:00,Feeder_3,True,1,0,0,0.0,1.0
2026-09-30 16:00:00,Feeder_3,True,1,1,0,0.0,1.0
2026-09-30 17:00:00,Feeder_3,True,1,1,0,0.0,0.0
2026-09-30 18:00:00,Feeder_3,True,0,0,0,0.0,0.0
2026-09-30 19:00:00,Feeder_3,False,0,0,0,6.66,0.0
2026-09-30 20:00:00,Feeder_3,False,0,0,0,42.35,0.0
2026-09-30 21:00:00,Feeder_3,False,0,0,0,35.51,0.0
2026-09-30 22:00:00,Feeder_3,False,0,0,0,33.64,0.0
2026-09-30 23:00:00,Feeder_3,False,0,0,0,26.43,0.0
2026-09-01 00:00:00,Feeder_4,False,0,0,0,0.0,0.0
2026-09-01 01:00:00,Feeder_4,False,0,0,0,0.0,0.0
2026-09-01 02:00:00,Feeder_4,False,0,0,0,0.0,0.0
2026-09-01 03:00:00,Feeder_4,False,0,0,0,0.0,0.0
2026-09-01 04:00:00,Feeder_4,False,0,0,0,0.0,0.0
2026-09-01 05:00:00,Feeder_4,False,0,0,0,0.0,0.0
2026-09-01 06:00:00,Feeder_4,False,0,0,0,0.0,1.0
2026-09-01 07:00:00,Feeder_4,False,0,0,0,10.99,1.0
2026-09-01 08:00:00,Feeder_4,False,1,1,0,0.52,0.0
2026-09-01 09:00:00,Feeder_4,False,1,0,0,0.0,0.0
2026-09-01 10:00:00,Feeder_4,False,1,0,0,0.0,0.0
2026-09-01 11:00:00,Feeder_4,False,1,0,0,0.0,0.0
2026-09-01 12:00:00,Feeder_4,False,0,0,0,0.0,0.0
2026-09-01 13:00:00,Feeder_4,False,0,0,0,0.0,0.0
2026-09-01 14:00:00,Feeder_4,True,1,0,0,0.0,1.0
2026-09-01 15:00:00,Feeder_4,True,1,0,0,0.0,1.0
2026-09-01 16:00:00,Feeder_4,True,1,1,0,0.0,1.0
2026-09-01 17:00:00,Feeder_4,True,1,1,0,0.0,0.0
2026-09-01 18:00:00,Feeder_4,True,0,0,0,0.0,0.0
2026-09-01 19:00:00,Feeder_4,False,0,0,0,0.0,0.0
2026-09-01 20:00:00,Feeder_4,False,0,0,0,36.88,0.0
2026-09-01 21:00:00,Feeder_4,False,0,0,0,43.32,0.0
2026-09-01 22:00:00,Feeder_4,False,0,0,0,37.47,0.0
2026-09-01 23:00:00,Feeder_4,False,0,0,0,32.52,0.0
2026-09-02 00:00:00,Feeder_4,False,0,0,0,25.68,0.0
2026-09-02 01:00:00,Feeder_4,False,0,0,0,27.77,0.0
2026-09-02 02:00:00,Feeder_4,False,0,0,0,25.65,0.0
2026-09-02 03:00:00,Feeder_4,False,0,0,0,28.34,0.0
2026-09-02 04:00:00,Feeder_4,False,0,0,0,28.55,0.0
2026-09-02 05:00:00,Feeder_4,False,0,0,0,29.08,0.0
2026-09-02 06:00:00,Feeder_4,False,0,0,0,32.66,1.0
2026-09-02 07:00:00,Feeder_4,False,0,0,0,15.79,1.0
2026-09-02 08:00:00,Feeder_4,False,1,1,0,1.89,1.0
2026-09-02 09:00:00,Feeder_4,False,1,1,0,0.0,0.0
2026-09-02 10:00:00,Feeder_4,False,1,0,0,0.0,0.0
2026-09-02 11:00:00,Feeder_4,False,1,0,0,0.0,0.0
2026-09-02 12:00:00,Feeder_4,False,0,0,0,0.0,0.0
2026-09-02 13:00:00,Feeder_4,False,1,0,0,0.0,0.0
2026-09-02 14:00:00,Feeder_4,True,1,0,0,0.0,1.0
2026-09-02 15:00:00,Feeder_4,True,1,0,0,0.0,1.0
2026-09-02 16:00:00,Feeder_4,True,1,1,0,0.0,1.0
2026-09-02 17:00:00,Feeder_4,True,1,1,0,0.0,0.0
2026-09-02 18:00:00,Feeder_4,True,0,0,0,0.0,0.0
2026-09-02 19:00:00,Feeder_4,False,0,0,0,0.0,0.0
2026-09-02 20:00:00,Feeder_4,False,0,0,0,45.54,0.0
2026-09-02 21:00:00,Feeder_4,False,0,0,0,47.42,0.0
2026-09-02 22:00:00,Feeder_4,False,0,0,0,33.31,0.0
2026-09-02 23:00:00,Feeder_4,False,0,0,0,30.73,0.0
2026-09-03 00:00:00,Feeder_4,False,0,0,0,26.66,0.0
2026-09-03 01:00:00,Feeder_4,False,0,0,0,26.76,0.0
2026-09-03 02:00:00,Feeder_4,False,0,0,0,25.51,0.0
2026-09-03 03:00:00,Feeder_4,False,0,0,0,25.55,0.0
2026-09-03 04:00:00,Feeder_4,False,0,0,0,25.73,0.0
2026-09-03 05:00:00,Feeder_4,False,0,0,0,29.84,0.0
2026-09-03 06:00:00,Feeder_4,False,0,0,0,27.98,1.0
2026-09-03 07:00:00,Feeder_4,False,0,0,0,11.47,1.0
2026-09-03 08:00:00,Feeder_4,False,1,1,0,0.0,0.0
2026-09-03 09:00:00,Feeder_4,False,1,0,0,0.0,0.0
2026-09-03 10:00:00,Feeder_4,False,1,0,0,0.0,0.0
2026-09-03 11:00:00,Feeder_4,False,1,0,0,0.0,0.0
2026-09-03 12:00:00,Feeder_4,False,0,0,0,0.0,0.0
2026-09-03 13:00:00,Feeder_4,True,1,0,0,0.0,0.0
2026-09-03 14:00:00,Feeder_4,False,1,0,0,0.0,1.0
2026-09-03 15:00:00,Feeder_4,True,1,0,0,0.0,1.0
2026-09-03 16:00:00,Feeder_4,True,1,1,0,0.0,1.0
2026-09-03 17:00:00,Feeder_4,True,1,1,0,0.0,0.0
2026-09-03 18:00:00,Feeder_4,True,0,0,0,0.0,0.0
2026-09-03 19:00:00,Feeder_4,False,0,0,0,0.0,0.0
2026-09-03 20:00:00,Feeder_4,False,0,0,0,38.12,0.0
2026-09-03 21:00:00,Feeder_4,False,0,0,0,42.83,0.0
2026-09-03 22:00:00,Feeder_4,False,0,0,0,36.53,0.0
2026-09-03 23:00:00,Feeder_4,False,0,0,0,29.17,0.0
2026-09-04 00:00:00,Feeder_4,False,0,0,0,24.41,0.0
2026-09-04 01:00:00,Feeder_4,False,0,0,0,25.88,0.0
2026-09-04 02:00:00,Feeder_4,False,0,0,0,25.73,0.0
2026-09-04 03:00:00,Feeder_4,False,0,0,0,26.18,0.0
2026-09-04 04:00:00,Feeder_4,False,0,0,0,27.94,0.0
2026-09-04 05:00:00,Feeder_4,False,0,0,0,27.57,0.0
2026-09-04 06:00:00,Feeder_4,False,0,0,0,31.02,1.0
2026-09-04 07:00:00,Feeder_4,False,0,0,0,14.41,1.0
2026-09-04 08:00:00,Feeder_4,False,1,1,0,0.0,1.0
2026-09-04 09:00:00,Feeder_4,False,1,1,1,2.55,0.0
2026-09-04 10:00:00,Feeder_4,False,1,0,0,0.0,0.0
2026-09-04 11:00:00,Feeder_4,False,0,0,0,0.0,0.0
2026-09-04 12:00:00,Feeder_4,False,0,0,0,0.0,0.0
2026-09-04 13:00:00,Feeder_4,False,0,0,0,0.0,0.0
2026-09-04 14:00:00,Feeder_4,True,0,0,0,0.0,1.0
2026-09-04 15:00:00,Feeder_4,True,1,0,0,0.0,1.0
2026-09-04 16:00:00,Feeder_4,True,1,1,0,0.0,1.0
2026-09-04 17:00:00,Feeder_4,True,1,1,0,0.0,0.0
2026-09-04 18:00:00,Feeder_4,True,0,0,0,0.0,0.0
2026-09-04 19:00:00,Feeder_4,False,0,0,0,23.23,0.0
2026-09-04 20:00:00,Feeder_4,False,0,0,0,50.2,0.0
2026-09-04 21:00:00,Feeder_4,False,0,0,0,43.58,0.0
2026-09-04 22:00:00,Feeder_4,False,0,0,0,33.7,0.0
2026-09-04 23:00:00,Feeder_4,False,0,0,0,31.21,0.0
2026-09-05 00:00:00,Feeder_4,False,0,0,0,26.05,0.0
2026-09-05 01:00:00,Feeder_4,False,0,0,0,24.35,0.0
2026-09-05 02:00:00,Feeder_4,False,0,0,0,27.41,0.0
2026-09-05 03:00:00,Feeder_4,False,0,0,0,25.89,0.0
2026-09-05 04:00:00,Feeder_4,False,0,0,0,26.42,0.0
2026-09-05 05:00:00,Feeder_4,False,0,0,0,26.51,0.0
2026-09-05 06:00:00,Feeder_4,False,0,0,0,27.8,1.0
2026-09-05 07:00:00,Feeder_4,False,0,0,0,12.18,1.0
2026-09-05 08:00:00,Feeder_4,False,1,1,0,0.0,0.0
2026-09-05 09:00:00,Feeder_4,False,1,0,0,0.0,0.0
2026-09-05 10:00:00,Feeder_4,False,1,0,0,0.0,0.0
2026-09-05 11:00:00,Feeder_4,False,1,0,0,0.0,0.0
2026-09-05 12:00:00,Feeder_4,False,0,0,0,0.0,0.0
2026-09-05 13:00:00,Feeder_4,False,0,0,0,0.0,0.0
2026-09-05 14:00:00,Feeder_4,True,0,0,0,0.0,1.0
2026-09-05 15:00:00,Feeder_4,True,1,0,0,0.0,1.0
2026-09-05 16:00:00,Feeder_4,True,1,1,0,0.0,1.0
2026-09-05 17:00:00,Feeder_4,True,1,1,0,0.0,0.0
2026-09-05 18:00:00,Feeder_4,True,0,0,0,0.0,0.0
2026-09-05 19:00:00,Feeder_4,False,0,0,0,12.04,0.0
2026-09-05 20:00:00,Feeder_4,False,0,0,0,47.77,0.0
2026-09-05 21:00:00,Feeder_4,False,0,0,0,44.04,0.0
2026-09-05 22:00:00,Feeder_4,False,0,0,0,38.27,0.0
2026-09-05 23:00:00,Feeder_4,False,0,0,0,30.4,0.0
2026-09-06 00:00:00,Feeder_4,False,0,0,0,28.91,0.0
2026-09-06 01:00:00,Feeder_4,False,0,0,0,26.75,0.0
2026-09-06 02:00:00,Feeder_4,False,0,0,0,29.9,0.0
2026-09-06 03:00:00,Feeder_4,False,0,0,0,25.0,0.0
2026-09-06 04:00:00,Feeder_4,False,0,0,0,26.36,0.0
2026-09-06 05:00:00,Feeder_4,False,0,0,0,26.71,0.0
2026-09-06 06:00:00,Feeder_4,False,0,0,0,28.21,1.0
2026-09-06 07:00:00,Feeder_4,False,0,0,0,13.32,1.0
2026-09-06 08:00:00,Feeder_4,False,1,1,0,0.4,1.0
2026-09-06 09:00:00,Feeder_4,False,1,1,0,0.0,1.0
2026-09-06 10:00:00,Feeder_4,False,1,0,0,0.0,1.0
2026-09-06 11:00:00,Feeder_4,True,1,1,0,0.0,1.0
2026-09-06 12:00:00,Feeder_4,False,1,1,0,0.0,1.0
2026-09-06 13:00:00,Feeder_4,False,1,1,1,28.78,1.0
2026-09-06 14:00:00,Feeder_4,False,1,1,1,28.42,1.0
2026-09-06 15:00:00,Feeder_4,False,1,0,0,0.0,1.0
2026-09-06 16:00:00,Feeder_4,True,1,1,1,6.96,1.0
2026-09-06 17:00:00,Feeder_4,True,1,1,1,16.68,0.0
2026-09-06 18:00:00,Feeder_4,True,0,0,0,35.8,0.0
2026-09-06 19:00:00,Feeder_4,False,0,0,0,41.66,0.0
2026-09-06 20:00:00,Feeder_4,False,0,0,0,47.74,0.0
2026-09-06 21:00:00,Feeder_4,False,0,0,0,44.31,0.0
2026-09-06 22:00:00,Feeder_4,False,0,0,0,35.59,0.0
2026-09-06 23:00:00,Feeder_4,False,0,0,0,32.8,0.0
2026-09-07 00:00:00,Feeder_4,False,0,0,0,27.7,0.0
2026-09-07 01:00:00,Feeder_4,False,0,0,0,29.94,0.0
2026-09-07 02:00:00,Feeder_4,False,0,0,0,26.49,0.0
2026-09-07 03:00:00,Feeder_4,False,0,0,0,25.06,0.0
2026-09-07 04:00:00,Feeder_4,False,0,0,0,26.36,0.0
2026-09-07 05:00:00,Feeder_4,False,0,0,0,25.53,0.0
2026-09-07 06:00:00,Feeder_4,False,0,0,0,29.82,1.0
2026-09-07 07:00:00,Feeder_4,False,0,0,0,13.63,1.0
2026-09-07 08:00:00,Feeder_4,False,1,1,0,0.0,1.0
2026-09-07 09:00:00,Feeder_4,False,1,1,0,0.0,0.0
2026-09-07 10:00:00,Feeder_4,False,1,0,0,0.0,0.0
2026-09-07 11:00:00,Feeder_4,False,1,0,0,0.0,0.0
2026-09-07 12:00:00,Feeder_4,False,0,0,0,0.0,0.0
2026-09-07 13:00:00,Feeder_4,False,0,0,0,0.0,0.0
2026-09-07 14:00:00,Feeder_4,True,1,0,0,0.0,1.0
2026-09-07 15:00:00,Feeder_4,True,1,0,0,0.0,1.0
2026-09-07 16:00:00,Feeder_4,True,1,1,0,0.0,1.0
2026-09-07 17:00:00,Feeder_4,True,1,1,0,0.0,0.0
2026-09-07 18:00:00,Feeder_4,True,0,0,0,0.0,0.0
2026-09-07 19:00:00,Feeder_4,False,0,0,0,5.75,0.0
2026-09-07 20:00:00,Feeder_4,False,0,0,0,49.12,0.0
2026-09-07 21:00:00,Feeder_4,False,0,0,0,45.38,0.0
2026-09-07 22:00:00,Feeder_4,False,0,0,0,34.91,0.0
2026-09-07 23:00:00,Feeder_4,False,0,0,0,29.78,0.0
2026-09-08 00:00:00,Feeder_4,False,0,0,0,23.99,0.0
2026-09-08 01:00:00,Feeder_4,False,0,0,0,26.02,0.0
2026-09-08 02:00:00,Feeder_4,False,0,0,0,27.52,0.0
2026-09-08 03:00:00,Feeder_4,False,0,0,0,25.69,0.0
2026-09-08 04:00:00,Feeder_4,False,0,0,0,26.32,0.0
2026-09-08 05:00:00,Feeder_4,False,0,0,0,24.47,0.0
2026-09-08 06:00:00,Feeder_4,False,0,0,0,30.51,1.0
2026-09-08 07:00:00,Feeder_4,False,0,0,0,14.94,1.0
2026-09-08 08:00:00,Feeder_4,False,1,1,0,0.0,0.0
2026-09-08 09:00:00,Feeder_4,False,1,0,0,0.0,0.0
2026-09-08 10:00:00,Feeder_4,False,1,0,0,0.0,0.0
2026-09-08 11:00:00,Feeder_4,False,1,0,0,0.0,0.0
2026-09-08 12:00:00,Feeder_4,False,0,0,0,0.0,0.0
2026-09-08 13:00:00,Feeder_4,False,0,0,0,0.0,0.0
2026-09-08 14:00:00,Feeder_4,True,0,0,0,0.0,1.0
2026-09-08 15:00:00,Feeder_4,True,1,0,0,0.0,1.0
2026-09-08 16:00:00,Feeder_4,True,1,1,0,0.0,1.0
2026-09-08 17:00:00,Feeder_4,True,1,1,0,0.0,0.0
2026-09-08 18:00:00,Feeder_4,True,0,0,0,0.0,0.0
2026-09-08 19:00:00,Feeder_4,False,0,0,0,7.78,0.0
2026-09-08 20:00:00,Feeder_4,False,0,0,0,47.12,0.0
2026-09-08 21:00:00,Feeder_4,False,0,0,0,42.14,0.0
2026-09-08 22:00:00,Feeder_4,False,0,0,0,38.45,0.0
2026-09-08 23:00:00,Feeder_4,False,0,0,0,28.19,0.0
2026-09-09 00:00:00,Feeder_4,False,0,0,0,29.03,0.0
2026-09-09 01:00:00,Feeder_4,False,0,0,0,26.99,0.0
2026-09-09 02:00:00,Feeder_4,False,0,0,0,26.46,0.0
2026-09-09 03:00:00,Feeder_4,False,0,0,0,25.83,0.0
2026-09-09 04:00:00,Feeder_4,False,0,0,0,28.14,0.0
2026-09-09 05:00:00,Feeder_4,False,0,0,0,28.91,0.0
2026-09-09 06:00:00,Feeder_4,False,0,0,0,30.65,1.0
2026-09-09 07:00:00,Feeder_4,False,0,0,0,12.64,1.0
2026-09-09 08:00:00,Feeder_4,False,1,1,0,0.0,0.0
2026-09-09 09:00:00,Feeder_4,False,1,0,0,0.0,0.0
2026-09-09 10:00:00,Feeder_4,False,1,0,0,0.0,0.0
2026-09-09 11:00:00,Feeder_4,False,1,0,0,0.0,0.0
2026-09-09 12:00:00,Feeder_4,True,1,0,0,0.0,0.0
2026-09-09 13:00:00,Feeder_4,False,1,0,0,0.0,0.0
2026-09-09 14:00:00,Feeder_4,False,1,0,0,0.0,0.0
2026-09-09 15:00:00,Feeder_4,True,1,0,0,0.0,1.0
2026-09-09 16:00:00,Feeder_4,True,1,0,0,0.0,1.0
2026-09-09 17:00:00,Feeder_4,True,1,1,0,0.0,0.0
2026-09-09 18:00:00,Feeder_4,True,0,0,0,0.0,0.0
2026-09-09 19:00:00,Feeder_4,False,0,0,0,0.0,0.0
2026-09-09 20:00:00,Feeder_4,False,0,0,0,23.92,0.0
2026-09-09 21:00:00,Feeder_4,False,0,0,0,42.61,0.0
2026-09-09 22:00:00,Feeder_4,False,0,0,0,38.9,0.0
2026-09-09 23:00:00,Feeder_4,False,0,0,0,31.72,0.0
2026-09-10 00:00:00,Feeder_4,False,0,0,0,25.99,0.0
2026-09-10 01:00:00,Feeder_4,False,0,0,0,26.25,0.0
2026-09-10 02:00:00,Feeder_4,False,0,0,0,25.13,0.0
2026-09-10 03:00:00,Feeder_4,False,0,0,0,28.16,0.0
2026-09-10 04:00:00,Feeder_4,False,0,0,0,26.38,0.0
2026-09-10 05:00:00,Feeder_4,False,0,0,0,27.86,0.0
2026-09-10 06:00:00,Feeder_4,False,0,0,0,31.49,1.0
2026-09-10 07:00:00,Feeder_4,False,0,0,0,15.85,1.0
2026-09-10 08:00:00,Feeder_4,False,1,1,1,2.32,1.0
2026-09-10 09:00:00,Feeder_4,False,1,1,0,0.0,0.0
2026-09-10 10:00:00,Feeder_4,False,1,0,0,0.0,0.0
2026-09-10 11:00:00,Feeder_4,False,0,0,0,0.0,0.0
2026-09-10 12:00:00,Feeder_4,False,1,0,0,0.0,0.0
2026-09-10 13:00:00,Feeder_4,False,0,0,0,0.0,0.0
2026-09-10 14:00:00,Feeder_4,True,1,0,0,0.0,0.0
2026-09-10 15:00:00,Feeder_4,True,1,0,0,0.0,1.0
2026-09-10 16:00:00,Feeder_4,True,1,0,0,0.0,1.0
2026-09-10 17:00:00,Feeder_4,True,1,1,0,0.0,0.0
2026-09-10 18:00:00,Feeder_4,True,0,0,0,0.0,0.0
2026-09-10 19:00:00,Feeder_4,False,0,0,0,5.65,0.0
2026-09-10 20:00:00,Feeder_4,False,0,0,0,47.34,0.0
2026-09-10 21:00:00,Feeder_4,False,0,0,0,45.36,0.0
2026-09-10 22:00:00,Feeder_4,False,0,0,0,37.55,0.0
2026-09-10 23:00:00,Feeder_4,False,0,0,0,28.57,0.0
2026-09-11 00:00:00,Feeder_4,False,0,0,0,27.32,0.0
2026-09-11 01:00:00,Feeder_4,False,0,0,0,26.33,0.0
2026-09-11 02:00:00,Feeder_4,False,0,0,0,24.2,0.0
2026-09-11 03:00:00,Feeder_4,False,0,0,0,25.57,0.0
2026-09-11 04:00:00,Feeder_4,False,0,0,0,26.35,0.0
2026-09-11 05:00:00,Feeder_4,False,0,0,0,29.48,0.0
2026-09-11 06:00:00,Feeder_4,False,0,0,0,31.11,1.0
2026-09-11 07:00:00,Feeder_4,False,0,0,0,23.25,1.0
2026-09-11 08:00:00,Feeder_4,False,1,1,0,0.0,0.0
2026-09-11 09:00:00,Feeder_4,False,1,0,0,0.0,0.0
2026-09-11 10:00:00,Feeder_4,False,1,0,0,0.0,0.0
2026-09-11 11:00:00,Feeder_4,False,1,0,0,0.0,0.0
2026-09-11 12:00:00,Feeder_4,False,0,0,0,0.0,0.0
2026-09-11 13:00:00,Feeder_4,False,0,0,0,0.0,0.0
2026-09-11 14:00:00,Feeder_4,True,1,0,0,0.0,1.0
2026-09-11 15:00:00,Feeder_4,True,1,0,0,0.0,1.0
2026-09-11 16:00:00,Feeder_4,True,1,1,0,0.0,1.0
2026-09-11 17:00:00,Feeder_4,True,1,1,0,0.0,0.0
2026-09-11 18:00:00,Feeder_4,True,0,0,0,0.0,0.0
2026-09-11 19:00:00,Feeder_4,False,0,0,0,4.93,0.0
2026-09-11 20:00:00,Feeder_4,False,0,0,0,47.68,0.0
2026-09-11 21:00:00,Feeder_4,False,0,0,0,42.89,0.0
2026-09-11 22:00:00,Feeder_4,False,0,0,0,37.16,0.0
2026-09-11 23:00:00,Feeder_4,False,0,0,0,31.14,0.0
2026-09-12 00:00:00,Feeder_4,False,0,0,0,28.25,0.0
2026-09-12 01:00:00,Feeder_4,False,0,0,0,26.0,0.0
2026-09-12 02:00:00,Feeder_4,False,0,0,0,24.94,0.0
2026-09-12 03:00:00,Feeder_4,False,0,0,0,26.08,0.0
2026-09-12 04:00:00,Feeder_4,False,0,0,0,27.95,0.0
2026-09-12 05:00:00,Feeder_4,False,0,0,0,27.12,0.0
2026-09-12 06:00:00,Feeder_4,False,0,0,0,28.51,1.0
2026-09-12 07:00:00,Feeder_4,False,0,0,0,14.69,1.0
2026-09-12 08:00:00,Feeder_4,False,1,1,0,1.47,0.0
2026-09-12 09:00:00,Feeder_4,False,1,0,0,0.0,0.0
2026-09-12 10:00:00,Feeder_4,False,1,0,0,0.0,0.0
2026-09-12 11:00:00,Feeder_4,True,1,0,0,0.0,0.0
2026-09-12 12:00:00,Feeder_4,False,1,0,0,0.0,0.0
2026-09-12 13:00:00,Feeder_4,False,0,0,0,0.0,0.0
2026-09-12 14:00:00,Feeder_4,True,1,0,0,0.0,0.0
2026-09-12 15:00:00,Feeder_4,True,1,0,0,0.0,1.0
2026-09-12 16:00:00,Feeder_4,True,1,0,0,0.0,1.0
2026-09-12 17:00:00,Feeder_4,True,1,1,0,0.0,0.0
2026-09-12 18:00:00,Feeder_4,True,0,0,0,0.0,0.0
2026-09-12 19:00:00,Feeder_4,False,0,0,0,0.0,0.0
2026-09-12 20:00:00,Feeder_4,False,0,0,0,39.49,0.0
2026-09-12 21:00:00,Feeder_4,False,0,0,0,41.27,0.0
2026-09-12 22:00:00,Feeder_4,False,0,0,0,35.98,0.0
2026-09-12 23:00:00,Feeder_4,False,0,0,0,29.42,0.0
2026-09-13 00:00:00,Feeder_4,False,0,0,0,24.86,0.0
2026-09-13 01:00:00,Feeder_4,False,0,0,0,28.23,0.0
2026-09-13 02:00:00,Feeder_4,False,0,0,0,25.35,0.0
2026-09-13 03:00:00,Feeder_4,False,0,0,0,27.43,0.0
2026-09-13 04:00:00,Feeder_4,False,0,0,0,24.55,0.0
2026-09-13 05:00:00,Feeder_4,False,0,0,0,28.14,0.0
2026-09-13 06:00:00,Feeder_4,False,0,0,0,31.0,1.0
2026-09-13 07:00:00,Feeder_4,False,0,0,0,12.22,1.0
2026-09-13 08:00:00,Feeder_4,False,1,1,1,5.12,0.0
2026-09-13 09:00:00,Feeder_4,False,1,0,0,0.0,0.0
2026-09-13 10:00:00,Feeder_4,False,1,0,0,0.0,0.0
2026-09-13 11:00:00,Feeder_4,False,1,0,0,0.0,0.0
2026-09-13 12:00:00,Feeder_4,False,0,0,0,0.0,0.0
2026-09-13 13:00:00,Feeder_4,True,0,0,0,0.0,0.0
2026-09-13 14:00:00,Feeder_4,True,1,0,0,0.0,1.0
2026-09-13 15:00:00,Feeder_4,True,1,0,0,0.0,1.0
2026-09-13 16:00:00,Feeder_4,True,1,1,0,0.0,1.0
2026-09-13 17:00:00,Feeder_4,True,1,1,0,0.0,0.0
2026-09-13 18:00:00,Feeder_4,True,0,0,0,0.0,0.0
2026-09-13 19:00:00,Feeder_4,False,0,0,0,0.0,0.0
2026-09-13 20:00:00,Feeder_4,False,0,0,0,45.42,0.0
2026-09-13 21:00:00,Feeder_4,False,0,0,0,45.65,0.0
2026-09-13 22:00:00,Feeder_4,False,0,0,0,36.54,0.0
2026-09-13 23:00:00,Feeder_4,False,0,0,0,28.14,0.0
2026-09-14 00:00:00,Feeder_4,False,0,0,0,26.07,0.0
2026-09-14 01:00:00,Feeder_4,False,0,0,0,26.08,0.0
2026-09-14 02:00:00,Feeder_4,False,0,0,0,23.41,0.0
2026-09-14 03:00:00,Feeder_4,False,0,0,0,24.38,0.0
2026-09-14 04:00:00,Feeder_4,False,0,0,0,26.39,0.0
2026-09-14 05:00:00,Feeder_4,False,0,0,0,25.76,0.0
2026-09-14 06:00:00,Feeder_4,False,0,0,0,28.29,1.0
2026-09-14 07:00:00,Feeder_4,False,0,0,0,13.91,1.0
2026-09-14 08:00:00,Feeder_4,False,1,1,0,0.0,0.0
2026-09-14 09:00:00,Feeder_4,False,1,0,0,0.0,0.0
2026-09-14 10:00:00,Feeder_4,False,1,0,0,0.0,0.0
2026-09-14 11:00:00,Feeder_4,False,1,0,0,0.0,0.0
2026-09-14 12:00:00,Feeder_4,False,0,0,0,0.0,0.0
2026-09-14 13:00:00,Feeder_4,False,1,0,0,0.0,0.0
2026-09-14 14:00:00,Feeder_4,True,1,0,0,0.0,0.0
2026-09-14 15:00:00,Feeder_4,True,1,0,0,0.0,1.0
2026-09-14 16:00:00,Feeder_4,True,1,0,0,0.0,1.0
2026-09-14 17:00:00,Feeder_4,True,1,1,0,0.0,0.0
2026-09-14 18:00:00,Feeder_4,True,0,0,0,0.0,0.0
2026-09-14 19:00:00,Feeder_4,False,0,0,0,0.0,0.0
2026-09-14 20:00:00,Feeder_4,False,0,0,0,32.71,0.0
2026-09-14 21:00:00,Feeder_4,False,0,0,0,44.32,0.0
2026-09-14 22:00:00,Feeder_4,False,0,0,0,36.38,0.0
2026-09-14 23:00:00,Feeder_4,False,0,0,0,31.48,0.0
2026-09-15 00:00:00,Feeder_4,False,0,0,0,25.7,0.0
2026-09-15 01:00:00,Feeder_4,False,0,0,0,26.11,0.0
2026-09-15 02:00:00,Feeder_4,False,0,0,0,25.33,0.0
2026-09-15 03:00:00,Feeder_4,False,0,0,0,25.87,0.0
2026-09-15 04:00:00,Feeder_4,False,0,0,0,27.46,0.0
2026-09-15 05:00:00,Feeder_4,False,0,0,0,23.78,0.0
2026-09-15 06:00:00,Feeder_4,False,0,0,0,28.25,1.0
2026-09-15 07:00:00,Feeder_4,False,0,0,0,17.78,1.0
2026-09-15 08:00:00,Feeder_4,False,1,1,0,0.0,1.0
2026-09-15 09:00:00,Feeder_4,False,1,0,0,0.0,1.0
2026-09-15 10:00:00,Feeder_4,False,1,1,0,0.0,0.0
2026-09-15 11:00:00,Feeder_4,False,1,0,0,0.0,0.0
2026-09-15 12:00:00,Feeder_4,False,0,0,0,0.0,0.0
2026-09-15 13:00:00,Feeder_4,False,0,0,0,0.0,0.0
2026-09-15 14:00:00,Feeder_4,True,0,0,0,0.0,1.0
2026-09-15 15:00:00,Feeder_4,True,1,0,0,0.0,1.0
2026-09-15 16:00:00,Feeder_4,True,1,1,0,0.0,1.0
2026-09-15 17:00:00,Feeder_4,True,1,1,0,0.0,0.0
2026-09-15 18:00:00,Feeder_4,True,0,0,0,0.0,0.0
2026-09-15 19:00:00,Feeder_4,False,0,0,0,3.17,0.0
2026-09-15 20:00:00,Feeder_4,False,0,0,0,47.62,0.0
2026-09-15 21:00:00,Feeder_4,False,0,0,0,42.14,0.0
2026-09-15 22:00:00,Feeder_4,False,0,0,0,38.85,0.0
2026-09-15 23:00:00,Feeder_4,False,0,0,0,30.47,0.0
2026-09-16 00:00:00,Feeder_4,False,0,0,0,27.56,0.0
2026-09-16 01:00:00,Feeder_4,False,0,0,0,23.52,0.0
2026-09-16 02:00:00,Feeder_4,False,0,0,0,27.87,0.0
2026-09-16 03:00:00,Feeder_4,False,0,0,0,26.18,0.0
2026-09-16 04:00:00,Feeder_4,False,0,0,0,25.23,0.0
2026-09-16 05:00:00,Feeder_4,False,0,0,0,27.1,0.0
2026-09-16 06:00:00,Feeder_4,False,0,0,0,31.23,1.0
2026-09-16 07:00:00,Feeder_4,False,0,0,0,14.91,1.0
2026-09-16 08:00:00,Feeder_4,False,1,1,0,0.0,0.0
2026-09-16 09:00:00,Feeder_4,False,1,0,0,0.0,0.0
2026-09-16 10:00:00,Feeder_4,False,1,0,0,0.0,0.0
2026-09-16 11:00:00,Feeder_4,False,1,0,0,0.0,0.0
2026-09-16 12:00:00,Feeder_4,True,1,0,0,0.0,0.0
2026-09-16 13:00:00,Feeder_4,False,0,0,0,0.0,0.0
2026-09-16 14:00:00,Feeder_4,True,0,0,0,0.0,1.0
2026-09-16 15:00:00,Feeder_4,True,1,0,0,0.0,1.0
2026-09-16 16:00:00,Feeder_4,True,1,1,0,0.0,1.0
2026-09-16 17:00:00,Feeder_4,True,1,1,0,0.0,0.0
2026-09-16 18:00:00,Feeder_4,True,0,0,0,0.0,0.0
2026-09-16 19:00:00,Feeder_4,False,0,0,0,0.0,0.0
2026-09-16 20:00:00,Feeder_4,False,0,0,0,42.14,0.0
2026-09-16 21:00:00,Feeder_4,False,0,0,0,45.14,0.0
2026-09-16 22:00:00,Feeder_4,False,0,0,0,34.47,0.0
2026-09-16 23:00:00,Feeder_4,False,0,0,0,29.51,0.0
2026-09-17 00:00:00,Feeder_4,False,0,0,0,28.88,0.0
2026-09-17 01:00:00,Feeder_4,False,0,0,0,25.56,0.0
2026-09-17 02:00:00,Feeder_4,False,0,0,0,23.0,0.0
2026-09-17 03:00:00,Feeder_4,False,0,0,0,26.15,0.0
2026-09-17 04:00:00,Feeder_4,False,0,0,0,23.53,0.0
2026-09-17 05:00:00,Feeder_4,False,0,0,0,25.55,0.0
2026-09-17 06:00:00,Feeder_4,False,0,0,0,29.35,1.0
2026-09-17 07:00:00,Feeder_4,False,0,0,0,12.4,1.0
2026-09-17 08:00:00,Feeder_4,False,1,1,0,0.0,1.0
2026-09-17 09:00:00,Feeder_4,False,1,1,0,0.0,0.0
2026-09-17 10:00:00,Feeder_4,False,1,0,0,0.0,0.0
2026-09-17 11:00:00,Feeder_4,False,1,0,0,0.0,0.0
2026-09-17 12:00:00,Feeder_4,False,0,0,0,0.0,0.0
2026-09-17 13:00:00,Feeder_4,True,1,0,0,0.0,1.0
2026-09-17 14:00:00,Feeder_4,False,1,0,0,0.0,1.0
2026-09-17 15:00:00,Feeder_4,True,1,1,0,0.0,1.0
2026-09-17 16:00:00,Feeder_4,False,1,1,0,0.0,1.0
2026-09-17 17:00:00,Feeder_4,True,1,1,0,0.0,0.0
2026-09-17 18:00:00,Feeder_4,True,0,0,0,0.0,0.0
2026-09-17 19:00:00,Feeder_4,False,0,0,0,3.55,0.0
2026-09-17 20:00:00,Feeder_4,False,0,0,0,48.03,0.0
2026-09-17 21:00:00,Feeder_4,False,0,0,0,41.76,0.0
2026-09-17 22:00:00,Feeder_4,False,0,0,0,38.22,0.0
2026-09-17 23:00:00,Feeder_4,False,0,0,0,32.28,0.0
2026-09-18 00:00:00,Feeder_4,False,0,0,0,28.46,0.0
2026-09-18 01:00:00,Feeder_4,False,0,0,0,24.79,0.0
2026-09-18 02:00:00,Feeder_4,False,0,0,0,25.73,0.0
2026-09-18 03:00:00,Feeder_4,False,0,0,0,27.14,0.0
2026-09-18 04:00:00,Feeder_4,False,0,0,0,25.88,0.0
2026-09-18 05:00:00,Feeder_4,False,0,0,0,29.3,0.0
2026-09-18 06:00:00,Feeder_4,False,0,0,0,31.9,1.0
2026-09-18 07:00:00,Feeder_4,False,0,0,0,14.0,1.0
2026-09-18 08:00:00,Feeder_4,False,1,1,0,0.96,0.0
2026-09-18 09:00:00,Feeder_4,False,1,0,0,0.0,0.0
2026-09-18 10:00:00,Feeder_4,False,1,0,0,0.0,0.0
2026-09-18 11:00:00,Feeder_4,False,1,0,0,0.0,0.0
2026-09-18 12:00:00,Feeder_4,False,0,0,0,0.0,0.0
2026-09-18 13:00:00,Feeder_4,False,0,0,0,0.0,0.0
2026-09-18 14:00:00,Feeder_4,True,0,0,0,0.0,1.0
2026-09-18 15:00:00,Feeder_4,True,1,0,0,0.0,1.0
2026-09-18 16:00:00,Feeder_4,True,1,1,0,0.0,1.0
2026-09-18 17:00:00,Feeder_4,True,1,1,0,0.0,0.0
2026-09-18 18:00:00,Feeder_4,True,0,0,0,0.0,0.0
2026-09-18 19:00:00,Feeder_4,False,0,0,0,1.16,0.0
2026-09-18 20:00:00,Feeder_4,False,0,0,0,51.0,0.0
2026-09-18 21:00:00,Feeder_4,False,0,0,0,45.62,0.0
2026-09-18 22:00:00,Feeder_4,False,0,0,0,36.44,0.0
2026-09-18 23:00:00,Feeder_4,False,0,0,0,31.69,0.0
2026-09-19 00:00:00,Feeder_4,False,0,0,0,25.76,0.0
2026-09-19 01:00:00,Feeder_4,False,0,0,0,27.62,0.0
2026-09-19 02:00:00,Feeder_4,False,0,0,0,26.39,0.0
2026-09-19 03:00:00,Feeder_4,False,0,0,0,25.18,0.0
2026-09-19 04:00:00,Feeder_4,False,0,0,0,26.5,0.0
2026-09-19 05:00:00,Feeder_4,False,0,0,0,26.47,0.0
2026-09-19 06:00:00,Feeder_4,False,0,0,0,27.44,1.0
2026-09-19 07:00:00,Feeder_4,False,0,0,0,10.92,1.0
2026-09-19 08:00:00,Feeder_4,False,1,1,0,1.42,0.0
2026-09-19 09:00:00,Feeder_4,False,1,0,0,0.0,0.0
2026-09-19 10:00:00,Feeder_4,False,1,0,0,0.0,0.0
2026-09-19 11:00:00,Feeder_4,False,1,0,0,0.0,0.0
2026-09-19 12:00:00,Feeder_4,False,0,0,0,0.0,0.0
2026-09-19 13:00:00,Feeder_4,False,0,0,0,0.0,0.0
2026-09-19 14:00:00,Feeder_4,True,1,0,0,0.0,1.0
2026-09-19 15:00:00,Feeder_4,True,1,0,0,0.0,1.0
2026-09-19 16:00:00,Feeder_4,True,1,1,0,0.0,1.0
2026-09-19 17:00:00,Feeder_4,True,1,1,0,0.0,0.0
2026-09-19 18:00:00,Feeder_4,True,0,0,0,0.0,0.0
2026-09-19 19:00:00,Feeder_4,False,0,0,0,0.0,0.0
2026-09-19 20:00:00,Feeder_4,False,0,0,0,41.33,0.0
2026-09-19 21:00:00,Feeder_4,False,0,0,0,43.21,0.0
2026-09-19 22:00:00,Feeder_4,False,0,0,0,39.27,0.0
2026-09-19 23:00:00,Feeder_4,False,0,0,0,30.89,0.0
2026-09-20 00:00:00,Feeder_4,False,0,0,0,29.11,0.0
2026-09-20 01:00:00,Feeder_4,False,0,0,0,26.91,0.0
2026-09-20 02:00:00,Feeder_4,False,0,0,0,24.29,0.0
2026-09-20 03:00:00,Feeder_4,False,0,0,0,26.95,0.0
2026-09-20 04:00:00,Feeder_4,False,0,0,0,24.21,0.0
2026-09-20 05:00:00,Feeder_4,False,0,0,0,25.61,0.0
2026-09-20 06:00:00,Feeder_4,False,0,0,0,27.71,1.0
2026-09-20 07:00:00,Feeder_4,False,0,0,0,15.76,1.0
2026-09-20 08:00:00,Feeder_4,False,1,1,1,2.81,0.0
2026-09-20 09:00:00,Feeder_4,False,1,0,0,0.0,0.0
2026-09-20 10:00:00,Feeder_4,False,1,0,0,0.0,0.0
2026-09-20 11:00:00,Feeder_4,False,1,0,0,0.0,0.0
2026-09-20 12:00:00,Feeder_4,False,0,0,0,0.0,0.0
2026-09-20 13:00:00,Feeder_4,True,1,0,0,0.0,0.0
2026-09-20 14:00:00,Feeder_4,False,0,0,0,0.0,0.0
2026-09-20 15:00:00,Feeder_4,True,1,0,0,0.0,1.0
2026-09-20 16:00:00,Feeder_4,True,1,0,0,0.0,1.0
2026-09-20 17:00:00,Feeder_4,True,1,1,0,0.0,0.0
2026-09-20 18:00:00,Feeder_4,True,0,0,0,0.0,0.0
2026-09-20 19:00:00,Feeder_4,False,0,0,0,4.23,0.0
2026-09-20 20:00:00,Feeder_4,False,0,0,0,47.6,0.0
2026-09-20 21:00:00,Feeder_4,False,0,0,0,44.69,0.0
2026-09-20 22:00:00,Feeder_4,False,0,0,0,36.47,0.0
2026-09-20 23:00:00,Feeder_4,False,0,0,0,31.49,0.0
2026-09-21 00:00:00,Feeder_4,False,0,0,0,24.22,0.0
2026-09-21 01:00:00,Feeder_4,False,0,0,0,27.0,0.0
2026-09-21 02:00:00,Feeder_4,False,0,0,0,26.57,0.0
2026-09-21 03:00:00,Feeder_4,False,0,0,0,28.16,0.0
2026-09-21 04:00:00,Feeder_4,False,0,0,0,26.05,0.0
2026-09-21 05:00:00,Feeder_4,False,0,0,0,30.77,0.0
2026-09-21 06:00:00,Feeder_4,False,0,0,0,26.49,1.0
2026-09-21 07:00:00,Feeder_4,False,0,0,0,13.48,1.0
2026-09-21 08:00:00,Feeder_4,False,1,1,0,0.26,0.0
2026-09-21 09:00:00,Feeder_4,False,1,0,0,0.0,0.0
2026-09-21 10:00:00,Feeder_4,False,1,0,0,0.0,0.0
2026-09-21 11:00:00,Feeder_4,False,1,0,0,0.0,0.0
2026-09-21 12:00:00,Feeder_4,False,0,0,0,0.0,0.0
2026-09-21 13:00:00,Feeder_4,False,0,0,0,0.0,0.0
2026-09-21 14:00:00,Feeder_4,True,1,0,0,0.0,1.0
2026-09-21 15:00:00,Feeder_4,True,1,0,0,0.0,1.0
2026-09-21 16:00:00,Feeder_4,True,1,1,0,0.0,1.0
2026-09-21 17:00:00,Feeder_4,True,1,1,0,0.0,0.0
2026-09-21 18:00:00,Feeder_4,True,0,0,0,0.0,0.0
2026-09-21 19:00:00,Feeder_4,False,0,0,0,0.0,0.0
2026-09-21 20:00:00,Feeder_4,False,0,0,0,37.11,0.0
2026-09-21 21:00:00,Feeder_4,False,0,0,0,42.61,0.0
2026-09-21 22:00:00,Feeder_4,False,0,0,0,37.37,0.0
2026-09-21 23:00:00,Feeder_4,False,0,0,0,30.75,0.0
2026-09-22 00:00:00,Feeder_4,False,0,0,0,25.04,0.0
2026-09-22 01:00:00,Feeder_4,False,0,0,0,24.85,0.0
2026-09-22 02:00:00,Feeder_4,False,0,0,0,26.05,0.0
2026-09-22 03:00:00,Feeder_4,False,0,0,0,27.21,0.0
2026-09-22 04:00:00,Feeder_4,False,0,0,0,26.48,0.0
2026-09-22 05:00:00,Feeder_4,False,0,0,0,28.69,0.0
2026-09-22 06:00:00,Feeder_4,False,0,0,0,29.27,1.0
2026-09-22 07:00:00,Feeder_4,False,0,0,0,15.01,1.0
2026-09-22 08:00:00,Feeder_4,False,1,1,1,5.31,0.0
2026-09-22 09:00:00,Feeder_4,False,1,0,0,0.0,0.0
2026-09-22 10:00:00,Feeder_4,False,1,0,0,0.0,0.0
2026-09-22 11:00:00,Feeder_4,False,1,0,0,0.0,0.0
2026-09-22 12:00:00,Feeder_4,True,1,0,0,0.0,0.0
2026-09-22 13:00:00,Feeder_4,False,0,0,0,0.0,0.0
2026-09-22 14:00:00,Feeder_4,True,0,0,0,0.0,0.0
2026-09-22 15:00:00,Feeder_4,True,1,0,0,0.0,1.0
2026-09-22 16:00:00,Feeder_4,True,1,0,0,0.0,1.0
2026-09-22 17:00:00,Feeder_4,True,1,1,0,0.0,0.0
2026-09-22 18:00:00,Feeder_4,True,0,0,0,0.0,0.0
2026-09-22 19:00:00,Feeder_4,False,0,0,0,0.21,0.0
2026-09-22 20:00:00,Feeder_4,False,0,0,0,46.3,0.0
2026-09-22 21:00:00,Feeder_4,False,0,0,0,43.45,0.0
2026-09-22 22:00:00,Feeder_4,False,0,0,0,37.04,0.0
2026-09-22 23:00:00,Feeder_4,False,0,0,0,32.28,0.0
2026-09-23 00:00:00,Feeder_4,False,0,0,0,27.85,0.0
2026-09-23 01:00:00,Feeder_4,False,0,0,0,25.55,0.0
2026-09-23 02:00:00,Feeder_4,False,0,0,0,25.18,0.0
2026-09-23 03:00:00,Feeder_4,False,0,0,0,26.37,0.0
2026-09-23 04:00:00,Feeder_4,False,0,0,0,26.87,0.0
2026-09-23 05:00:00,Feeder_4,False,0,0,0,28.85,0.0
2026-09-23 06:00:00,Feeder_4,False,0,0,0,27.26,1.0
2026-09-23 07:00:00,Feeder_4,False,0,0,0,12.4,1.0
2026-09-23 08:00:00,Feeder_4,False,1,1,0,0.0,0.0
2026-09-23 09:00:00,Feeder_4,False,1,0,0,0.0,0.0
2026-09-23 10:00:00,Feeder_4,False,1,0,0,0.0,0.0
2026-09-23 11:00:00,Feeder_4,False,1,0,0,0.0,0.0
2026-09-23 12:00:00,Feeder_4,True,1,0,0,0.0,0.0
2026-09-23 13:00:00,Feeder_4,False,1,0,0,0.0,0.0
2026-09-23 14:00:00,Feeder_4,False,1,0,0,0.0,1.0
2026-09-23 15:00:00,Feeder_4,True,1,0,0,0.0,1.0
2026-09-23 16:00:00,Feeder_4,True,1,1,0,0.0,1.0
2026-09-23 17:00:00,Feeder_4,True,1,1,0,0.0,0.0
2026-09-23 18:00:00,Feeder_4,True,0,0,0,0.0,0.0
2026-09-23 19:00:00,Feeder_4,False,0,0,0,0.0,0.0
2026-09-23 20:00:00,Feeder_4,False,0,0,0,35.71,0.0
2026-09-23 21:00:00,Feeder_4,False,0,0,0,44.3,0.0
2026-09-23 22:00:00,Feeder_4,False,0,0,0,37.3,0.0
2026-09-23 23:00:00,Feeder_4,False,0,0,0,30.6,0.0
2026-09-24 00:00:00,Feeder_4,False,0,0,0,23.68,0.0
2026-09-24 01:00:00,Feeder_4,False,0,0,0,25.0,0.0
2026-09-24 02:00:00,Feeder_4,False,0,0,0,27.73,0.0
2026-09-24 03:00:00,Feeder_4,False,0,0,0,28.63,0.0
2026-09-24 04:00:00,Feeder_4,False,0,0,0,27.04,0.0
2026-09-24 05:00:00,Feeder_4,False,0,0,0,24.86,0.0
2026-09-24 06:00:00,Feeder_4,False,0,0,0,29.72,1.0
2026-09-24 07:00:00,Feeder_4,False,0,0,0,14.34,1.0
2026-09-24 08:00:00,Feeder_4,False,1,1,0,0.56,1.0
2026-09-24 09:00:00,Feeder_4,False,1,1,0,0.0,0.0
2026-09-24 10:00:00,Feeder_4,False,1,0,0,0.0,0.0
2026-09-24 11:00:00,Feeder_4,False,1,0,0,0.0,0.0
2026-09-24 12:00:00,Feeder_4,False,0,0,0,0.0,0.0
2026-09-24 13:00:00,Feeder_4,False,0,0,0,0.0,0.0
2026-09-24 14:00:00,Feeder_4,True,0,0,0,0.0,1.0
2026-09-24 15:00:00,Feeder_4,True,1,0,0,0.0,1.0
2026-09-24 16:00:00,Feeder_4,True,1,1,0,0.0,1.0
2026-09-24 17:00:00,Feeder_4,True,1,1,0,0.0,0.0
2026-09-24 18:00:00,Feeder_4,True,0,0,0,0.0,0.0
2026-09-24 19:00:00,Feeder_4,False,0,0,0,14.02,0.0
2026-09-24 20:00:00,Feeder_4,False,0,0,0,50.41,0.0
2026-09-24 21:00:00,Feeder_4,False,0,0,0,45.73,0.0
2026-09-24 22:00:00,Feeder_4,False,0,0,0,36.28,0.0
2026-09-24 23:00:00,Feeder_4,False,0,0,0,28.45,0.0
2026-09-25 00:00:00,Feeder_4,False,0,0,0,27.04,0.0
2026-09-25 01:00:00,Feeder_4,False,0,0,0,24.63,0.0
2026-09-25 02:00:00,Feeder_4,False,0,0,0,28.33,0.0
2026-09-25 03:00:00,Feeder_4,False,0,0,0,24.14,0.0
2026-09-25 04:00:00,Feeder_4,False,0,0,0,27.15,0.0
2026-09-25 05:00:00,Feeder_4,False,0,0,0,26.42,0.0
2026-09-25 06:00:00,Feeder_4,False,0,0,0,29.08,1.0
2026-09-25 07:00:00,Feeder_4,False,0,0,0,10.09,1.0
2026-09-25 08:00:00,Feeder_4,False,1,1,1,10.05,0.0
2026-09-25 09:00:00,Feeder_4,False,1,0,0,0.0,0.0
2026-09-25 10:00:00,Feeder_4,False,1,0,0,0.0,0.0
2026-09-25 11:00:00,Feeder_4,False,1,0,0,0.0,0.0
2026-09-25 12:00:00,Feeder_4,False,0,0,0,0.0,0.0
2026-09-25 13:00:00,Feeder_4,False,0,0,0,0.0,0.0
2026-09-25 14:00:00,Feeder_4,True,0,0,0,0.0,0.0
2026-09-25 15:00:00,Feeder_4,True,1,0,0,0.0,1.0
2026-09-25 16:00:00,Feeder_4,True,1,0,0,0.0,1.0
2026-09-25 17:00:00,Feeder_4,True,1,1,0,0.0,0.0
2026-09-25 18:00:00,Feeder_4,True,0,0,0,0.0,0.0
2026-09-25 19:00:00,Feeder_4,False,0,0,0,3.85,0.0
2026-09-25 20:00:00,Feeder_4,False,0,0,0,44.89,0.0
2026-09-25 21:00:00,Feeder_4,False,0,0,0,43.3,0.0
2026-09-25 22:00:00,Feeder_4,False,0,0,0,40.57,0.0
2026-09-25 23:00:00,Feeder_4,False,0,0,0,32.49,0.0
2026-09-26 00:00:00,Feeder_4,False,0,0,0,27.31,0.0
2026-09-26 01:00:00,Feeder_4,False,0,0,0,27.52,0.0
2026-09-26 02:00:00,Feeder_4,False,0,0,0,25.15,0.0
2026-09-26 03:00:00,Feeder_4,False,0,0,0,29.45,0.0
2026-09-26 04:00:00,Feeder_4,False,0,0,0,27.65,0.0
2026-09-26 05:00:00,Feeder_4,False,0,0,0,27.71,0.0
2026-09-26 06:00:00,Feeder_4,False,0,0,0,31.63,1.0
2026-09-26 07:00:00,Feeder_4,False,0,0,0,14.26,1.0
2026-09-26 08:00:00,Feeder_4,False,1,1,0,0.0,0.0
2026-09-26 09:00:00,Feeder_4,False,1,0,0,0.0,0.0
2026-09-26 10:00:00,Feeder_4,False,1,0,0,0.0,0.0
2026-09-26 11:00:00,Feeder_4,False,1,0,0,0.0,0.0
2026-09-26 12:00:00,Feeder_4,False,0,0,0,0.0,0.0
2026-09-26 13:00:00,Feeder_4,False,0,0,0,0.0,0.0
2026-09-26 14:00:00,Feeder_4,True,0,0,0,0.0,1.0
2026-09-26 15:00:00,Feeder_4,True,1,0,0,0.0,1.0
2026-09-26 16:00:00,Feeder_4,True,1,1,0,0.0,1.0
2026-09-26 17:00:00,Feeder_4,True,1,1,0,0.0,0.0
2026-09-26 18:00:00,Feeder_4,True,0,0,0,0.0,0.0
2026-09-26 19:00:00,Feeder_4,False,0,0,0,0.0,0.0
2026-09-26 20:00:00,Feeder_4,False,0,0,0,45.15,0.0
2026-09-26 21:00:00,Feeder_4,False,0,0,0,44.38,0.0
2026-09-26 22:00:00,Feeder_4,False,0,0,0,37.76,0.0
2026-09-26 23:00:00,Feeder_4,False,0,0,0,29.95,0.0
2026-09-27 00:00:00,Feeder_4,False,0,0,0,29.39,0.0
2026-09-27 01:00:00,Feeder_4,False,0,0,0,24.76,0.0
2026-09-27 02:00:00,Feeder_4,False,0,0,0,27.09,0.0
2026-09-27 03:00:00,Feeder_4,False,0,0,0,25.48,0.0
2026-09-27 04:00:00,Feeder_4,False,0,0,0,27.19,0.0
2026-09-27 05:00:00,Feeder_4,False,0,0,0,27.5,0.0
2026-09-27 06:00:00,Feeder_4,False,0,0,0,29.82,1.0
2026-09-27 07:00:00,Feeder_4,False,0,0,0,18.68,1.0
2026-09-27 08:00:00,Feeder_4,False,1,1,1,6.38,0.0
2026-09-27 09:00:00,Feeder_4,False,1,0,0,0.0,0.0
2026-09-27 10:00:00,Feeder_4,False,1,0,0,0.0,0.0
2026-09-27 11:00:00,Feeder_4,False,1,0,0,0.0,0.0
2026-09-27 12:00:00,Feeder_4,False,0,0,0,0.0,0.0
2026-09-27 13:00:00,Feeder_4,False,0,0,0,0.0,0.0
2026-09-27 14:00:00,Feeder_4,True,1,0,0,0.0,1.0
2026-09-27 15:00:00,Feeder_4,True,1,0,0,0.0,1.0
2026-09-27 16:00:00,Feeder_4,True,1,1,0,0.0,1.0
2026-09-27 17:00:00,Feeder_4,True,1,1,0,0.0,0.0
2026-09-27 18:00:00,Feeder_4,True,0,0,0,0.0,0.0
2026-09-27 19:00:00,Feeder_4,False,0,0,0,0.0,0.0
2026-09-27 20:00:00,Feeder_4,False,0,0,0,34.03,0.0
2026-09-27 21:00:00,Feeder_4,False,0,0,0,44.02,0.0
2026-09-27 22:00:00,Feeder_4,False,0,0,0,37.31,0.0
2026-09-27 23:00:00,Feeder_4,False,0,0,0,29.48,0.0
2026-09-28 00:00:00,Feeder_4,False,0,0,0,27.35,0.0
2026-09-28 01:00:00,Feeder_4,False,0,0,0,25.3,0.0
2026-09-28 02:00:00,Feeder_4,False,0,0,0,25.15,0.0
2026-09-28 03:00:00,Feeder_4,False,0,0,0,26.36,0.0
2026-09-28 04:00:00,Feeder_4,False,0,0,0,26.3,0.0
2026-09-28 05:00:00,Feeder_4,False,0,0,0,29.24,0.0
2026-09-28 06:00:00,Feeder_4,False,0,0,0,29.73,1.0
2026-09-28 07:00:00,Feeder_4,False,0,0,0,18.34,1.0
2026-09-28 08:00:00,Feeder_4,False,1,1,0,0.0,0.0
2026-09-28 09:00:00,Feeder_4,False,1,0,0,0.0,0.0
2026-09-28 10:00:00,Feeder_4,False,1,0,0,0.0,0.0
2026-09-28 11:00:00,Feeder_4,False,1,0,0,0.0,0.0
2026-09-28 12:00:00,Feeder_4,False,1,0,0,0.0,0.0
2026-09-28 13:00:00,Feeder_4,False,1,0,0,0.0,0.0
2026-09-28 14:00:00,Feeder_4,False,0,0,0,0.0,1.0
2026-09-28 15:00:00,Feeder_4,True,1,0,0,0.0,1.0
2026-09-28 16:00:00,Feeder_4,True,1,1,0,0.0,1.0
2026-09-28 17:00:00,Feeder_4,True,1,1,0,0.0,0.0
2026-09-28 18:00:00,Feeder_4,True,0,0,0,0.0,0.0
2026-09-28 19:00:00,Feeder_4,False,0,0,0,0.0,0.0
2026-09-28 20:00:00,Feeder_4,False,0,0,0,40.21,0.0
2026-09-28 21:00:00,Feeder_4,False,0,0,0,42.79,0.0
2026-09-28 22:00:00,Feeder_4,False,0,0,0,36.71,0.0
2026-09-28 23:00:00,Feeder_4,False,0,0,0,31.9,0.0
2026-09-29 00:00:00,Feeder_4,False,0,0,0,23.43,0.0
2026-09-29 01:00:00,Feeder_4,False,0,0,0,25.42,0.0
2026-09-29 02:00:00,Feeder_4,False,0,0,0,24.05,0.0
2026-09-29 03:00:00,Feeder_4,False,0,0,0,24.88,0.0
2026-09-29 04:00:00,Feeder_4,False,0,0,0,26.34,0.0
2026-09-29 05:00:00,Feeder_4,False,0,0,0,27.86,0.0
2026-09-29 06:00:00,Feeder_4,False,0,0,0,28.06,1.0
2026-09-29 07:00:00,Feeder_4,False,0,0,0,14.54,1.0
2026-09-29 08:00:00,Feeder_4,False,1,1,0,0.0,1.0
2026-09-29 09:00:00,Feeder_4,False,1,1,0,0.0,0.0
2026-09-29 10:00:00,Feeder_4,False,1,0,0,0.0,0.0
2026-09-29 11:00:00,Feeder_4,False,1,0,0,0.0,0.0
2026-09-29 12:00:00,Feeder_4,False,0,0,0,0.0,0.0
2026-09-29 13:00:00,Feeder_4,False,0,0,0,0.0,0.0
2026-09-29 14:00:00,Feeder_4,True,0,0,0,0.0,1.0
2026-09-29 15:00:00,Feeder_4,True,1,0,0,0.0,1.0
2026-09-29 16:00:00,Feeder_4,True,1,1,0,0.0,1.0
2026-09-29 17:00:00,Feeder_4,True,1,1,0,0.0,0.0
2026-09-29 18:00:00,Feeder_4,True,0,0,0,0.0,0.0
2026-09-29 19:00:00,Feeder_4,False,0,0,0,21.87,0.0
2026-09-29 20:00:00,Feeder_4,False,0,0,0,46.96,0.0
2026-09-29 21:00:00,Feeder_4,False,0,0,0,44.94,0.0
2026-09-29 22:00:00,Feeder_4,False,0,0,0,33.35,0.0
2026-09-29 23:00:00,Feeder_4,False,0,0,0,31.58,0.0
2026-09-30 00:00:00,Feeder_4,False,0,0,0,25.02,0.0
2026-09-30 01:00:00,Feeder_4,False,0,0,0,27.92,0.0
2026-09-30 02:00:00,Feeder_4,False,0,0,0,26.13,0.0
2026-09-30 03:00:00,Feeder_4,False,0,0,0,26.78,0.0
2026-09-30 04:00:00,Feeder_4,False,0,0,0,23.9,0.0
2026-09-30 05:00:00,Feeder_4,False,0,0,0,27.98,0.0
2026-09-30 06:00:00,Feeder_4,False,0,0,0,28.4,1.0
2026-09-30 07:00:00,Feeder_4,False,0,0,0,10.97,1.0
2026-09-30 08:00:00,Feeder_4,False,1,1,0,0.0,0.0
2026-09-30 09:00:00,Feeder_4,False,1,0,0,0.0,0.0
2026-09-30 10:00:00,Feeder_4,False,1,0,0,0.0,0.0
2026-09-30 11:00:00,Feeder_4,False,1,0,0,0.0,0.0
2026-09-30 12:00:00,Feeder_4,False,0,0,0,0.0,0.0
2026-09-30 13:00:00,Feeder_4,False,0,0,0,0.0,0.0
2026-09-30 14:00:00,Feeder_4,True,1,0,0,0.0,1.0
2026-09-30 15:00:00,Feeder_4,True,1,0,0,0.0,1.0
2026-09-30 16:00:00,Feeder_4,True,1,1,0,0.0,1.0
2026-09-30 17:00:00,Feeder_4,True,1,1,0,0.0,0.0
2026-09-30 18:00:00,Feeder_4,True,0,0,0,0.0,0.0
2026-09-30 19:00:00,Feeder_4,False,0,0,0,5.27,0.0
2026-09-30 20:00:00,Feeder_4,False,0,0,0,45.11,0.0
2026-09-30 21:00:00,Feeder_4,False,0,0,0,45.59,0.0
2026-09-30 22:00:00,Feeder_4,False,0,0,0,38.8,0.0
2026-09-30 23:00:00,Feeder_4,False,0,0,0,29.86,0.0
2026-09-01 00:00:00,Feeder_5,False,0,0,0,0.0,0.0
2026-09-01 01:00:00,Feeder_5,False,0,0,0,0.0,0.0
2026-09-01 02:00:00,Feeder_5,False,0,0,0,0.0,0.0
2026-09-01 03:00:00,Feeder_5,False,0,0,0,0.0,0.0
2026-09-01 04:00:00,Feeder_5,False,0,0,0,0.0,0.0
2026-09-01 05:00:00,Feeder_5,False,0,0,0,0.0,0.0
2026-09-01 06:00:00,Feeder_5,False,0,0,0,30.63,1.0
2026-09-01 07:00:00,Feeder_5,False,0,0,0,21.52,1.0
2026-09-01 08:00:00,Feeder_5,False,1,1,0,0.0,1.0
2026-09-01 09:00:00,Feeder_5,False,1,1,0,0.0,0.0
2026-09-01 10:00:00,Feeder_5,False,1,0,0,0.0,0.0
2026-09-01 11:00:00,Feeder_5,False,1,0,0,0.0,0.0
2026-09-01 12:00:00,Feeder_5,False,0,0,0,0.0,0.0
2026-09-01 13:00:00,Feeder_5,True,1,0,0,0.0,0.0
2026-09-01 14:00:00,Feeder_5,True,1,0,0,0.0,1.0
2026-09-01 15:00:00,Feeder_5,False,1,0,0,0.0,1.0
2026-09-01 16:00:00,Feeder_5,True,1,1,0,0.0,1.0
2026-09-01 17:00:00,Feeder_5,True,1,1,0,0.0,0.0
2026-09-01 18:00:00,Feeder_5,True,0,0,0,0.0,0.0
2026-09-01 19:00:00,Feeder_5,False,0,0,0,5.14,0.0
2026-09-01 20:00:00,Feeder_5,False,0,0,0,49.73,0.0
2026-09-01 21:00:00,Feeder_5,False,0,0,0,49.67,0.0
2026-09-01 22:00:00,Feeder_5,False,0,0,0,43.81,0.0
2026-09-01 23:00:00,Feeder_5,False,0,0,0,34.91,0.0
2026-09-02 00:00:00,Feeder_5,False,0,0,0,32.56,0.0
2026-09-02 01:00:00,Feeder_5,False,0,0,0,31.12,0.0
2026-09-02 02:00:00,Feeder_5,False,0,0,0,30.44,0.0
2026-09-02 03:00:00,Feeder_5,False,0,0,0,31.42,0.0
2026-09-02 04:00:00,Feeder_5,False,0,0,0,35.87,0.0
2026-09-02 05:00:00,Feeder_5,False,0,0,0,31.59,0.0
2026-09-02 06:00:00,Feeder_5,False,0,0,0,34.69,1.0
2026-09-02 07:00:00,Feeder_5,False,0,0,0,19.35,1.0
2026-09-02 08:00:00,Feeder_5,False,1,1,0,0.62,1.0
2026-09-02 09:00:00,Feeder_5,False,1,1,0,0.0,0.0
2026-09-02 10:00:00,Feeder_5,False,1,0,0,0.0,0.0
2026-09-02 11:00:00,Feeder_5,False,1,0,0,0.0,0.0
2026-09-02 12:00:00,Feeder_5,True,1,0,0,0.0,0.0
2026-09-02 13:00:00,Feeder_5,False,0,0,0,0.0,0.0
2026-09-02 14:00:00,Feeder_5,True,1,0,0,0.0,0.0
2026-09-02 15:00:00,Feeder_5,True,1,0,0,0.0,1.0
2026-09-02 16:00:00,Feeder_5,True,1,0,0,0.0,1.0
2026-09-02 17:00:00,Feeder_5,True,1,1,0,0.0,0.0
2026-09-02 18:00:00,Feeder_5,True,0,0,0,0.0,0.0
2026-09-02 19:00:00,Feeder_5,False,0,0,0,8.65,0.0
2026-09-02 20:00:00,Feeder_5,False,0,0,0,54.05,0.0
2026-09-02 21:00:00,Feeder_5,False,0,0,0,50.39,0.0
2026-09-02 22:00:00,Feeder_5,False,0,0,0,40.58,0.0
2026-09-02 23:00:00,Feeder_5,False,0,0,0,33.84,0.0
2026-09-03 00:00:00,Feeder_5,False,0,0,0,31.84,0.0
2026-09-03 01:00:00,Feeder_5,False,0,0,0,29.84,0.0
2026-09-03 02:00:00,Feeder_5,False,0,0,0,31.0,0.0
2026-09-03 03:00:00,Feeder_5,False,0,0,0,28.21,0.0
2026-09-03 04:00:00,Feeder_5,False,0,0,0,33.02,0.0
2026-09-03 05:00:00,Feeder_5,False,0,0,0,30.21,0.0
2026-09-03 06:00:00,Feeder_5,False,0,0,0,34.85,1.0
2026-09-03 07:00:00,Feeder_5,False,0,0,0,20.67,1.0
2026-09-03 08:00:00,Feeder_5,False,1,1,0,0.0,0.0
2026-09-03 09:00:00,Feeder_5,False,1,0,0,0.0,0.0
2026-09-03 10:00:00,Feeder_5,False,1,0,0,0.0,0.0
2026-09-03 11:00:00,Feeder_5,False,1,0,0,0.0,0.0
2026-09-03 12:00:00,Feeder_5,False,0,0,0,0.0,0.0
2026-09-03 13:00:00,Feeder_5,False,0,0,0,0.0,0.0
2026-09-03 14:00:00,Feeder_5,True,1,0,0,0.0,1.0
2026-09-03 15:00:00,Feeder_5,True,1,0,0,0.0,1.0
2026-09-03 16:00:00,Feeder_5,True,1,1,0,0.0,1.0
2026-09-03 17:00:00,Feeder_5,True,1,1,0,0.0,0.0
2026-09-03 18:00:00,Feeder_5,True,0,0,0,0.0,0.0
2026-09-03 19:00:00,Feeder_5,False,0,0,0,9.45,0.0
2026-09-03 20:00:00,Feeder_5,False,0,0,0,51.38,0.0
2026-09-03 21:00:00,Feeder_5,False,0,0,0,49.68,0.0
2026-09-03 22:00:00,Feeder_5,False,0,0,0,39.19,0.0
2026-09-03 23:00:00,Feeder_5,False,0,0,0,34.59,0.0
2026-09-04 00:00:00,Feeder_5,False,0,0,0,28.49,0.0
2026-09-04 01:00:00,Feeder_5,False,0,0,0,31.1,0.0
2026-09-04 02:00:00,Feeder_5,False,0,0,0,31.61,0.0
2026-09-04 03:00:00,Feeder_5,False,0,0,0,29.66,0.0
2026-09-04 04:00:00,Feeder_5,False,0,0,0,32.72,0.0
2026-09-04 05:00:00,Feeder_5,False,0,0,0,31.49,0.0
2026-09-04 06:00:00,Feeder_5,False,0,0,0,33.83,1.0
2026-09-04 07:00:00,Feeder_5,False,0,0,0,17.55,1.0
2026-09-04 08:00:00,Feeder_5,False,1,1,1,11.56,0.0
2026-09-04 09:00:00,Feeder_5,False,1,0,0,0.0,0.0
2026-09-04 10:00:00,Feeder_5,False,1,0,0,0.0,0.0
2026-09-04 11:00:00,Feeder_5,False,1,0,0,0.0,0.0
2026-09-04 12:00:00,Feeder_5,False,0,0,0,0.0,0.0
2026-09-04 13:00:00,Feeder_5,False,0,0,0,0.0,0.0
2026-09-04 14:00:00,Feeder_5,True,1,0,0,0.0,1.0
2026-09-04 15:00:00,Feeder_5,True,1,0,0,0.0,1.0
2026-09-04 16:00:00,Feeder_5,True,1,1,0,0.0,1.0
2026-09-04 17:00:00,Feeder_5,True,1,1,0,0.0,0.0
2026-09-04 18:00:00,Feeder_5,True,0,0,0,0.0,0.0
2026-09-04 19:00:00,Feeder_5,False,0,0,0,22.93,0.0
2026-09-04 20:00:00,Feeder_5,False,0,0,0,49.33,0.0
2026-09-04 21:00:00,Feeder_5,False,0,0,0,49.27,0.0
2026-09-04 22:00:00,Feeder_5,False,0,0,0,40.0,0.0
2026-09-04 23:00:00,Feeder_5,False,0,0,0,35.14,0.0
2026-09-05 00:00:00,Feeder_5,False,0,0,0,30.35,0.0
2026-09-05 01:00:00,Feeder_5,False,0,0,0,29.42,0.0
2026-09-05 02:00:00,Feeder_5,False,0,0,0,29.42,0.0
2026-09-05 03:00:00,Feeder_5,False,0,0,0,30.71,0.0
2026-09-05 04:00:00,Feeder_5,False,0,0,0,30.91,0.0
2026-09-05 05:00:00,Feeder_5,False,0,0,0,31.72,0.0
2026-09-05 06:00:00,Feeder_5,False,0,0,0,34.75,1.0
2026-09-05 07:00:00,Feeder_5,False,0,0,0,13.24,1.0
2026-09-05 08:00:00,Feeder_5,False,1,1,1,3.05,0.0
2026-09-05 09:00:00,Feeder_5,False,1,0,0,0.0,0.0
2026-09-05 10:00:00,Feeder_5,False,1,0,0,0.0,0.0
2026-09-05 11:00:00,Feeder_5,False,1,0,0,0.0,0.0
2026-09-05 12:00:00,Feeder_5,False,0,0,0,0.0,0.0
2026-09-05 13:00:00,Feeder_5,False,0,0,0,0.0,0.0
2026-09-05 14:00:00,Feeder_5,True,0,0,0,0.0,1.0
2026-09-05 15:00:00,Feeder_5,True,1,0,0,0.0,1.0
2026-09-05 16:00:00,Feeder_5,True,1,1,0,0.0,1.0
2026-09-05 17:00:00,Feeder_5,True,1,1,0,0.0,0.0
2026-09-05 18:00:00,Feeder_5,True,0,0,0,0.0,0.0
2026-09-05 19:00:00,Feeder_5,False,0,0,0,11.55,0.0
2026-09-05 20:00:00,Feeder_5,False,0,0,0,54.3,0.0
2026-09-05 21:00:00,Feeder_5,False,0,0,0,45.95,0.0
2026-09-05 22:00:00,Feeder_5,False,0,0,0,43.43,0.0
2026-09-05 23:00:00,Feeder_5,False,0,0,0,36.79,0.0
2026-09-06 00:00:00,Feeder_5,False,0,0,0,31.65,0.0
2026-09-06 01:00:00,Feeder_5,False,0,0,0,29.17,0.0
2026-09-06 02:00:00,Feeder_5,False,0,0,0,31.36,0.0
2026-09-06 03:00:00,Feeder_5,False,0,0,0,28.99,0.0
2026-09-06 04:00:00,Feeder_5,False,0,0,0,30.81,0.0
2026-09-06 05:00:00,Feeder_5,False,0,0,0,30.84,0.0
2026-09-06 06:00:00,Feeder_5,False,0,0,0,34.53,1.0
2026-09-06 07:00:00,Feeder_5,False,0,0,0,16.33,1.0
2026-09-06 08:00:00,Feeder_5,False,1,1,0,0.0,0.0
2026-09-06 09:00:00,Feeder_5,False,1,0,0,0.0,1.0
2026-09-06 10:00:00,Feeder_5,False,1,0,0,0.0,1.0
2026-09-06 11:00:00,Feeder_5,True,1,1,0,0.0,1.0
2026-09-06 12:00:00,Feeder_5,False,1,1,1,6.28,1.0
2026-09-06 13:00:00,Feeder_5,False,1,1,1,29.53,1.0
2026-09-06 14:00:00,Feeder_5,True,1,1,1,29.57,1.0
2026-09-06 15:00:00,Feeder_5,False,1,0,0,0.0,1.0
2026-09-06 16:00:00,Feeder_5,True,1,1,1,4.09,1.0
2026-09-06 17:00:00,Feeder_5,True,1,1,1,20.9,0.0
2026-09-06 18:00:00,Feeder_5,True,0,0,0,41.41,0.0
2026-09-06 19:00:00,Feeder_5,False,0,0,0,50.41,0.0
2026-09-06 20:00:00,Feeder_5,False,0,0,0,52.5,0.0
2026-09-06 21:00:00,Feeder_5,False,0,0,0,48.13,0.0
2026-09-06 22:00:00,Feeder_5,False,0,0,0,43.92,0.0
2026-09-06 23:00:00,Feeder_5,False,0,0,0,34.81,0.0
2026-09-07 00:00:00,Feeder_5,False,0,0,0,33.98,0.0
2026-09-07 01:00:00,Feeder_5,False,0,0,0,29.17,0.0
2026-09-07 02:00:00,Feeder_5,False,0,0,0,30.74,0.0
2026-09-07 03:00:00,Feeder_5,False,0,0,0,31.39,0.0
2026-09-07 04:00:00,Feeder_5,False,0,0,0,34.19,0.0
2026-09-07 05:00:00,Feeder_5,False,0,0,0,31.07,0.0
2026-09-07 06:00:00,Feeder_5,False,0,0,0,32.51,1.0
2026-09-07 07:00:00,Feeder_5,False,0,0,0,15.32,1.0
2026-09-07 08:00:00,Feeder_5,False,1,1,1,5.35,0.0
2026-09-07 09:00:00,Feeder_5,False,1,0,0,0.0,0.0
2026-09-07 10:00:00,Feeder_5,False,1,0,0,0.0,0.0
2026-09-07 11:00:00,Feeder_5,False,1,0,0,0.0,0.0
2026-09-07 12:00:00,Feeder_5,False,0,0,0,0.0,0.0
2026-09-07 13:00:00,Feeder_5,False,0,0,0,0.0,0.0
2026-09-07 14:00:00,Feeder_5,True,1,0,0,0.0,1.0
2026-09-07 15:00:00,Feeder_5,True,1,0,0,0.0,1.0
2026-09-07 16:00:00,Feeder_5,True,1,1,0,0.0,1.0
2026-09-07 17:00:00,Feeder_5,True,1,1,0,0.0,0.0
2026-09-07 18:00:00,Feeder_5,True,0,0,0,0.0,0.0
2026-09-07 19:00:00,Feeder_5,False,0,0,0,28.81,0.0
2026-09-07 20:00:00,Feeder_5,False,0,0,0,49.61,0.0
2026-09-07 21:00:00,Feeder_5,False,0,0,0,50.25,0.0
2026-09-07 22:00:00,Feeder_5,False,0,0,0,41.68,0.0
2026-09-07 23:00:00,Feeder_5,False,0,0,0,35.0,0.0
2026-09-08 00:00:00,Feeder_5,False,0,0,0,30.53,0.0
2026-09-08 01:00:00,Feeder_5,False,0,0,0,31.52,0.0
2026-09-08 02:00:00,Feeder_5,False,0,0,0,32.4,0.0
2026-09-08 03:00:00,Feeder_5,False,0,0,0,30.24,0.0
2026-09-08 04:00:00,Feeder_5,False,0,0,0,33.23,0.0
2026-09-08 05:00:00,Feeder_5,False,0,0,0,31.79,0.0
2026-09-08 06:00:00,Feeder_5,False,0,0,0,35.66,1.0
2026-09-08 07:00:00,Feeder_5,False,0,0,0,13.68,1.0
2026-09-08 08:00:00,Feeder_5,False,1,1,0,0.0,0.0
2026-09-08 09:00:00,Feeder_5,False,1,0,0,0.0,0.0
2026-09-08 10:00:00,Feeder_5,False,1,0,0,0.0,0.0
2026-09-08 11:00:00,Feeder_5,False,1,0,0,0.0,0.0
2026-09-08 12:00:00,Feeder_5,False,0,0,0,0.0,0.0
2026-09-08 13:00:00,Feeder_5,False,0,0,0,0.0,0.0
2026-09-08 14:00:00,Feeder_5,True,1,0,0,0.0,0.0
2026-09-08 15:00:00,Feeder_5,False,1,0,0,0.0,1.0
2026-09-08 16:00:00,Feeder_5,True,1,0,0,0.0,1.0
2026-09-08 17:00:00,Feeder_5,True,1,1,0,0.0,0.0
2026-09-08 18:00:00,Feeder_5,True,0,0,0,0.0,0.0
2026-09-08 19:00:00,Feeder_5,False,0,0,0,10.81,0.0
2026-09-08 20:00:00,Feeder_5,False,0,0,0,53.48,0.0
2026-09-08 21:00:00,Feeder_5,False,0,0,0,50.0,0.0
2026-09-08 22:00:00,Feeder_5,False,0,0,0,43.5,0.0
2026-09-08 23:00:00,Feeder_5,False,0,0,0,37.39,0.0
2026-09-09 00:00:00,Feeder_5,False,0,0,0,29.55,0.0
2026-09-09 01:00:00,Feeder_5,False,0,0,0,30.62,0.0
2026-09-09 02:00:00,Feeder_5,False,0,0,0,28.66,0.0
2026-09-09 03:00:00,Feeder_5,False,0,0,0,29.99,0.0
2026-09-09 04:00:00,Feeder_5,False,0,0,0,31.06,0.0
2026-09-09 05:00:00,Feeder_5,False,0,0,0,31.75,0.0
2026-09-09 06:00:00,Feeder_5,False,0,0,0,35.05,1.0
2026-09-09 07:00:00,Feeder_5,False,0,0,0,17.92,1.0
2026-09-09 08:00:00,Feeder_5,False,1,1,0,0.0,1.0
2026-09-09 09:00:00,Feeder_5,False,1,1,0,0.0,0.0
2026-09-09 10:00:00,Feeder_5,False,1,0,0,0.0,0.0
2026-09-09 11:00:00,Feeder_5,False,1,0,0,0.0,0.0
2026-09-09 12:00:00,Feeder_5,False,0,0,0,0.0,0.0
2026-09-09 13:00:00,Feeder_5,False,0,0,0,0.0,0.0
2026-09-09 14:00:00,Feeder_5,True,0,0,0,0.0,1.0
2026-09-09 15:00:00,Feeder_5,True,1,0,0,0.0,1.0
2026-09-09 16:00:00,Feeder_5,True,1,1,0,0.0,1.0
2026-09-09 17:00:00,Feeder_5,True,1,1,0,0.0,0.0
2026-09-09 18:00:00,Feeder_5,True,0,0,0,0.0,0.0
2026-09-09 19:00:00,Feeder_5,False,0,0,0,29.52,0.0
2026-09-09 20:00:00,Feeder_5,False,0,0,0,51.2,0.0
2026-09-09 21:00:00,Feeder_5,False,0,0,0,48.83,0.0
2026-09-09 22:00:00,Feeder_5,False,0,0,0,41.98,0.0
2026-09-09 23:00:00,Feeder_5,False,0,0,0,36.17,0.0
2026-09-10 00:00:00,Feeder_5,False,0,0,0,29.89,0.0
2026-09-10 01:00:00,Feeder_5,False,0,0,0,31.51,0.0
2026-09-10 02:00:00,Feeder_5,False,0,0,0,29.77,0.0
2026-09-10 03:00:00,Feeder_5,False,0,0,0,29.34,0.0
2026-09-10 04:00:00,Feeder_5,False,0,0,0,31.93,0.0
2026-09-10 05:00:00,Feeder_5,False,0,0,0,33.35,0.0
2026-09-10 06:00:00,Feeder_5,False,0,0,0,34.58,1.0
2026-09-10 07:00:00,Feeder_5,False,0,0,0,13.69,1.0
2026-09-10 08:00:00,Feeder_5,False,1,1,0,0.0,1.0
2026-09-10 09:00:00,Feeder_5,False,1,1,0,0.0,0.0
2026-09-10 10:00:00,Feeder_5,False,1,0,0,0.0,0.0
2026-09-10 11:00:00,Feeder_5,False,1,0,0,0.0,0.0
2026-09-10 12:00:00,Feeder_5,False,1,0,0,0.0,0.0
2026-09-10 13:00:00,Feeder_5,False,0,0,0,0.0,0.0
2026-09-10 14:00:00,Feeder_5,True,0,0,0,0.0,1.0
2026-09-10 15:00:00,Feeder_5,True,1,0,0,0.0,1.0
2026-09-10 16:00:00,Feeder_5,True,1,1,0,0.0,1.0
2026-09-10 17:00:00,Feeder_5,True,1,1,0,0.0,0.0
2026-09-10 18:00:00,Feeder_5,True,0,0,0,0.0,0.0
2026-09-10 19:00:00,Feeder_5,False,0,0,0,19.34,0.0
2026-09-10 20:00:00,Feeder_5,False,0,0,0,52.39,0.0
2026-09-10 21:00:00,Feeder_5,False,0,0,0,48.93,0.0
2026-09-10 22:00:00,Feeder_5,False,0,0,0,42.67,0.0
2026-09-10 23:00:00,Feeder_5,False,0,0,0,36.05,0.0
2026-09-11 00:00:00,Feeder_5,False,0,0,0,30.86,0.0
2026-09-11 01:00:00,Feeder_5,False,0,0,0,28.65,0.0
2026-09-11 02:00:00,Feeder_5,False,0,0,0,32.37,0.0
2026-09-11 03:00:00,Feeder_5,False,0,0,0,30.86,0.0
2026-09-11 04:00:00,Feeder_5,False,0,0,0,29.92,0.0
2026-09-11 05:00:00,Feeder_5,False,0,0,0,33.77,0.0
2026-09-11 06:00:00,Feeder_5,False,0,0,0,34.24,1.0
2026-09-11 07:00:00,Feeder_5,False,0,0,0,16.51,1.0
2026-09-11 08:00:00,Feeder_5,False,1,1,0,1.17,0.0
2026-09-11 09:00:00,Feeder_5,False,1,0,0,0.0,0.0
2026-09-11 10:00:00,Feeder_5,False,1,0,0,0.0,0.0
2026-09-11 11:00:00,Feeder_5,False,1,0,0,0.0,0.0
2026-09-11 12:00:00,Feeder_5,False,0,0,0,0.0,0.0
2026-09-11 13:00:00,Feeder_5,False,0,0,0,0.0,0.0
2026-09-11 14:00:00,Feeder_5,True,1,0,0,0.0,1.0
2026-09-11 15:00:00,Feeder_5,False,1,0,0,0.0,1.0
2026-09-11 16:00:00,Feeder_5,True,1,1,0,0.0,1.0
2026-09-11 17:00:00,Feeder_5,True,1,1,0,0.0,0.0
2026-09-11 18:00:00,Feeder_5,True,0,0,0,0.0,0.0
2026-09-11 19:00:00,Feeder_5,False,0,0,0,11.05,0.0
2026-09-11 20:00:00,Feeder_5,False,0,0,0,52.34,0.0
2026-09-11 21:00:00,Feeder_5,False,0,0,0,48.71,0.0
2026-09-11 22:00:00,Feeder_5,False,0,0,0,38.71,0.0
2026-09-11 23:00:00,Feeder_5,False,0,0,0,34.34,0.0
2026-09-12 00:00:00,Feeder_5,False,0,0,0,33.22,0.0
2026-09-12 01:00:00,Feeder_5,False,0,0,0,30.74,0.0
2026-09-12 02:00:00,Feeder_5,False,0,0,0,28.27,0.0
2026-09-12 03:00:00,Feeder_5,False,0,0,0,31.06,0.0
2026-09-12 04:00:00,Feeder_5,False,0,0,0,29.93,0.0
2026-09-12 05:00:00,Feeder_5,False,0,0,0,33.05,0.0
2026-09-12 06:00:00,Feeder_5,False,0,0,0,33.31,1.0
2026-09-12 07:00:00,Feeder_5,False,0,0,0,13.97,1.0
2026-09-12 08:00:00,Feeder_5,False,1,1,0,0.0,0.0
2026-09-12 09:00:00,Feeder_5,False,1,0,0,0.0,0.0
2026-09-12 10:00:00,Feeder_5,False,1,0,0,0.0,0.0
2026-09-12 11:00:00,Feeder_5,False,1,0,0,0.0,0.0
2026-09-12 12:00:00,Feeder_5,False,0,0,0,0.0,0.0
2026-09-12 13:00:00,Feeder_5,False,0,0,0,0.0,0.0
2026-09-12 14:00:00,Feeder_5,True,1,0,0,0.0,0.0
2026-09-12 15:00:00,Feeder_5,False,1,0,0,0.0,1.0
2026-09-12 16:00:00,Feeder_5,True,1,0,0,0.0,1.0
2026-09-12 17:00:00,Feeder_5,True,1,1,0,0.0,0.0
2026-09-12 18:00:00,Feeder_5,True,0,0,0,0.0,0.0
2026-09-12 19:00:00,Feeder_5,False,0,0,0,0.0,0.0
2026-09-12 20:00:00,Feeder_5,False,0,0,0,47.57,0.0
2026-09-12 21:00:00,Feeder_5,False,0,0,0,49.76,0.0
2026-09-12 22:00:00,Feeder_5,False,0,0,0,41.28,0.0
2026-09-12 23:00:00,Feeder_5,False,0,0,0,34.05,0.0
2026-09-13 00:00:00,Feeder_5,False,0,0,0,30.72,0.0
2026-09-13 01:00:00,Feeder_5,False,0,0,0,32.14,0.0
2026-09-13 02:00:00,Feeder_5,False,0,0,0,32.38,0.0
2026-09-13 03:00:00,Feeder_5,False,0,0,0,28.92,0.0
2026-09-13 04:00:00,Feeder_5,False,0,0,0,30.83,0.0
2026-09-13 05:00:00,Feeder_5,False,0,0,0,34.91,0.0
2026-09-13 06:00:00,Feeder_5,False,0,0,0,32.86,1.0
2026-09-13 07:00:00,Feeder_5,False,0,0,0,17.98,1.0
2026-09-13 08:00:00,Feeder_5,False,1,1,0,0.0,0.0
2026-09-13 09:00:00,Feeder_5,False,1,0,0,0.0,0.0
2026-09-13 10:00:00,Feeder_5,False,1,0,0,0.0,0.0
2026-09-13 11:00:00,Feeder_5,False,0,0,0,0.0,0.0
2026-09-13 12:00:00,Feeder_5,False,0,0,0,0.0,0.0
2026-09-13 13:00:00,Feeder_5,False,0,0,0,0.0,0.0
2026-09-13 14:00:00,Feeder_5,True,0,0,0,0.0,0.0
2026-09-13 15:00:00,Feeder_5,True,1,0,0,0.0,1.0
2026-09-13 16:00:00,Feeder_5,True,1,0,0,0.0,1.0
2026-09-13 17:00:00,Feeder_5,True,1,1,0,0.0,0.0
2026-09-13 18:00:00,Feeder_5,True,0,0,0,0.0,0.0
2026-09-13 19:00:00,Feeder_5,False,0,0,0,27.4,0.0
2026-09-13 20:00:00,Feeder_5,False,0,0,0,50.42,0.0
2026-09-13 21:00:00,Feeder_5,False,0,0,0,48.11,0.0
2026-09-13 22:00:00,Feeder_5,False,0,0,0,40.95,0.0
2026-09-13 23:00:00,Feeder_5,False,0,0,0,34.32,0.0
2026-09-14 00:00:00,Feeder_5,False,0,0,0,29.27,0.0
2026-09-14 01:00:00,Feeder_5,False,0,0,0,28.79,0.0
2026-09-14 02:00:00,Feeder_5,False,0,0,0,32.63,0.0
2026-09-14 03:00:00,Feeder_5,False,0,0,0,31.81,0.0
2026-09-14 04:00:00,Feeder_5,False,0,0,0,32.45,0.0
2026-09-14 05:00:00,Feeder_5,False,0,0,0,33.65,0.0
2026-09-14 06:00:00,Feeder_5,False,0,0,0,32.79,1.0
2026-09-14 07:00:00,Feeder_5,False,0,0,0,14.68,1.0
2026-09-14 08:00:00,Feeder_5,False,1,1,1,10.68,1.0
2026-09-14 09:00:00,Feeder_5,False,1,0,0,0.0,1.0
2026-09-14 10:00:00,Feeder_5,False,1,1,0,0.0,0.0
2026-09-14 11:00:00,Feeder_5,False,1,0,0,0.0,0.0
2026-09-14 12:00:00,Feeder_5,False,0,0,0,0.0,0.0
2026-09-14 13:00:00,Feeder_5,False,0,0,0,0.0,0.0
2026-09-14 14:00:00,Feeder_5,True,0,0,0,0.0,1.0
2026-09-14 15:00:00,Feeder_5,True,1,0,0,0.0,1.0
2026-09-14 16:00:00,Feeder_5,True,1,1,0,0.0,1.0
2026-09-14 17:00:00,Feeder_5,True,1,1,0,0.0,0.0
2026-09-14 18:00:00,Feeder_5,True,0,0,0,0.0,0.0
2026-09-14 19:00:00,Feeder_5,False,0,0,0,21.24,0.0
2026-09-14 20:00:00,Feeder_5,False,0,0,0,50.98,0.0
2026-09-14 21:00:00,Feeder_5,False,0,0,0,49.24,0.0
2026-09-14 22:00:00,Feeder_5,False,0,0,0,41.36,0.0
2026-09-14 23:00:00,Feeder_5,False,0,0,0,35.54,0.0
2026-09-15 00:00:00,Feeder_5,False,0,0,0,32.59,0.0
2026-09-15 01:00:00,Feeder_5,False,0,0,0,33.18,0.0
2026-09-15 02:00:00,Feeder_5,False,0,0,0,31.81,0.0
2026-09-15 03:00:00,Feeder_5,False,0,0,0,31.14,0.0
2026-09-15 04:00:00,Feeder_5,False,0,0,0,30.62,0.0
2026-09-15 05:00:00,Feeder_5,False,0,0,0,33.85,0.0
2026-09-15 06:00:00,Feeder_5,False,0,0,0,32.86,1.0
2026-09-15 07:00:00,Feeder_5,False,0,0,0,15.64,1.0
2026-09-15 08:00:00,Feeder_5,False,1,1,1,4.83,0.0
2026-09-15 09:00:00,Feeder_5,False,1,0,0,0.0,0.0
2026-09-15 10:00:00,Feeder_5,False,1,0,0,0.0,0.0
2026-09-15 11:00:00,Feeder_5,False,1,0,0,0.0,0.0
2026-09-15 12:00:00,Feeder_5,False,0,0,0,0.0,0.0
2026-09-15 13:00:00,Feeder_5,True,1,0,0,0.0,0.0
2026-09-15 14:00:00,Feeder_5,False,1,0,0,0.0,1.0
2026-09-15 15:00:00,Feeder_5,True,1,0,0,0.0,1.0
2026-09-15 16:00:00,Feeder_5,True,1,1,0,0.0,1.0
2026-09-15 17:00:00,Feeder_5,True,1,1,0,0.0,0.0
2026-09-15 18:00:00,Feeder_5,True,0,0,0,0.0,0.0
2026-09-15 19:00:00,Feeder_5,False,0,0,0,12.15,0.0
2026-09-15 20:00:00,Feeder_5,False,0,0,0,50.33,0.0
2026-09-15 21:00:00,Feeder_5,False,0,0,0,48.18,0.0
2026-09-15 22:00:00,Feeder_5,False,0,0,0,42.07,0.0
2026-09-15 23:00:00,Feeder_5,False,0,0,0,34.67,0.0
2026-09-16 00:00:00,Feeder_5,False,0,0,0,31.06,0.0
2026-09-16 01:00:00,Feeder_5,False,0,0,0,30.45,0.0
2026-09-16 02:00:00,Feeder_5,False,0,0,0,30.21,0.0
2026-09-16 03:00:00,Feeder_5,False,0,0,0,32.67,0.0
2026-09-16 04:00:00,Feeder_5,False,0,0,0,33.17,0.0
2026-09-16 05:00:00,Feeder_5,False,0,0,0,31.2,0.0
2026-09-16 06:00:00,Feeder_5,False,0,0,0,33.02,1.0
2026-09-16 07:00:00,Feeder_5,False,0,0,0,18.58,1.0
2026-09-16 08:00:00,Feeder_5,False,1,1,0,0.0,1.0
2026-09-16 09:00:00,Feeder_5,False,1,1,0,0.0,0.0
2026-09-16 10:00:00,Feeder_5,False,1,0,0,0.0,0.0
2026-09-16 11:00:00,Feeder_5,False,1,0,0,0.0,0.0
2026-09-16 12:00:00,Feeder_5,False,0,0,0,0.0,0.0
2026-09-16 13:00:00,Feeder_5,False,0,0,0,0.0,0.0
2026-09-16 14:00:00,Feeder_5,True,0,0,0,0.0,0.0
2026-09-16 15:00:00,Feeder_5,True,1,0,0,0.0,1.0
2026-09-16 16:00:00,Feeder_5,True,1,0,0,0.0,1.0
2026-09-16 17:00:00,Feeder_5,True,1,1,0,0.0,0.0
2026-09-16 18:00:00,Feeder_5,True,0,0,0,0.0,0.0
2026-09-16 19:00:00,Feeder_5,False,0,0,0,27.08,0.0
2026-09-16 20:00:00,Feeder_5,False,0,0,0,50.24,0.0
2026-09-16 21:00:00,Feeder_5,False,0,0,0,48.98,0.0
2026-09-16 22:00:00,Feeder_5,False,0,0,0,39.34,0.0
2026-09-16 23:00:00,Feeder_5,False,0,0,0,36.09,0.0
2026-09-17 00:00:00,Feeder_5,False,0,0,0,30.01,0.0
2026-09-17 01:00:00,Feeder_5,False,0,0,0,31.46,0.0
2026-09-17 02:00:00,Feeder_5,False,0,0,0,32.3,0.0
2026-09-17 03:00:00,Feeder_5,False,0,0,0,29.41,0.0
2026-09-17 04:00:00,Feeder_5,False,0,0,0,31.37,0.0
2026-09-17 05:00:00,Feeder_5,False,0,0,0,31.63,0.0
2026-09-17 06:00:00,Feeder_5,False,0,0,0,34.82,1.0
2026-09-17 07:00:00,Feeder_5,False,0,0,0,15.35,1.0
2026-09-17 08:00:00,Feeder_5,False,1,1,0,0.0,0.0
2026-09-17 09:00:00,Feeder_5,False,1,0,0,0.0,0.0
2026-09-17 10:00:00,Feeder_5,False,1,0,0,0.0,0.0
2026-09-17 11:00:00,Feeder_5,False,1,0,0,0.0,0.0
2026-09-17 12:00:00,Feeder_5,False,0,0,0,0.0,0.0
2026-09-17 13:00:00,Feeder_5,True,0,0,0,0.0,0.0
2026-09-17 14:00:00,Feeder_5,True,1,0,0,0.0,1.0
2026-09-17 15:00:00,Feeder_5,True,1,0,0,0.0,1.0
2026-09-17 16:00:00,Feeder_5,True,1,1,0,0.0,1.0
2026-09-17 17:00:00,Feeder_5,True,1,1,0,0.0,0.0
2026-09-17 18:00:00,Feeder_5,True,0,0,0,0.0,0.0
2026-09-17 19:00:00,Feeder_5,False,0,0,0,14.51,0.0
2026-09-17 20:00:00,Feeder_5,False,0,0,0,51.05,0.0
2026-09-17 21:00:00,Feeder_5,False,0,0,0,48.1,0.0
2026-09-17 22:00:00,Feeder_5,False,0,0,0,42.59,0.0
2026-09-17 23:00:00,Feeder_5,False,0,0,0,33.98,0.0
2026-09-18 00:00:00,Feeder_5,False,0,0,0,31.38,0.0
2026-09-18 01:00:00,Feeder_5,False,0,0,0,30.43,0.0
2026-09-18 02:00:00,Feeder_5,False,0,0,0,30.43,0.0
2026-09-18 03:00:00,Feeder_5,False,0,0,0,30.91,0.0
2026-09-18 04:00:00,Feeder_5,False,0,0,0,29.47,0.0
2026-09-18 05:00:00,Feeder_5,False,0,0,0,31.58,0.0
2026-09-18 06:00:00,Feeder_5,False,0,0,0,35.06,1.0
2026-09-18 07:00:00,Feeder_5,False,0,0,0,17.63,1.0
2026-09-18 08:00:00,Feeder_5,False,1,1,0,0.21,0.0
2026-09-18 09:00:00,Feeder_5,False,1,0,0,0.0,0.0
2026-09-18 10:00:00,Feeder_5,False,1,0,0,0.0,0.0
2026-09-18 11:00:00,Feeder_5,False,1,0,0,0.0,0.0
2026-09-18 12:00:00,Feeder_5,False,0,0,0,0.0,0.0
2026-09-18 13:00:00,Feeder_5,False,0,0,0,0.0,0.0
2026-09-18 14:00:00,Feeder_5,True,1,0,0,0.0,1.0
2026-09-18 15:00:00,Feeder_5,True,1,0,0,0.0,1.0
2026-09-18 16:00:00,Feeder_5,True,1,1,0,0.0,1.0
2026-09-18 17:00:00,Feeder_5,True,1,1,0,0.0,0.0
2026-09-18 18:00:00,Feeder_5,True,0,0,0,0.0,0.0
2026-09-18 19:00:00,Feeder_5,False,0,0,0,6.24,0.0
2026-09-18 20:00:00,Feeder_5,False,0,0,0,50.65,0.0
2026-09-18 21:00:00,Feeder_5,False,0,0,0,49.5,0.0
2026-09-18 22:00:00,Feeder_5,False,0,0,0,42.67,0.0
2026-09-18 23:00:00,Feeder_5,False,0,0,0,35.77,0.0
2026-09-19 00:00:00,Feeder_5,False,0,0,0,29.0,0.0
2026-09-19 01:00:00,Feeder_5,False,0,0,0,33.6,0.0
2026-09-19 02:00:00,Feeder_5,False,0,0,0,30.61,0.0
2026-09-19 03:00:00,Feeder_5,False,0,0,0,30.02,0.0
2026-09-19 04:00:00,Feeder_5,False,0,0,0,32.44,0.0
2026-09-19 05:00:00,Feeder_5,False,0,0,0,30.5,0.0
2026-09-19 06:00:00,Feeder_5,False,0,0,0,34.84,1.0
2026-09-19 07:00:00,Feeder_5,False,0,0,0,18.63,1.0
2026-09-19 08:00:00,Feeder_5,False,1,1,1,5.21,0.0
2026-09-19 09:00:00,Feeder_5,False,1,0,0,0.0,0.0
2026-09-19 10:00:00,Feeder_5,False,1,0,0,0.0,0.0
2026-09-19 11:00:00,Feeder_5,False,1,0,0,0.0,0.0
2026-09-19 12:00:00,Feeder_5,False,0,0,0,0.0,0.0
2026-09-19 13:00:00,Feeder_5,False,0,0,0,0.0,0.0
2026-09-19 14:00:00,Feeder_5,True,1,0,0,0.0,1.0
2026-09-19 15:00:00,Feeder_5,True,1,0,0,0.0,1.0
2026-09-19 16:00:00,Feeder_5,True,1,1,0,0.0,1.0
2026-09-19 17:00:00,Feeder_5,True,1,1,0,0.0,0.0
2026-09-19 18:00:00,Feeder_5,True,0,0,0,0.0,0.0
2026-09-19 19:00:00,Feeder_5,False,0,0,0,25.74,0.0
2026-09-19 20:00:00,Feeder_5,False,0,0,0,52.64,0.0
2026-09-19 21:00:00,Feeder_5,False,0,0,0,48.22,0.0
2026-09-19 22:00:00,Feeder_5,False,0,0,0,43.48,0.0
2026-09-19 23:00:00,Feeder_5,False,0,0,0,34.42,0.0
2026-09-20 00:00:00,Feeder_5,False,0,0,0,32.28,0.0
2026-09-20 01:00:00,Feeder_5,False,0,0,0,30.2,0.0
2026-09-20 02:00:00,Feeder_5,False,0,0,0,29.29,0.0
2026-09-20 03:00:00,Feeder_5,False,0,0,0,33.63,0.0
2026-09-20 04:00:00,Feeder_5,False,0,0,0,33.17,0.0
2026-09-20 05:00:00,Feeder_5,False,0,0,0,34.16,0.0
2026-09-20 06:00:00,Feeder_5,False,0,0,0,31.69,1.0
2026-09-20 07:00:00,Feeder_5,False,0,0,0,16.73,1.0
2026-09-20 08:00:00,Feeder_5,False,1,1,0,0.0,0.0
2026-09-20 09:00:00,Feeder_5,False,1,0,0,0.0,0.0
2026-09-20 10:00:00,Feeder_5,False,1,0,0,0.0,0.0
2026-09-20 11:00:00,Feeder_5,False,1,0,0,0.0,0.0
2026-09-20 12:00:00,Feeder_5,False,1,0,0,0.0,0.0
2026-09-20 13:00:00,Feeder_5,False,0,0,0,0.0,0.0
2026-09-20 14:00:00,Feeder_5,True,1,0,0,0.0,1.0
2026-09-20 15:00:00,Feeder_5,True,1,0,0,0.0,1.0
2026-09-20 16:00:00,Feeder_5,True,1,1,0,0.0,1.0
2026-09-20 17:00:00,Feeder_5,True,1,1,0,0.0,0.0
2026-09-20 18:00:00,Feeder_5,True,0,0,0,0.0,0.0
2026-09-20 19:00:00,Feeder_5,False,0,0,0,0.6,0.0
2026-09-20 20:00:00,Feeder_5,False,0,0,0,51.24,0.0
2026-09-20 21:00:00,Feeder_5,False,0,0,0,49.36,0.0
2026-09-20 22:00:00,Feeder_5,False,0,0,0,40.7,0.0
2026-09-20 23:00:00,Feeder_5,False,0,0,0,34.03,0.0
2026-09-21 00:00:00,Feeder_5,False,0,0,0,31.31,0.0
2026-09-21 01:00:00,Feeder_5,False,0,0,0,31.16,0.0
2026-09-21 02:00:00,Feeder_5,False,0,0,0,32.06,0.0
2026-09-21 03:00:00,Feeder_5,False,0,0,0,29.23,0.0
2026-09-21 04:00:00,Feeder_5,False,0,0,0,30.96,0.0
2026-09-21 05:00:00,Feeder_5,False,0,0,0,32.4,0.0
2026-09-21 06:00:00,Feeder_5,False,0,0,0,36.35,1.0
2026-09-21 07:00:00,Feeder_5,False,0,0,0,13.96,1.0
2026-09-21 08:00:00,Feeder_5,False,1,1,1,3.88,0.0
2026-09-21 09:00:00,Feeder_5,False,1,0,0,0.0,0.0
2026-09-21 10:00:00,Feeder_5,False,1,0,0,0.0,0.0
2026-09-21 11:00:00,Feeder_5,False,1,0,0,0.0,0.0
2026-09-21 12:00:00,Feeder_5,False,0,0,0,0.0,0.0
2026-09-21 13:00:00,Feeder_5,True,1,0,0,0.0,0.0
2026-09-21 14:00:00,Feeder_5,False,0,0,0,0.0,1.0
2026-09-21 15:00:00,Feeder_5,True,1,0,0,0.0,1.0
2026-09-21 16:00:00,Feeder_5,True,1,1,0,0.0,1.0
2026-09-21 17:00:00,Feeder_5,True,1,1,0,0.0,0.0
2026-09-21 18:00:00,Feeder_5,True,0,0,0,0.0,0.0
2026-09-21 19:00:00,Feeder_5,False,0,0,0,10.25,0.0
2026-09-21 20:00:00,Feeder_5,False,0,0,0,50.98,0.0
2026-09-21 21:00:00,Feeder_5,False,0,0,0,50.35,0.0
2026-09-21 22:00:00,Feeder_5,False,0,0,0,39.08,0.0
2026-09-21 23:00:00,Feeder_5,False,0,0,0,34.3,0.0
2026-09-22 00:00:00,Feeder_5,False,0,0,0,31.01,0.0
2026-09-22 01:00:00,Feeder_5,False,0,0,0,29.96,0.0
2026-09-22 02:00:00,Feeder_5,False,0,0,0,28.66,0.0
2026-09-22 03:00:00,Feeder_5,False,0,0,0,30.79,0.0
2026-09-22 04:00:00,Feeder_5,False,0,0,0,33.41,0.0
2026-09-22 05:00:00,Feeder_5,False,0,0,0,31.17,0.0
2026-09-22 06:00:00,Feeder_5,False,0,0,0,35.21,1.0
2026-09-22 07:00:00,Feeder_5,False,0,0,0,14.72,1.0
2026-09-22 08:00:00,Feeder_5,False,1,1,0,1.14,0.0
2026-09-22 09:00:00,Feeder_5,False,1,0,0,0.0,0.0
2026-09-22 10:00:00,Feeder_5,False,1,0,0,0.0,0.0
2026-09-22 11:00:00,Feeder_5,False,0,0,0,0.0,0.0
2026-09-22 12:00:00,Feeder_5,False,0,0,0,0.0,0.0
2026-09-22 13:00:00,Feeder_5,False,0,0,0,0.0,0.0
2026-09-22 14:00:00,Feeder_5,True,1,0,0,0.0,1.0
2026-09-22 15:00:00,Feeder_5,True,1,0,0,0.0,1.0
2026-09-22 16:00:00,Feeder_5,True,1,1,0,0.0,1.0
2026-09-22 17:00:00,Feeder_5,True,1,1,0,0.0,0.0
2026-09-22 18:00:00,Feeder_5,True,0,0,0,0.0,0.0
2026-09-22 19:00:00,Feeder_5,False,0,0,0,24.47,0.0
2026-09-22 20:00:00,Feeder_5,False,0,0,0,49.03,0.0
2026-09-22 21:00:00,Feeder_5,False,0,0,0,44.57,0.0
2026-09-22 22:00:00,Feeder_5,False,0,0,0,43.66,0.0
2026-09-22 23:00:00,Feeder_5,False,0,0,0,36.23,0.0
2026-09-23 00:00:00,Feeder_5,False,0,0,0,29.9,0.0
2026-09-23 01:00:00,Feeder_5,False,0,0,0,29.67,0.0
2026-09-23 02:00:00,Feeder_5,False,0,0,0,29.56,0.0
2026-09-23 03:00:00,Feeder_5,False,0,0,0,31.16,0.0
2026-09-23 04:00:00,Feeder_5,False,0,0,0,28.87,0.0
2026-09-23 05:00:00,Feeder_5,False,0,0,0,30.97,0.0
2026-09-23 06:00:00,Feeder_5,False,0,0,0,36.68,1.0
2026-09-23 07:00:00,Feeder_5,False,0,0,0,17.42,1.0
2026-09-23 08:00:00,Feeder_5,False,1,1,0,0.0,0.0
2026-09-23 09:00:00,Feeder_5,False,1,0,0,0.0,0.0
2026-09-23 10:00:00,Feeder_5,False,1,0,0,0.0,0.0
2026-09-23 11:00:00,Feeder_5,False,1,0,0,0.0,0.0
2026-09-23 12:00:00,Feeder_5,False,0,0,0,0.0,0.0
2026-09-23 13:00:00,Feeder_5,False,0,0,0,0.0,0.0
2026-09-23 14:00:00,Feeder_5,True,1,0,0,0.0,0.0
2026-09-23 15:00:00,Feeder_5,True,1,0,0,0.0,1.0
2026-09-23 16:00:00,Feeder_5,True,1,0,0,0.0,1.0
2026-09-23 17:00:00,Feeder_5,True,1,1,0,0.0,0.0
2026-09-23 18:00:00,Feeder_5,True,0,0,0,0.0,0.0
2026-09-23 19:00:00,Feeder_5,False,0,0,0,8.63,0.0
2026-09-23 20:00:00,Feeder_5,False,0,0,0,51.76,0.0
2026-09-23 21:00:00,Feeder_5,False,0,0,0,47.55,0.0
2026-09-23 22:00:00,Feeder_5,False,0,0,0,40.36,0.0
2026-09-23 23:00:00,Feeder_5,False,0,0,0,35.18,0.0
2026-09-24 00:00:00,Feeder_5,False,0,0,0,32.53,0.0
2026-09-24 01:00:00,Feeder_5,False,0,0,0,29.44,0.0
2026-09-24 02:00:00,Feeder_5,False,0,0,0,31.26,0.0
2026-09-24 03:00:00,Feeder_5,False,0,0,0,31.52,0.0
2026-09-24 04:00:00,Feeder_5,False,0,0,0,31.28,0.0
2026-09-24 05:00:00,Feeder_5,False,0,0,0,33.16,0.0
2026-09-24 06:00:00,Feeder_5,False,0,0,0,36.08,1.0
2026-09-24 07:00:00,Feeder_5,False,0,0,0,22.89,1.0
2026-09-24 08:00:00,Feeder_5,False,1,1,0,0.01,0.0
2026-09-24 09:00:00,Feeder_5,False,1,0,0,0.0,0.0
2026-09-24 10:00:00,Feeder_5,False,1,0,0,0.0,0.0
2026-09-24 11:00:00,Feeder_5,False,0,0,0,0.0,0.0
2026-09-24 12:00:00,Feeder_5,False,0,0,0,0.0,0.0
2026-09-24 13:00:00,Feeder_5,False,0,0,0,0.0,0.0
2026-09-24 14:00:00,Feeder_5,True,1,0,0,0.0,1.0
2026-09-24 15:00:00,Feeder_5,True,1,0,0,0.0,1.0
2026-09-24 16:00:00,Feeder_5,True,1,1,0,0.0,1.0
2026-09-24 17:00:00,Feeder_5,True,1,1,0,0.0,0.0
2026-09-24 18:00:00,Feeder_5,True,0,0,0,0.0,0.0
2026-09-24 19:00:00,Feeder_5,False,0,0,0,16.01,0.0
2026-09-24 20:00:00,Feeder_5,False,0,0,0,51.36,0.0
2026-09-24 21:00:00,Feeder_5,False,0,0,0,47.58,0.0
2026-09-24 22:00:00,Feeder_5,False,0,0,0,40.27,0.0
2026-09-24 23:00:00,Feeder_5,False,0,0,0,36.4,0.0
2026-09-25 00:00:00,Feeder_5,False,0,0,0,29.74,0.0
2026-09-25 01:00:00,Feeder_5,False,0,0,0,30.05,0.0
2026-09-25 02:00:00,Feeder_5,False,0,0,0,32.35,0.0
2026-09-25 03:00:00,Feeder_5,False,0,0,0,30.72,0.0
2026-09-25 04:00:00,Feeder_5,False,0,0,0,29.75,0.0
2026-09-25 05:00:00,Feeder_5,False,0,0,0,31.74,0.0
2026-09-25 06:00:00,Feeder_5,False,0,0,0,36.97,1.0
2026-09-25 07:00:00,Feeder_5,False,0,0,0,16.78,1.0
2026-09-25 08:00:00,Feeder_5,False,1,1,0,0.0,1.0
2026-09-25 09:00:00,Feeder_5,False,1,1,0,0.0,0.0
2026-09-25 10:00:00,Feeder_5,False,1,0,0,0.0,0.0
2026-09-25 11:00:00,Feeder_5,False,1,0,0,0.0,0.0
2026-09-25 12:00:00,Feeder_5,False,0,0,0,0.0,0.0
2026-09-25 13:00:00,Feeder_5,False,0,0,0,0.0,0.0
2026-09-25 14:00:00,Feeder_5,True,0,0,0,0.0,1.0
2026-09-25 15:00:00,Feeder_5,True,1,0,0,0.0,1.0
2026-09-25 16:00:00,Feeder_5,True,1,1,0,0.0,1.0
2026-09-25 17:00:00,Feeder_5,True,1,1,0,0.0,0.0
2026-09-25 18:00:00,Feeder_5,True,0,0,0,0.0,0.0
2026-09-25 19:00:00,Feeder_5,False,0,0,0,20.08,0.0
2026-09-25 20:00:00,Feeder_5,False,0,0,0,51.26,0.0
2026-09-25 21:00:00,Feeder_5,False,0,0,0,48.61,0.0
2026-09-25 22:00:00,Feeder_5,False,0,0,0,39.41,0.0
2026-09-25 23:00:00,Feeder_5,False,0,0,0,34.6,0.0
2026-09-26 00:00:00,Feeder_5,False,0,0,0,30.77,0.0
2026-09-26 01:00:00,Feeder_5,False,0,0,0,31.19,0.0
2026-09-26 02:00:00,Feeder_5,False,0,0,0,30.4,0.0
2026-09-26 03:00:00,Feeder_5,False,0,0,0,29.75,0.0
2026-09-26 04:00:00,Feeder_5,False,0,0,0,29.65,0.0
2026-09-26 05:00:00,Feeder_5,False,0,0,0,35.89,0.0
2026-09-26 06:00:00,Feeder_5,False,0,0,0,32.35,1.0
2026-09-26 07:00:00,Feeder_5,False,0,0,0,16.55,1.0
2026-09-26 08:00:00,Feeder_5,False,1,1,0,0.0,0.0
2026-09-26 09:00:00,Feeder_5,False,1,0,0,0.0,0.0
2026-09-26 10:00:00,Feeder_5,False,1,0,0,0.0,0.0
2026-09-26 11:00:00,Feeder_5,False,1,0,0,0.0,0.0
2026-09-26 12:00:00,Feeder_5,False,1,0,0,0.0,0.0
2026-09-26 13:00:00,Feeder_5,False,0,0,0,0.0,0.0
2026-09-26 14:00:00,Feeder_5,True,1,0,0,0.0,1.0
2026-09-26 15:00:00,Feeder_5,True,1,0,0,0.0,1.0
2026-09-26 16:00:00,Feeder_5,True,1,1,0,0.0,1.0
2026-09-26 17:00:00,Feeder_5,True,1,1,0,0.0,0.0
2026-09-26 18:00:00,Feeder_5,True,0,0,0,0.0,0.0
2026-09-26 19:00:00,Feeder_5,False,0,0,0,0.0,0.0
2026-09-26 20:00:00,Feeder_5,False,0,0,0,51.26,0.0
2026-09-26 21:00:00,Feeder_5,False,0,0,0,49.82,0.0
2026-09-26 22:00:00,Feeder_5,False,0,0,0,42.42,0.0
2026-09-26 23:00:00,Feeder_5,False,0,0,0,35.59,0.0
2026-09-27 00:00:00,Feeder_5,False,0,0,0,31.15,0.0
2026-09-27 01:00:00,Feeder_5,False,0,0,0,32.81,0.0
2026-09-27 02:00:00,Feeder_5,False,0,0,0,30.29,0.0
2026-09-27 03:00:00,Feeder_5,False,0,0,0,30.85,0.0
2026-09-27 04:00:00,Feeder_5,False,0,0,0,30.29,0.0
2026-09-27 05:00:00,Feeder_5,False,0,0,0,31.99,0.0
2026-09-27 06:00:00,Feeder_5,False,0,0,0,33.59,1.0
2026-09-27 07:00:00,Feeder_5,False,0,0,0,13.16,1.0
2026-09-27 08:00:00,Feeder_5,False,1,1,0,0.0,0.0
2026-09-27 09:00:00,Feeder_5,False,1,0,0,0.0,0.0
2026-09-27 10:00:00,Feeder_5,False,1,0,0,0.0,0.0
2026-09-27 11:00:00,Feeder_5,False,1,0,0,0.0,0.0
2026-09-27 12:00:00,Feeder_5,False,0,0,0,0.0,0.0
2026-09-27 13:00:00,Feeder_5,True,1,0,0,0.0,0.0
2026-09-27 14:00:00,Feeder_5,False,0,0,0,0.0,1.0
2026-09-27 15:00:00,Feeder_5,True,1,0,0,0.0,1.0
2026-09-27 16:00:00,Feeder_5,True,1,1,0,0.0,1.0
2026-09-27 17:00:00,Feeder_5,True,1,1,0,0.0,0.0
2026-09-27 18:00:00,Feeder_5,True,0,0,0,0.0,0.0
2026-09-27 19:00:00,Feeder_5,False,0,0,0,11.05,0.0
2026-09-27 20:00:00,Feeder_5,False,0,0,0,50.23,0.0
2026-09-27 21:00:00,Feeder_5,False,0,0,0,47.96,0.0
2026-09-27 22:00:00,Feeder_5,False,0,0,0,40.05,0.0
2026-09-27 23:00:00,Feeder_5,False,0,0,0,32.26,0.0
2026-09-28 00:00:00,Feeder_5,False,0,0,0,32.14,0.0
2026-09-28 01:00:00,Feeder_5,False,0,0,0,30.35,0.0
2026-09-28 02:00:00,Feeder_5,False,0,0,0,30.78,0.0
2026-09-28 03:00:00,Feeder_5,False,0,0,0,31.69,0.0
2026-09-28 04:00:00,Feeder_5,False,0,0,0,31.57,0.0
2026-09-28 05:00:00,Feeder_5,False,0,0,0,30.94,0.0
2026-09-28 06:00:00,Feeder_5,False,0,0,0,34.52,1.0
2026-09-28 07:00:00,Feeder_5,False,0,0,0,20.14,1.0
2026-09-28 08:00:00,Feeder_5,False,1,1,0,0.0,0.0
2026-09-28 09:00:00,Feeder_5,False,1,0,0,0.0,0.0
2026-09-28 10:00:00,Feeder_5,False,1,0,0,0.0,0.0
2026-09-28 11:00:00,Feeder_5,False,0,0,0,0.0,0.0
2026-09-28 12:00:00,Feeder_5,False,0,0,0,0.0,0.0
2026-09-28 13:00:00,Feeder_5,False,0,0,0,0.0,0.0
2026-09-28 14:00:00,Feeder_5,True,0,0,0,0.0,1.0
2026-09-28 15:00:00,Feeder_5,True,1,0,0,0.0,1.0
2026-09-28 16:00:00,Feeder_5,True,1,1,0,0.0,1.0
2026-09-28 17:00:00,Feeder_5,True,1,1,0,0.0,0.0
2026-09-28 18:00:00,Feeder_5,True,0,0,0,0.0,0.0
2026-09-28 19:00:00,Feeder_5,False,0,0,0,12.9,0.0
2026-09-28 20:00:00,Feeder_5,False,0,0,0,54.85,0.0
2026-09-28 21:00:00,Feeder_5,False,0,0,0,46.39,0.0
2026-09-28 22:00:00,Feeder_5,False,0,0,0,41.1,0.0
2026-09-28 23:00:00,Feeder_5,False,0,0,0,37.77,0.0
2026-09-29 00:00:00,Feeder_5,False,0,0,0,31.91,0.0
2026-09-29 01:00:00,Feeder_5,False,0,0,0,31.27,0.0
2026-09-29 02:00:00,Feeder_5,False,0,0,0,31.92,0.0
2026-09-29 03:00:00,Feeder_5,False,0,0,0,32.31,0.0
2026-09-29 04:00:00,Feeder_5,False,0,0,0,32.3,0.0
2026-09-29 05:00:00,Feeder_5,False,0,0,0,30.56,0.0
2026-09-29 06:00:00,Feeder_5,False,0,0,0,35.9,1.0
2026-09-29 07:00:00,Feeder_5,False,0,0,0,16.23,1.0
2026-09-29 08:00:00,Feeder_5,False,1,1,1,2.67,0.0
2026-09-29 09:00:00,Feeder_5,False,1,0,0,0.0,0.0
2026-09-29 10:00:00,Feeder_5,False,1,0,0,0.0,0.0
2026-09-29 11:00:00,Feeder_5,False,1,0,0,0.0,0.0
2026-09-29 12:00:00,Feeder_5,False,0,0,0,0.0,0.0
2026-09-29 13:00:00,Feeder_5,True,1,0,0,0.0,0.0
2026-09-29 14:00:00,Feeder_5,False,0,0,0,0.0,1.0
2026-09-29 15:00:00,Feeder_5,True,1,0,0,0.0,1.0
2026-09-29 16:00:00,Feeder_5,True,1,1,0,0.0,1.0
2026-09-29 17:00:00,Feeder_5,True,1,1,0,0.0,0.0
2026-09-29 18:00:00,Feeder_5,True,0,0,0,0.0,0.0
2026-09-29 19:00:00,Feeder_5,False,0,0,0,10.78,0.0
2026-09-29 20:00:00,Feeder_5,False,0,0,0,54.14,0.0
2026-09-29 21:00:00,Feeder_5,False,0,0,0,45.71,0.0
2026-09-29 22:00:00,Feeder_5,False,0,0,0,42.64,0.0
2026-09-29 23:00:00,Feeder_5,False,0,0,0,33.37,0.0
2026-09-30 00:00:00,Feeder_5,False,0,0,0,28.54,0.0
2026-09-30 01:00:00,Feeder_5,False,0,0,0,30.09,0.0
2026-09-30 02:00:00,Feeder_5,False,0,0,0,33.17,0.0
2026-09-30 03:00:00,Feeder_5,False,0,0,0,28.75,0.0
2026-09-30 04:00:00,Feeder_5,False,0,0,0,29.89,0.0
2026-09-30 05:00:00,Feeder_5,False,0,0,0,31.83,0.0
2026-09-30 06:00:00,Feeder_5,False,0,0,0,31.4,1.0
2026-09-30 07:00:00,Feeder_5,False,0,0,0,17.16,1.0
2026-09-30 08:00:00,Feeder_5,False,1,1,1,9.68,0.0
2026-09-30 09:00:00,Feeder_5,False,1,0,0,0.0,0.0
2026-09-30 10:00:00,Feeder_5,False,1,0,0,0.0,0.0
2026-09-30 11:00:00,Feeder_5,False,1,0,0,0.0,0.0
2026-09-30 12:00:00,Feeder_5,False,0,0,0,0.0,0.0
2026-09-30 13:00:00,Feeder_5,False,0,0,0,0.0,0.0
2026-09-30 14:00:00,Feeder_5,True,0,0,0,0.0,1.0
2026-09-30 15:00:00,Feeder_5,True,1,0,0,0.0,1.0
2026-09-30 16:00:00,Feeder_5,True,1,1,0,0.0,1.0
2026-09-30 17:00:00,Feeder_5,True,1,1,0,0.0,0.0
2026-09-30 18:00:00,Feeder_5,True,0,0,0,0.0,0.0
2026-09-30 19:00:00,Feeder_5,False,0,0,0,13.46,0.0
2026-09-30 20:00:00,Feeder_5,False,0,0,0,51.51,0.0
2026-09-30 21:00:00,Feeder_5,False,0,0,0,49.34,0.0
2026-09-30 22:00:00,Feeder_5,False,0,0,0,38.83,0.0
2026-09-30 23:00:00,Feeder_5,False,0,0,0,37.42,0.0
