timestamp,feeder_id,solar_irradiance,ambient_temp,pv_capacity_kw,generation_kw,demand_kw,critical_load_kw,flexible_load_kw,ground_truth_event,net_load_kw,predicted_event
2026-09-01 00:00:00,Feeder_1,0.0,17.88,50,0.0,44.62,26.77,17.85,Normal,44.62,Normal
2026-09-01 01:00:00,Feeder_1,0.0,17.14,50,0.0,42.42,25.45,16.97,Normal,42.42,Normal
2026-09-01 02:00:00,Feeder_1,0.0,17.31,50,0.0,41.83,25.1,16.73,Normal,41.83,Normal
2026-09-01 03:00:00,Feeder_1,0.0,17.05,50,0.0,41.9,25.14,16.76,Normal,41.9,Normal
2026-09-01 04:00:00,Feeder_1,0.0,17.17,50,0.0,39.08,23.45,15.63,Normal,39.08,Normal
2026-09-01 05:00:00,Feeder_1,0.0,18.65,50,0.0,45.52,27.31,18.21,Normal,45.52,Normal
2026-09-01 06:00:00,Feeder_1,0.0,19.94,50,0.0,52.24,31.34,20.9,Normal,52.24,Normal
2026-09-01 07:00:00,Feeder_1,251.81,22.22,50,12.73,52.27,31.36,20.91,Normal,39.54,Normal
2026-09-01 08:00:00,Feeder_1,467.34,24.04,50,23.46,61.28,36.77,24.51,Normal,37.82,Normal
2026-09-01 09:00:00,Feeder_1,707.11,25.57,50,35.27,67.27,40.36,26.91,Normal,32.0,Normal
2026-09-01 10:00:00,Feeder_1,803.49,28.24,50,39.65,64.13,38.48,25.65,Normal,24.48,Normal
2026-09-01 11:00:00,Feeder_1,843.33,29.28,50,41.44,52.78,31.67,21.11,Normal,11.34,Normal
2026-09-01 12:00:00,Feeder_1,1000.0,29.28,50,49.14,45.26,27.16,18.1,Normal,-3.88,Normal
2026-09-01 13:00:00,Feeder_1,965.93,31.06,50,47.13,45.18,27.11,18.07,Normal,-1.95,Normal
2026-09-01 14:00:00,Feeder_1,854.01,30.88,50,41.7,39.78,23.87,15.91,Normal,-1.92,Normal
2026-09-01 15:00:00,Feeder_1,646.03,30.58,50,31.58,46.25,27.75,18.5,Normal,14.67,Normal
2026-09-01 16:00:00,Feeder_1,500.0,29.36,50,24.56,46.25,27.75,18.5,Normal,21.69,Normal
2026-09-01 17:00:00,Feeder_1,246.86,28.68,50,12.16,52.34,31.4,20.94,Normal,40.18,Normal
2026-09-01 18:00:00,Feeder_1,0.0,27.87,50,0.0,58.87,35.32,23.55,Normal,58.87,Normal
2026-09-01 19:00:00,Feeder_1,0.0,25.94,50,0.0,75.07,45.04,30.03,Normal,75.07,Normal
2026-09-01 20:00:00,Feeder_1,0.0,23.93,50,0.0,75.23,45.14,30.09,Normal,75.23,Normal
2026-09-01 21:00:00,Feeder_1,0.0,22.51,50,0.0,76.02,45.61,30.41,Normal,76.02,Normal
2026-09-01 22:00:00,Feeder_1,0.0,20.9,50,0.0,61.87,37.12,24.75,Normal,61.87,Normal
2026-09-01 23:00:00,Feeder_1,0.0,19.19,50,0.0,54.65,32.79,21.86,Normal,54.65,Normal
2026-09-02 00:00:00,Feeder_1,0.0,18.56,50,0.0,36.45,21.87,14.58,Normal,36.45,Normal
2026-09-02 01:00:00,Feeder_1,0.0,17.27,50,0.0,42.25,25.35,16.9,Normal,42.25,Normal
2026-09-02 02:00:00,Feeder_1,0.0,16.2,50,0.0,42.46,25.48,16.98,Normal,42.46,Normal
2026-09-02 03:00:00,Feeder_1,0.0,17.83,50,0.0,41.77,25.06,16.71,Normal,41.77,Normal
2026-09-02 04:00:00,Feeder_1,0.0,17.74,50,0.0,45.68,27.41,18.27,Normal,45.68,Normal
2026-09-02 05:00:00,Feeder_1,0.0,18.84,50,0.0,46.02,27.61,18.41,Normal,46.02,Normal
2026-09-02 06:00:00,Feeder_1,0.0,20.89,50,0.0,46.82,28.09,18.73,Normal,46.82,Normal
2026-09-02 07:00:00,Feeder_1,248.64,22.03,50,12.58,52.18,31.31,20.87,Normal,39.6,Normal
2026-09-02 08:00:00,Feeder_1,500.0,24.1,50,25.09,64.17,38.5,25.67,Normal,39.08,Normal
2026-09-02 09:00:00,Feeder_1,687.2,25.25,50,34.33,66.95,40.17,26.78,Normal,32.62,Normal
2026-09-02 10:00:00,Feeder_1,830.41,27.18,50,41.16,63.76,38.26,25.5,Normal,22.6,Normal
2026-09-02 11:00:00,Feeder_1,965.93,29.7,50,47.39,56.27,33.76,22.51,Normal,8.88,Normal
2026-09-02 12:00:00,Feeder_1,1000.0,30.03,50,48.99,43.78,26.27,17.51,Normal,-5.21,Normal
2026-09-02 13:00:00,Feeder_1,962.85,30.79,50,47.03,50.91,30.55,20.36,Normal,3.88,Normal
2026-09-02 14:00:00,Feeder_1,846.03,31.12,50,41.27,43.39,26.03,17.36,Normal,2.12,Normal
2026-09-02 15:00:00,Feeder_1,607.94,31.22,50,29.64,45.48,27.29,18.19,Normal,15.84,Normal
2026-09-02 16:00:00,Feeder_1,500.0,29.7,50,24.53,48.95,29.37,19.58,Normal,24.42,Normal
2026-09-02 17:00:00,Feeder_1,215.28,29.18,50,10.58,56.29,33.77,22.52,Normal,45.71,Normal
2026-09-02 18:00:00,Feeder_1,0.0,27.27,50,0.0,61.22,36.73,24.49,Normal,61.22,Normal
2026-09-02 19:00:00,Feeder_1,0.0,25.19,50,0.0,72.8,43.68,29.12,Normal,72.8,Normal
2026-09-02 20:00:00,Feeder_1,0.0,24.19,50,0.0,75.7,45.42,30.28,Normal,75.7,Normal
2026-09-02 21:00:00,Feeder_1,0.0,21.87,50,0.0,71.82,43.09,28.73,Normal,71.82,Normal
2026-09-02 22:00:00,Feeder_1,0.0,20.01,50,0.0,61.54,36.92,24.62,Normal,61.54,Normal
2026-09-02 23:00:00,Feeder_1,0.0,18.41,50,0.0,51.27,30.76,20.51,Normal,51.27,Normal
2026-09-03 00:00:00,Feeder_1,0.0,18.25,50,0.0,39.91,23.95,15.96,Normal,39.91,Normal
2026-09-03 01:00:00,Feeder_1,0.0,17.45,50,0.0,43.74,26.24,17.5,Normal,43.74,Normal
2026-09-03 02:00:00,Feeder_1,0.0,17.14,50,0.0,41.31,24.79,16.52,Normal,41.31,Normal
2026-09-03 03:00:00,Feeder_1,0.0,17.36,50,0.0,41.28,24.77,16.51,Normal,41.28,Normal
2026-09-03 04:00:00,Feeder_1,0.0,18.13,50,0.0,40.41,24.25,16.16,Normal,40.41,Normal
2026-09-03 05:00:00,Feeder_1,0.0,18.66,50,0.0,46.7,28.02,18.68,Normal,46.7,Normal
2026-09-03 06:00:00,Feeder_1,0.0,20.17,50,0.0,50.99,30.59,20.4,Normal,50.99,Normal
2026-09-03 07:00:00,Feeder_1,258.82,22.52,50,13.07,60.58,36.35,24.23,Normal,47.51,Normal
2026-09-03 08:00:00,Feeder_1,485.28,23.7,50,24.39,61.94,37.16,24.78,Normal,37.55,Normal
2026-09-03 09:00:00,Feeder_1,637.88,25.78,50,31.79,68.85,41.31,27.54,Normal,37.06,Normal
2026-09-03 10:00:00,Feeder_1,866.03,27.83,50,42.81,64.19,38.51,25.68,Normal,21.38,Normal
2026-09-03 11:00:00,Feeder_1,965.93,28.84,50,47.55,62.64,37.58,25.06,Normal,15.09,Normal
2026-09-03 12:00:00,Feeder_1,1000.0,29.72,50,49.06,45.9,27.54,18.36,Normal,-3.16,Normal
2026-09-03 13:00:00,Feeder_1,965.93,30.67,50,47.2,46.53,27.92,18.61,Normal,-0.67,Normal
2026-09-03 14:00:00,Feeder_1,866.03,30.97,50,42.27,41.36,24.82,16.54,Normal,-0.91,Normal
2026-09-03 15:00:00,Feeder_1,578.57,30.58,50,28.28,45.75,27.45,18.3,Normal,17.47,Normal
2026-09-03 16:00:00,Feeder_1,500.0,29.56,50,24.54,45.87,27.52,18.35,Normal,21.33,Normal
2026-09-03 17:00:00,Feeder_1,258.82,28.6,50,12.75,51.19,30.71,20.48,Normal,38.44,Normal
2026-09-03 18:00:00,Feeder_1,0.0,27.04,50,0.0,61.86,37.12,24.74,Normal,61.86,Normal
2026-09-03 19:00:00,Feeder_1,0.0,26.24,50,0.0,75.26,45.16,30.1,Normal,75.26,Normal
2026-09-03 20:00:00,Feeder_1,0.0,23.62,50,0.0,79.29,47.57,31.72,Normal,79.29,Normal
2026-09-03 21:00:00,Feeder_1,0.0,22.39,50,0.0,82.26,49.36,32.9,Normal,82.26,Normal
2026-09-03 22:00:00,Feeder_1,0.0,20.95,50,0.0,63.35,38.01,25.34,Normal,63.35,Normal
2026-09-03 23:00:00,Feeder_1,0.0,18.92,50,0.0,52.71,31.63,21.08,Normal,52.71,Normal
2026-09-04 00:00:00,Feeder_1,0.0,17.84,50,0.0,41.79,25.07,16.72,Normal,41.79,Normal
2026-09-04 01:00:00,Feeder_1,0.0,18.16,50,0.0,38.33,23.0,15.33,Normal,38.33,Normal
2026-09-04 02:00:00,Feeder_1,0.0,16.35,50,0.0,41.83,25.1,16.73,Normal,41.83,Normal
2026-09-04 03:00:00,Feeder_1,0.0,17.26,50,0.0,40.37,24.22,16.15,Normal,40.37,Normal
2026-09-04 04:00:00,Feeder_1,0.0,18.21,50,0.0,41.56,24.94,16.62,Normal,41.56,Normal
2026-09-04 05:00:00,Feeder_1,0.0,19.07,50,0.0,43.11,25.87,17.24,Normal,43.11,Normal
2026-09-04 06:00:00,Feeder_1,0.0,20.75,50,0.0,43.52,26.11,17.41,Normal,43.52,Normal
2026-09-04 07:00:00,Feeder_1,258.82,21.92,50,13.1,57.97,34.78,23.19,Normal,44.87,Normal
2026-09-04 08:00:00,Feeder_1,452.45,23.95,50,22.72,65.42,39.25,26.17,Normal,42.7,Normal
2026-09-04 09:00:00,Feeder_1,707.11,25.33,50,35.31,67.16,40.3,26.86,Normal,31.85,Normal
2026-09-04 10:00:00,Feeder_1,816.67,27.24,50,40.47,68.58,41.15,27.43,Normal,28.11,Normal
2026-09-04 11:00:00,Feeder_1,965.93,28.45,50,47.63,58.13,34.88,23.25,Normal,10.5,Normal
2026-09-04 12:00:00,Feeder_1,1000.0,30.48,50,48.9,44.78,26.87,17.91,Normal,-4.12,Normal
2026-09-04 13:00:00,Feeder_1,909.8,31.27,50,44.35,42.98,25.79,17.19,Normal,-1.37,Normal
2026-09-04 14:00:00,Feeder_1,866.03,31.31,50,42.21,41.16,24.7,16.46,Normal,-1.05,Normal
2026-09-04 15:00:00,Feeder_1,702.06,29.46,50,34.48,41.04,24.62,16.42,Normal,6.56,Normal
2026-09-04 16:00:00,Feeder_1,484.85,29.56,50,23.8,49.52,29.71,19.81,Normal,25.72,Normal
2026-09-04 17:00:00,Feeder_1,214.4,28.77,50,10.56,51.14,30.68,20.46,Normal,40.58,Normal
2026-09-04 18:00:00,Feeder_1,0.0,26.93,50,0.0,63.88,38.33,25.55,Normal,63.88,Normal
2026-09-04 19:00:00,Feeder_1,0.0,25.42,50,0.0,73.78,44.27,29.51,Normal,73.78,Normal
2026-09-04 20:00:00,Feeder_1,0.0,23.76,50,0.0,78.17,46.9,31.27,Normal,78.17,Normal
2026-09-04 21:00:00,Feeder_1,0.0,22.23,50,0.0,74.28,44.57,29.71,Normal,74.28,Normal
2026-09-04 22:00:00,Feeder_1,0.0,20.0,50,0.0,66.3,39.78,26.52,Normal,66.3,Normal
2026-09-04 23:00:00,Feeder_1,0.0,18.99,50,0.0,52.28,31.37,20.91,Normal,52.28,Normal
2026-09-05 00:00:00,Feeder_1,0.0,17.69,50,0.0,42.48,25.49,16.99,Normal,42.48,Normal
2026-09-05 01:00:00,Feeder_1,0.0,17.0,50,0.0,45.12,27.07,18.05,Normal,45.12,Normal
2026-09-05 02:00:00,Feeder_1,0.0,16.72,50,0.0,45.26,27.16,18.1,Normal,45.26,Normal
2026-09-05 03:00:00,Feeder_1,0.0,17.56,50,0.0,44.64,26.78,17.86,Normal,44.64,Normal
2026-09-05 04:00:00,Feeder_1,0.0,17.71,50,0.0,45.26,27.16,18.1,Normal,45.26,Normal
2026-09-05 05:00:00,Feeder_1,0.0,19.04,50,0.0,45.03,27.02,18.01,Normal,45.03,Normal
2026-09-05 06:00:00,Feeder_1,0.0,20.26,50,0.0,49.95,29.97,19.98,Normal,49.95,Normal
2026-09-05 07:00:00,Feeder_1,252.54,22.1,50,12.77,58.58,35.15,23.43,Normal,45.81,Normal
2026-09-05 08:00:00,Feeder_1,500.0,24.33,50,25.07,67.43,40.46,26.97,Normal,42.36,Normal
2026-09-05 09:00:00,Feeder_1,707.11,26.08,50,35.2,67.22,40.33,26.89,Normal,32.02,Normal
2026-09-05 10:00:00,Feeder_1,866.03,27.45,50,42.88,64.4,38.64,25.76,Normal,21.52,Normal
2026-09-05 11:00:00,Feeder_1,965.93,28.62,50,47.6,61.07,36.64,24.43,Normal,13.47,Normal
2026-09-05 12:00:00,Feeder_1,879.28,29.58,50,43.16,51.47,30.88,20.59,Normal,8.31,Normal
2026-09-05 13:00:00,Feeder_1,965.93,31.01,50,47.14,46.32,27.79,18.53,Normal,-0.82,Normal
2026-09-05 14:00:00,Feeder_1,864.75,30.64,50,42.26,43.66,26.2,17.46,Normal,1.4,Normal
2026-09-05 15:00:00,Feeder_1,649.65,31.15,50,31.68,43.24,25.94,17.3,Normal,11.56,Normal
2026-09-05 16:00:00,Feeder_1,450.47,29.93,50,22.08,46.47,27.88,18.59,Normal,24.39,Normal
2026-09-05 17:00:00,Feeder_1,241.31,28.62,50,11.89,51.42,30.85,20.57,Normal,39.53,Normal
2026-09-05 18:00:00,Feeder_1,0.0,27.3,50,0.0,59.79,35.87,23.92,Normal,59.79,Normal
2026-09-05 19:00:00,Feeder_1,0.0,25.23,50,0.0,69.11,41.47,27.64,Normal,69.11,Normal
2026-09-05 20:00:00,Feeder_1,0.0,23.91,50,0.0,78.78,47.27,31.51,Normal,78.78,Normal
2026-09-05 21:00:00,Feeder_1,0.0,22.53,50,0.0,72.23,43.34,28.89,Normal,72.23,Normal
2026-09-05 22:00:00,Feeder_1,0.0,20.1,50,0.0,60.92,36.55,24.37,Normal,60.92,Normal
2026-09-05 23:00:00,Feeder_1,0.0,19.18,50,0.0,48.74,29.24,19.5,Normal,48.74,Normal
2026-09-06 00:00:00,Feeder_1,0.0,18.55,50,0.0,42.73,25.64,17.09,Normal,42.73,Normal
2026-09-06 01:00:00,Feeder_1,0.0,17.51,50,0.0,42.0,25.2,16.8,Normal,42.0,Normal
2026-09-06 02:00:00,Feeder_1,0.0,17.01,50,0.0,43.25,25.95,17.3,Normal,43.25,Normal
2026-09-06 03:00:00,Feeder_1,0.0,17.25,50,0.0,44.31,26.59,17.72,Normal,44.31,Normal
2026-09-06 04:00:00,Feeder_1,0.0,18.32,50,0.0,48.77,29.26,19.51,Normal,48.77,Normal
2026-09-06 05:00:00,Feeder_1,0.0,19.4,50,0.0,45.2,27.12,18.08,Normal,45.2,Normal
2026-09-06 06:00:00,Feeder_1,0.0,20.18,50,0.0,46.48,27.89,18.59,Normal,46.48,Normal
2026-09-06 07:00:00,Feeder_1,240.2,21.34,50,12.19,54.52,32.71,21.81,Normal,42.33,Normal
2026-09-06 08:00:00,Feeder_1,454.45,24.06,50,22.81,65.02,39.01,26.01,Normal,42.21,Normal
2026-09-06 09:00:00,Feeder_1,707.11,26.19,50,35.19,66.56,39.94,26.62,Normal,31.37,Normal
2026-09-06 10:00:00,Feeder_1,772.66,27.7,50,38.22,60.86,36.52,24.34,Normal,22.64,Normal
2026-09-06 11:00:00,Feeder_1,193.19,29.42,50,9.49,54.66,32.8,21.86,Weather Dip,45.17,Weather Dip
2026-09-06 12:00:00,Feeder_1,158.88,30.6,50,7.77,48.29,28.97,19.32,Weather Dip,40.52,Weather Dip
2026-09-06 13:00:00,Feeder_1,193.19,30.12,50,9.46,43.25,25.95,17.3,Weather Dip,33.79,Weather Dip
2026-09-06 14:00:00,Feeder_1,173.21,31.02,50,8.45,42.35,25.41,16.94,Weather Dip,33.9,Weather Dip
2026-09-06 15:00:00,Feeder_1,707.11,30.33,50,34.6,43.25,25.95,17.3,Normal,8.65,Normal
2026-09-06 16:00:00,Feeder_1,500.0,30.27,50,24.47,47.22,28.33,18.89,Normal,22.75,Normal
2026-09-06 17:00:00,Feeder_1,223.89,28.34,50,11.04,54.0,32.4,21.6,Normal,42.96,Normal
2026-09-06 18:00:00,Feeder_1,0.0,27.2,50,0.0,64.85,38.91,25.94,Normal,64.85,Normal
2026-09-06 19:00:00,Feeder_1,0.0,26.28,50,0.0,72.8,43.68,29.12,Normal,72.8,Normal
2026-09-06 20:00:00,Feeder_1,0.0,24.7,50,0.0,77.38,46.43,30.95,Normal,77.38,Normal
2026-09-06 21:00:00,Feeder_1,0.0,22.45,50,0.0,76.05,45.63,30.42,Normal,76.05,Normal
2026-09-06 22:00:00,Feeder_1,0.0,20.77,50,0.0,63.62,38.17,25.45,Normal,63.62,Normal
2026-09-06 23:00:00,Feeder_1,0.0,18.58,50,0.0,45.71,27.43,18.28,Normal,45.71,Normal
2026-09-07 00:00:00,Feeder_1,0.0,18.22,50,0.0,46.76,28.06,18.7,Normal,46.76,Normal
2026-09-07 01:00:00,Feeder_1,0.0,17.89,50,0.0,39.55,23.73,15.82,Normal,39.55,Normal
2026-09-07 02:00:00,Feeder_1,0.0,16.98,50,0.0,43.97,26.38,17.59,Normal,43.97,Normal
2026-09-07 03:00:00,Feeder_1,0.0,16.41,50,0.0,42.84,25.7,17.14,Normal,42.84,Normal
2026-09-07 04:00:00,Feeder_1,0.0,18.21,50,0.0,44.3,26.58,17.72,Normal,44.3,Normal
2026-09-07 05:00:00,Feeder_1,0.0,18.84,50,0.0,42.09,25.25,16.84,Normal,42.09,Normal
2026-09-07 06:00:00,Feeder_1,0.0,20.88,50,0.0,46.11,27.67,18.44,Normal,46.11,Normal
2026-09-07 07:00:00,Feeder_1,258.82,21.98,50,13.1,53.85,32.31,21.54,Normal,40.75,Normal
2026-09-07 08:00:00,Feeder_1,493.58,23.59,50,24.82,62.78,37.67,25.11,Normal,37.96,Normal
2026-09-07 09:00:00,Feeder_1,605.46,26.6,50,30.08,68.09,40.85,27.24,Normal,38.01,Normal
2026-09-07 10:00:00,Feeder_1,793.31,27.59,50,39.25,63.88,38.33,25.55,Normal,24.63,Normal
2026-09-07 11:00:00,Feeder_1,940.31,29.2,50,46.23,57.73,34.64,23.09,Normal,11.5,Normal
2026-09-07 12:00:00,Feeder_1,936.34,29.83,50,45.91,47.89,28.73,19.16,Normal,1.98,Normal
2026-09-07 13:00:00,Feeder_1,699.11,30.16,50,34.23,48.16,28.9,19.26,Normal,13.93,Normal
2026-09-07 14:00:00,Feeder_1,866.03,30.9,50,42.28,44.92,26.95,17.97,Normal,2.64,Normal
2026-09-07 15:00:00,Feeder_1,707.11,31.99,50,34.37,46.4,27.84,18.56,Normal,12.03,Normal
2026-09-07 16:00:00,Feeder_1,492.32,29.68,50,24.16,41.42,24.85,16.57,Normal,17.26,Normal
2026-09-07 17:00:00,Feeder_1,258.82,28.65,50,12.75,47.25,28.35,18.9,Normal,34.5,Normal
2026-09-07 18:00:00,Feeder_1,0.0,27.07,50,0.0,65.19,39.11,26.08,Normal,65.19,Normal
2026-09-07 19:00:00,Feeder_1,0.0,25.81,50,0.0,76.33,45.8,30.53,Normal,76.33,Normal
2026-09-07 20:00:00,Feeder_1,0.0,23.66,50,0.0,81.81,49.09,32.72,Normal,81.81,Normal
2026-09-07 21:00:00,Feeder_1,0.0,21.77,50,0.0,72.15,43.29,28.86,Normal,72.15,Normal
2026-09-07 22:00:00,Feeder_1,0.0,19.95,50,0.0,63.29,37.97,25.32,Normal,63.29,Normal
2026-09-07 23:00:00,Feeder_1,0.0,18.49,50,0.0,52.22,31.33,20.89,Normal,52.22,Normal
2026-09-08 00:00:00,Feeder_1,0.0,17.74,50,0.0,41.52,24.91,16.61,Normal,41.52,Normal
2026-09-08 01:00:00,Feeder_1,0.0,17.26,50,0.0,40.92,24.55,16.37,Normal,40.92,Normal
2026-09-08 02:00:00,Feeder_1,0.0,16.98,50,0.0,42.41,25.45,16.96,Normal,42.41,Normal
2026-09-08 03:00:00,Feeder_1,0.0,17.01,50,0.0,44.95,26.97,17.98,Normal,44.95,Normal
2026-09-08 04:00:00,Feeder_1,0.0,17.55,50,0.0,43.64,26.18,17.46,Normal,43.64,Normal
2026-09-08 05:00:00,Feeder_1,0.0,18.38,50,0.0,46.1,27.66,18.44,Normal,46.1,Normal
2026-09-08 06:00:00,Feeder_1,0.0,20.73,50,0.0,46.67,28.0,18.67,Normal,46.67,Normal
2026-09-08 07:00:00,Feeder_1,202.76,21.54,50,10.28,55.96,33.58,22.38,Normal,45.68,Normal
2026-09-08 08:00:00,Feeder_1,500.0,23.64,50,25.14,65.76,39.46,26.3,Normal,40.62,Normal
2026-09-08 09:00:00,Feeder_1,566.12,25.79,50,28.22,64.97,38.98,25.99,Normal,36.75,Normal
2026-09-08 10:00:00,Feeder_1,798.28,27.52,50,39.51,62.01,37.21,24.8,Normal,22.5,Normal
2026-09-08 11:00:00,Feeder_1,921.35,29.35,50,45.27,54.39,32.63,21.76,Normal,9.12,Normal
2026-09-08 12:00:00,Feeder_1,1000.0,29.61,50,49.08,49.9,29.94,19.96,Normal,0.82,Normal
2026-09-08 13:00:00,Feeder_1,965.93,29.77,50,47.38,42.75,25.65,17.1,Normal,-4.63,Normal
2026-09-08 14:00:00,Feeder_1,866.03,30.92,50,42.28,44.4,26.64,17.76,Normal,2.12,Normal
2026-09-08 15:00:00,Feeder_1,655.86,30.8,50,32.03,43.22,25.93,17.29,Normal,11.19,Normal
2026-09-08 16:00:00,Feeder_1,500.0,30.16,50,24.48,46.28,27.77,18.51,Normal,21.8,Normal
2026-09-08 17:00:00,Feeder_1,246.03,28.75,50,12.12,49.73,29.84,19.89,Normal,37.61,Normal
2026-09-08 18:00:00,Feeder_1,0.0,27.33,50,0.0,61.69,37.01,24.68,Normal,61.69,Normal
2026-09-08 19:00:00,Feeder_1,0.0,26.16,50,0.0,71.81,43.09,28.72,Normal,71.81,Normal
2026-09-08 20:00:00,Feeder_1,0.0,23.84,50,0.0,72.9,43.74,29.16,Normal,72.9,Normal
2026-09-08 21:00:00,Feeder_1,0.0,21.44,50,0.0,71.75,43.05,28.7,Normal,71.75,Normal
2026-09-08 22:00:00,Feeder_1,0.0,21.17,50,0.0,61.79,37.07,24.72,Normal,61.79,Normal
2026-09-08 23:00:00,Feeder_1,0.0,19.38,50,0.0,45.28,27.17,18.11,Normal,45.28,Normal
2026-09-09 00:00:00,Feeder_1,0.0,18.25,50,0.0,39.3,23.58,15.72,Normal,39.3,Normal
2026-09-09 01:00:00,Feeder_1,0.0,17.37,50,0.0,41.96,25.18,16.78,Normal,41.96,Normal
2026-09-09 02:00:00,Feeder_1,0.0,17.91,50,0.0,43.46,26.08,17.38,Normal,43.46,Normal
2026-09-09 03:00:00,Feeder_1,0.0,17.05,50,0.0,40.94,24.56,16.38,Normal,40.94,Normal
2026-09-09 04:00:00,Feeder_1,0.0,17.6,50,0.0,43.57,26.14,17.43,Normal,43.57,Normal
2026-09-09 05:00:00,Feeder_1,0.0,19.24,50,0.0,45.57,27.34,18.23,Normal,45.57,Normal
2026-09-09 06:00:00,Feeder_1,0.0,20.3,50,0.0,47.9,28.74,19.16,Normal,47.9,Normal
2026-09-09 07:00:00,Feeder_1,228.42,22.01,50,11.56,56.78,34.07,22.71,Normal,45.22,Normal
2026-09-09 08:00:00,Feeder_1,500.0,23.63,50,25.14,66.34,39.8,26.54,Normal,41.2,Normal
2026-09-09 09:00:00,Feeder_1,707.11,25.98,50,35.22,72.69,43.61,29.08,Normal,37.47,Normal
2026-09-09 10:00:00,Feeder_1,785.61,27.0,50,38.97,59.72,35.83,23.89,Normal,20.75,Normal
2026-09-09 11:00:00,Feeder_1,965.93,29.21,50,47.48,55.7,33.42,22.28,Normal,8.22,Normal
2026-09-09 12:00:00,Feeder_1,1000.0,29.61,50,49.08,54.69,32.81,21.88,Normal,5.61,Normal
2026-09-09 13:00:00,Feeder_1,965.93,30.81,50,47.17,46.56,27.94,18.62,Normal,-0.61,Normal
2026-09-09 14:00:00,Feeder_1,866.03,31.09,50,42.25,41.5,24.9,16.6,Normal,-0.75,Normal
2026-09-09 15:00:00,Feeder_1,707.11,31.51,50,34.43,46.97,28.18,18.79,Normal,12.54,Normal
2026-09-09 16:00:00,Feeder_1,500.0,29.86,50,24.51,42.97,25.78,17.19,Normal,18.46,Normal
2026-09-09 17:00:00,Feeder_1,254.91,28.97,50,12.54,53.55,32.13,21.42,Normal,41.01,Normal
2026-09-09 18:00:00,Feeder_1,0.0,28.11,50,0.0,60.57,36.34,24.23,Normal,60.57,Normal
2026-09-09 19:00:00,Feeder_1,0.0,25.41,50,0.0,68.49,41.09,27.4,Normal,68.49,Normal
2026-09-09 20:00:00,Feeder_1,0.0,24.03,50,0.0,74.78,44.87,29.91,Normal,74.78,Normal
2026-09-09 21:00:00,Feeder_1,0.0,22.05,50,0.0,76.8,46.08,30.72,Normal,76.8,Normal
2026-09-09 22:00:00,Feeder_1,0.0,19.9,50,0.0,60.36,36.22,24.14,Normal,60.36,Normal
2026-09-09 23:00:00,Feeder_1,0.0,17.97,50,0.0,50.67,30.4,20.27,Normal,50.67,Normal
2026-09-10 00:00:00,Feeder_1,0.0,18.22,50,0.0,47.62,28.57,19.05,Normal,47.62,Normal
2026-09-10 01:00:00,Feeder_1,0.0,17.13,50,0.0,40.23,24.14,16.09,Normal,40.23,Normal
2026-09-10 02:00:00,Feeder_1,0.0,17.02,50,0.0,43.04,25.82,17.22,Normal,43.04,Normal
2026-09-10 03:00:00,Feeder_1,0.0,17.32,50,0.0,42.7,25.62,17.08,Normal,42.7,Normal
2026-09-10 04:00:00,Feeder_1,0.0,17.72,50,0.0,43.31,25.99,17.32,Normal,43.31,Normal
2026-09-10 05:00:00,Feeder_1,0.0,18.77,50,0.0,45.0,27.0,18.0,Normal,45.0,Normal
2026-09-10 06:00:00,Feeder_1,0.0,21.1,50,0.0,41.95,25.17,16.78,Normal,41.95,Normal
2026-09-10 07:00:00,Feeder_1,258.82,22.69,50,13.06,50.65,30.39,20.26,Normal,37.59,Normal
2026-09-10 08:00:00,Feeder_1,479.44,23.85,50,24.08,60.64,36.38,24.26,Normal,36.56,Normal
2026-09-10 09:00:00,Feeder_1,641.11,25.37,50,32.01,72.38,43.43,28.95,Normal,40.37,Normal
2026-09-10 10:00:00,Feeder_1,866.03,28.01,50,42.78,65.97,39.58,26.39,Normal,23.19,Normal
2026-09-10 11:00:00,Feeder_1,835.06,28.74,50,41.13,57.06,34.24,22.82,Normal,15.93,Normal
2026-09-10 12:00:00,Feeder_1,853.34,30.35,50,41.75,47.98,28.79,19.19,Normal,6.23,Normal
2026-09-10 13:00:00,Feeder_1,922.48,31.05,50,45.01,45.86,27.52,18.34,Normal,0.85,Normal
2026-09-10 14:00:00,Feeder_1,828.51,31.46,50,40.36,40.77,24.46,16.31,Normal,0.41,Normal
2026-09-10 15:00:00,Feeder_1,707.11,31.0,50,34.51,42.83,25.7,17.13,Normal,8.32,Normal
2026-09-10 16:00:00,Feeder_1,500.0,29.56,50,24.54,47.75,28.65,19.1,Normal,23.21,Normal
2026-09-10 17:00:00,Feeder_1,253.08,28.74,50,12.46,53.43,32.06,21.37,Normal,40.97,Normal
2026-09-10 18:00:00,Feeder_1,0.0,26.94,50,0.0,57.08,34.25,22.83,Normal,57.08,Normal
2026-09-10 19:00:00,Feeder_1,0.0,25.3,50,0.0,77.01,46.21,30.8,Normal,77.01,Normal
2026-09-10 20:00:00,Feeder_1,0.0,24.68,50,0.0,78.53,47.12,31.41,Normal,78.53,Normal
2026-09-10 21:00:00,Feeder_1,0.0,21.97,50,0.0,73.62,44.17,29.45,Normal,73.62,Normal
2026-09-10 22:00:00,Feeder_1,0.0,20.94,50,0.0,61.26,36.76,24.5,Normal,61.26,Normal
2026-09-10 23:00:00,Feeder_1,0.0,18.9,50,0.0,50.67,30.4,20.27,Normal,50.67,Normal
2026-09-11 00:00:00,Feeder_1,0.0,17.25,50,0.0,39.63,23.78,15.85,Normal,39.63,Normal
2026-09-11 01:00:00,Feeder_1,0.0,17.31,50,0.0,42.54,25.52,17.02,Normal,42.54,Normal
2026-09-11 02:00:00,Feeder_1,0.0,17.14,50,0.0,41.66,25.0,16.66,Normal,41.66,Normal
2026-09-11 03:00:00,Feeder_1,0.0,17.32,50,0.0,40.62,24.37,16.25,Normal,40.62,Normal
2026-09-11 04:00:00,Feeder_1,0.0,17.26,50,0.0,45.96,27.58,18.38,Normal,45.96,Normal
2026-09-11 05:00:00,Feeder_1,0.0,19.15,50,0.0,47.19,28.31,18.88,Normal,47.19,Normal
2026-09-11 06:00:00,Feeder_1,0.0,20.91,50,0.0,43.98,26.39,17.59,Normal,43.98,Normal
2026-09-11 07:00:00,Feeder_1,219.08,21.94,50,11.09,55.9,33.54,22.36,Normal,44.81,Normal
2026-09-11 08:00:00,Feeder_1,500.0,23.71,50,25.13,64.63,38.78,25.85,Normal,39.5,Normal
2026-09-11 09:00:00,Feeder_1,643.01,25.57,50,32.08,64.48,38.69,25.79,Normal,32.4,Normal
2026-09-11 10:00:00,Feeder_1,770.08,26.96,50,38.2,61.72,37.03,24.69,Normal,23.52,Normal
2026-09-11 11:00:00,Feeder_1,965.93,28.57,50,47.61,62.42,37.45,24.97,Normal,14.81,Normal
2026-09-11 12:00:00,Feeder_1,1000.0,30.14,50,48.97,46.43,27.86,18.57,Normal,-2.54,Normal
2026-09-11 13:00:00,Feeder_1,965.93,30.53,50,47.23,45.05,27.03,18.02,Normal,-2.18,Normal
2026-09-11 14:00:00,Feeder_1,866.03,30.96,50,42.27,46.35,27.81,18.54,Normal,4.08,Normal
2026-09-11 15:00:00,Feeder_1,647.44,30.75,50,31.63,48.03,28.82,19.21,Normal,16.4,Normal
2026-09-11 16:00:00,Feeder_1,462.38,30.79,50,22.58,47.21,28.33,18.88,Normal,24.63,Normal
2026-09-11 17:00:00,Feeder_1,241.35,29.2,50,11.86,53.24,31.94,21.3,Normal,41.38,Normal
2026-09-11 18:00:00,Feeder_1,0.0,26.87,50,0.0,59.15,35.49,23.66,Normal,59.15,Normal
2026-09-11 19:00:00,Feeder_1,0.0,25.78,50,0.0,74.18,44.51,29.67,Normal,74.18,Normal
2026-09-11 20:00:00,Feeder_1,0.0,23.47,50,0.0,78.95,47.37,31.58,Normal,78.95,Normal
2026-09-11 21:00:00,Feeder_1,0.0,22.41,50,0.0,75.33,45.2,30.13,Normal,75.33,Normal
2026-09-11 22:00:00,Feeder_1,0.0,20.68,50,0.0,60.79,36.47,24.32,Normal,60.79,Normal
2026-09-11 23:00:00,Feeder_1,0.0,19.22,50,0.0,51.33,30.8,20.53,Normal,51.33,Normal
2026-09-12 00:00:00,Feeder_1,0.0,17.43,50,0.0,40.3,24.18,16.12,Normal,40.3,Normal
2026-09-12 01:00:00,Feeder_1,0.0,17.22,50,0.0,44.7,26.82,17.88,Normal,44.7,Normal
2026-09-12 02:00:00,Feeder_1,0.0,17.01,50,0.0,45.35,27.21,18.14,Normal,45.35,Normal
2026-09-12 03:00:00,Feeder_1,0.0,17.28,50,0.0,41.91,25.15,16.76,Normal,41.91,Normal
2026-09-12 04:00:00,Feeder_1,0.0,17.81,50,0.0,43.94,26.36,17.58,Normal,43.94,Normal
2026-09-12 05:00:00,Feeder_1,0.0,19.55,50,0.0,42.5,25.5,17.0,Normal,42.5,Normal
2026-09-12 06:00:00,Feeder_1,0.0,20.32,50,0.0,52.2,31.32,20.88,Normal,52.2,Normal
2026-09-12 07:00:00,Feeder_1,258.82,22.6,50,13.07,52.12,31.27,20.85,Normal,39.05,Normal
2026-09-12 08:00:00,Feeder_1,500.0,24.36,50,25.06,64.37,38.62,25.75,Normal,39.31,Normal
2026-09-12 09:00:00,Feeder_1,707.11,25.6,50,35.27,71.52,42.91,28.61,Normal,36.25,Normal
2026-09-12 10:00:00,Feeder_1,866.03,27.35,50,42.89,63.05,37.83,25.22,Normal,20.16,Normal
2026-09-12 11:00:00,Feeder_1,965.93,29.58,50,47.41,54.53,32.72,21.81,Normal,7.12,Normal
2026-09-12 12:00:00,Feeder_1,949.58,29.95,50,46.54,45.22,27.13,18.09,Normal,-1.32,Normal
2026-09-12 13:00:00,Feeder_1,859.44,30.36,50,42.05,42.83,25.7,17.13,Normal,0.78,Normal
2026-09-12 14:00:00,Feeder_1,862.42,31.09,50,42.07,47.35,28.41,18.94,Normal,5.28,Normal
2026-09-12 15:00:00,Feeder_1,622.39,31.16,50,30.35,43.07,25.84,17.23,Normal,12.72,Normal
2026-09-12 16:00:00,Feeder_1,497.03,30.33,50,24.32,42.63,25.58,17.05,Normal,18.31,Normal
2026-09-12 17:00:00,Feeder_1,258.82,29.02,50,12.73,52.04,31.22,20.82,Normal,39.31,Normal
2026-09-12 18:00:00,Feeder_1,0.0,28.48,50,0.0,59.38,35.63,23.75,Normal,59.38,Normal
2026-09-12 19:00:00,Feeder_1,0.0,25.56,50,0.0,71.24,42.74,28.5,Normal,71.24,Normal
2026-09-12 20:00:00,Feeder_1,0.0,24.48,50,0.0,81.55,48.93,32.62,Normal,81.55,Normal
2026-09-12 21:00:00,Feeder_1,0.0,21.86,50,0.0,73.81,44.29,29.52,Normal,73.81,Normal
2026-09-12 22:00:00,Feeder_1,0.0,20.75,50,0.0,61.48,36.89,24.59,Normal,61.48,Normal
2026-09-12 23:00:00,Feeder_1,0.0,19.67,50,0.0,55.3,33.18,22.12,Normal,55.3,Normal
2026-09-13 00:00:00,Feeder_1,0.0,17.78,50,0.0,43.71,26.23,17.48,Normal,43.71,Normal
2026-09-13 01:00:00,Feeder_1,0.0,17.5,50,0.0,48.03,28.82,19.21,Normal,48.03,Normal
2026-09-13 02:00:00,Feeder_1,0.0,16.68,50,0.0,39.56,23.74,15.82,Normal,39.56,Normal
2026-09-13 03:00:00,Feeder_1,0.0,17.23,50,0.0,47.55,28.53,19.02,Normal,47.55,Normal
2026-09-13 04:00:00,Feeder_1,0.0,18.03,50,0.0,43.35,26.01,17.34,Normal,43.35,Normal
2026-09-13 05:00:00,Feeder_1,0.0,20.06,50,0.0,43.41,26.05,17.36,Normal,43.41,Normal
2026-09-13 06:00:00,Feeder_1,0.0,20.92,50,0.0,50.28,30.17,20.11,Normal,50.28,Normal
2026-09-13 07:00:00,Feeder_1,258.82,22.42,50,13.07,54.94,32.96,21.98,Normal,41.87,Normal
2026-09-13 08:00:00,Feeder_1,500.0,24.44,50,25.06,66.21,39.73,26.48,Normal,41.15,Normal
2026-09-13 09:00:00,Feeder_1,707.11,26.24,50,35.18,70.92,42.55,28.37,Normal,35.74,Normal
2026-09-13 10:00:00,Feeder_1,866.03,27.76,50,42.82,63.74,38.24,25.5,Normal,20.92,Normal
2026-09-13 11:00:00,Feeder_1,965.93,29.43,50,47.44,53.79,32.27,21.52,Normal,6.35,Normal
2026-09-13 12:00:00,Feeder_1,1000.0,29.9,50,49.02,48.65,29.19,19.46,Normal,-0.37,Normal
2026-09-13 13:00:00,Feeder_1,965.93,30.84,50,47.17,44.86,26.92,17.94,Normal,-2.31,Normal
2026-09-13 14:00:00,Feeder_1,724.71,31.3,50,35.32,45.09,27.05,18.04,Normal,9.77,Normal
2026-09-13 15:00:00,Feeder_1,707.11,30.64,50,34.56,44.15,26.49,17.66,Normal,9.59,Normal
2026-09-13 16:00:00,Feeder_1,500.0,30.69,50,24.43,45.2,27.12,18.08,Normal,20.77,Normal
2026-09-13 17:00:00,Feeder_1,258.82,29.19,50,12.72,51.28,30.77,20.51,Normal,38.56,Normal
2026-09-13 18:00:00,Feeder_1,0.0,27.58,50,0.0,63.65,38.19,25.46,Normal,63.65,Normal
2026-09-13 19:00:00,Feeder_1,0.0,25.86,50,0.0,70.88,42.53,28.35,Normal,70.88,Normal
2026-09-13 20:00:00,Feeder_1,0.0,23.39,50,0.0,76.6,45.96,30.64,Normal,76.6,Normal
2026-09-13 21:00:00,Feeder_1,0.0,22.81,50,0.0,72.46,43.48,28.98,Normal,72.46,Normal
2026-09-13 22:00:00,Feeder_1,0.0,21.25,50,0.0,57.35,34.41,22.94,Normal,57.35,Normal
2026-09-13 23:00:00,Feeder_1,0.0,19.23,50,0.0,49.55,29.73,19.82,Normal,49.55,Normal
2026-09-14 00:00:00,Feeder_1,0.0,18.22,50,0.0,43.61,26.17,17.44,Normal,43.61,Normal
2026-09-14 01:00:00,Feeder_1,0.0,16.73,50,0.0,45.18,27.11,18.07,Normal,45.18,Normal
2026-09-14 02:00:00,Feeder_1,0.0,16.96,50,0.0,47.62,28.57,19.05,Normal,47.62,Normal
2026-09-14 03:00:00,Feeder_1,0.0,16.63,50,0.0,41.33,24.8,16.53,Normal,41.33,Normal
2026-09-14 04:00:00,Feeder_1,0.0,18.04,50,0.0,42.78,25.67,17.11,Normal,42.78,Normal
2026-09-14 05:00:00,Feeder_1,0.0,18.55,50,0.0,48.35,29.01,19.34,Normal,48.35,Normal
2026-09-14 06:00:00,Feeder_1,0.0,20.95,50,0.0,49.44,29.66,19.78,Normal,49.44,Normal
2026-09-14 07:00:00,Feeder_1,258.82,22.42,50,13.07,56.95,34.17,22.78,Normal,43.88,Normal
2026-09-14 08:00:00,Feeder_1,500.0,24.53,50,25.05,64.65,38.79,25.86,Normal,39.6,Normal
2026-09-14 09:00:00,Feeder_1,707.11,25.78,50,35.25,71.6,42.96,28.64,Normal,36.35,Normal
2026-09-14 10:00:00,Feeder_1,795.73,28.22,50,39.27,64.06,38.44,25.62,Normal,24.79,Normal
2026-09-14 11:00:00,Feeder_1,800.08,29.0,50,39.36,54.13,32.48,21.65,Normal,14.77,Normal
2026-09-14 12:00:00,Feeder_1,1000.0,29.8,50,49.04,47.46,28.48,18.98,Normal,-1.58,Normal
2026-09-14 13:00:00,Feeder_1,746.91,30.58,50,36.51,38.69,23.21,15.48,Normal,2.18,Normal
2026-09-14 14:00:00,Feeder_1,701.42,31.3,50,34.19,45.44,27.26,18.18,Normal,11.25,Normal
2026-09-14 15:00:00,Feeder_1,707.11,30.37,50,34.6,43.49,26.09,17.4,Normal,8.89,Normal
2026-09-14 16:00:00,Feeder_1,499.78,29.6,50,24.53,49.2,29.52,19.68,Normal,24.67,Normal
2026-09-14 17:00:00,Feeder_1,258.82,28.86,50,12.74,50.88,30.53,20.35,Normal,38.14,Normal
2026-09-14 18:00:00,Feeder_1,0.0,26.68,50,0.0,60.35,36.21,24.14,Normal,60.35,Normal
2026-09-14 19:00:00,Feeder_1,0.0,25.41,50,0.0,71.92,43.15,28.77,Normal,71.92,Normal
2026-09-14 20:00:00,Feeder_1,0.0,24.26,50,0.0,76.57,45.94,30.63,Normal,76.57,Normal
2026-09-14 21:00:00,Feeder_1,0.0,22.75,50,0.0,74.94,44.96,29.98,Normal,74.94,Normal
2026-09-14 22:00:00,Feeder_1,0.0,20.24,50,0.0,62.72,37.63,25.09,Normal,62.72,Normal
2026-09-14 23:00:00,Feeder_1,0.0,19.41,50,0.0,52.4,31.44,20.96,Normal,52.4,Normal
2026-09-15 00:00:00,Feeder_1,0.0,17.72,50,0.0,46.29,27.77,18.52,Normal,46.29,Normal
2026-09-15 01:00:00,Feeder_1,0.0,18.07,50,0.0,41.28,24.77,16.51,Normal,41.28,Normal
2026-09-15 02:00:00,Feeder_1,0.0,17.08,50,0.0,41.38,24.83,16.55,Normal,41.38,Normal
2026-09-15 03:00:00,Feeder_1,0.0,17.11,50,0.0,44.12,26.47,17.65,Normal,44.12,Normal
2026-09-15 04:00:00,Feeder_1,0.0,17.71,50,0.0,43.33,26.0,17.33,Normal,43.33,Normal
2026-09-15 05:00:00,Feeder_1,0.0,19.74,50,0.0,45.83,27.5,18.33,Normal,45.83,Normal
2026-09-15 06:00:00,Feeder_1,0.0,20.55,50,0.0,50.11,30.07,20.04,Normal,50.11,Normal
2026-09-15 07:00:00,Feeder_1,227.05,22.09,50,11.48,51.66,31.0,20.66,Normal,40.18,Normal
2026-09-15 08:00:00,Feeder_1,500.0,24.26,50,25.07,62.95,37.77,25.18,Normal,37.88,Normal
2026-09-15 09:00:00,Feeder_1,707.11,25.32,50,35.31,64.34,38.6,25.74,Normal,29.03,Normal
2026-09-15 10:00:00,Feeder_1,866.03,27.92,50,42.8,68.37,41.02,27.35,Normal,25.57,Normal
2026-09-15 11:00:00,Feeder_1,912.74,29.38,50,44.84,55.74,33.44,22.3,Normal,10.9,Normal
2026-09-15 12:00:00,Feeder_1,979.28,30.42,50,47.9,50.21,30.13,20.08,Normal,2.31,Normal
2026-09-15 13:00:00,Feeder_1,783.2,31.35,50,38.17,48.2,28.92,19.28,Normal,10.03,Normal
2026-09-15 14:00:00,Feeder_1,801.02,31.16,50,39.06,44.71,26.83,17.88,Normal,5.65,Normal
2026-09-15 15:00:00,Feeder_1,707.11,30.54,50,34.57,41.93,25.16,16.77,Normal,7.36,Normal
2026-09-15 16:00:00,Feeder_1,498.47,30.53,50,24.37,46.8,28.08,18.72,Normal,22.43,Normal
2026-09-15 17:00:00,Feeder_1,247.31,29.26,50,12.15,43.69,26.21,17.48,Normal,31.54,Normal
2026-09-15 18:00:00,Feeder_1,0.0,26.8,50,0.0,60.06,36.04,24.02,Normal,60.06,Normal
2026-09-15 19:00:00,Feeder_1,0.0,25.29,50,0.0,75.53,45.32,30.21,Normal,75.53,Normal
2026-09-15 20:00:00,Feeder_1,0.0,24.14,50,0.0,77.88,46.73,31.15,Normal,77.88,Normal
2026-09-15 21:00:00,Feeder_1,0.0,22.22,50,0.0,69.42,41.65,27.77,Normal,69.42,Normal
2026-09-15 22:00:00,Feeder_1,0.0,20.3,50,0.0,57.08,34.25,22.83,Normal,57.08,Normal
2026-09-15 23:00:00,Feeder_1,0.0,19.65,50,0.0,52.94,31.76,21.18,Normal,52.94,Normal
2026-09-16 00:00:00,Feeder_1,0.0,17.8,50,0.0,42.2,25.32,16.88,Normal,42.2,Normal
2026-09-16 01:00:00,Feeder_1,0.0,17.39,50,0.0,44.08,26.45,17.63,Normal,44.08,Normal
2026-09-16 02:00:00,Feeder_1,0.0,17.1,50,0.0,42.36,25.42,16.94,Normal,42.36,Normal
2026-09-16 03:00:00,Feeder_1,0.0,17.21,50,0.0,42.97,25.78,17.19,Normal,42.97,Normal
2026-09-16 04:00:00,Feeder_1,0.0,17.96,50,0.0,45.22,27.13,18.09,Normal,45.22,Normal
2026-09-16 05:00:00,Feeder_1,0.0,19.08,50,0.0,39.74,23.84,15.9,Normal,39.74,Normal
2026-09-16 06:00:00,Feeder_1,0.0,20.64,50,0.0,51.07,30.64,20.43,Normal,51.07,Normal
2026-09-16 07:00:00,Feeder_1,168.87,23.02,50,8.51,55.49,33.29,22.2,Normal,46.98,Normal
2026-09-16 08:00:00,Feeder_1,500.0,23.58,50,25.14,65.69,39.41,26.28,Normal,40.55,Normal
2026-09-16 09:00:00,Feeder_1,617.72,25.56,50,30.82,72.79,43.67,29.12,Normal,41.97,Normal
2026-09-16 10:00:00,Feeder_1,846.21,27.59,50,41.87,66.34,39.8,26.54,Normal,24.47,Normal
2026-09-16 11:00:00,Feeder_1,965.93,29.01,50,47.52,56.75,34.05,22.7,Normal,9.23,Normal
2026-09-16 12:00:00,Feeder_1,1000.0,30.04,50,48.99,49.08,29.45,19.63,Normal,0.09,Normal
2026-09-16 13:00:00,Feeder_1,965.93,31.2,50,47.1,47.71,28.63,19.08,Normal,0.61,Normal
2026-09-16 14:00:00,Feeder_1,866.03,30.54,50,42.34,47.56,28.54,19.02,Normal,5.22,Normal
2026-09-16 15:00:00,Feeder_1,609.84,30.88,50,29.77,41.72,25.03,16.69,Normal,11.95,Normal
2026-09-16 16:00:00,Feeder_1,496.15,30.19,50,24.29,46.24,27.74,18.5,Normal,21.95,Normal
2026-09-16 17:00:00,Feeder_1,258.82,29.6,50,12.7,51.94,31.16,20.78,Normal,39.24,Normal
2026-09-16 18:00:00,Feeder_1,0.0,27.89,50,0.0,63.94,38.36,25.58,Normal,63.94,Normal
2026-09-16 19:00:00,Feeder_1,0.0,26.05,50,0.0,74.38,44.63,29.75,Normal,74.38,Normal
2026-09-16 20:00:00,Feeder_1,0.0,24.55,50,0.0,77.62,46.57,31.05,Normal,77.62,Normal
2026-09-16 21:00:00,Feeder_1,0.0,22.12,50,0.0,72.67,43.6,29.07,Normal,72.67,Normal
2026-09-16 22:00:00,Feeder_1,0.0,19.92,50,0.0,64.96,38.98,25.98,Normal,64.96,Normal
2026-09-16 23:00:00,Feeder_1,0.0,18.65,50,0.0,45.43,27.26,18.17,Normal,45.43,Normal
2026-09-17 00:00:00,Feeder_1,0.0,17.41,50,0.0,47.11,28.27,18.84,Normal,47.11,Normal
2026-09-17 01:00:00,Feeder_1,0.0,16.96,50,0.0,48.63,29.18,19.45,Normal,48.63,Normal
2026-09-17 02:00:00,Feeder_1,0.0,16.87,50,0.0,36.76,22.06,14.7,Normal,36.76,Normal
2026-09-17 03:00:00,Feeder_1,0.0,16.68,50,0.0,38.95,23.37,15.58,Normal,38.95,Normal
2026-09-17 04:00:00,Feeder_1,0.0,18.91,50,0.0,46.85,28.11,18.74,Normal,46.85,Normal
2026-09-17 05:00:00,Feeder_1,0.0,19.29,50,0.0,46.87,28.12,18.75,Normal,46.87,Normal
2026-09-17 06:00:00,Feeder_1,0.0,20.61,50,0.0,48.84,29.3,19.54,Normal,48.84,Normal
2026-09-17 07:00:00,Feeder_1,256.88,21.89,50,13.0,55.13,33.08,22.05,Normal,42.13,Normal
2026-09-17 08:00:00,Feeder_1,398.42,23.96,50,20.0,61.69,37.01,24.68,Normal,41.69,Normal
2026-09-17 09:00:00,Feeder_1,613.46,25.88,50,30.57,71.48,42.89,28.59,Normal,40.91,Normal
2026-09-17 10:00:00,Feeder_1,866.03,26.87,50,42.98,61.69,37.01,24.68,Normal,18.71,Normal
2026-09-17 11:00:00,Feeder_1,965.93,28.56,50,47.61,55.27,33.16,22.11,Normal,7.66,Normal
2026-09-17 12:00:00,Feeder_1,1000.0,29.67,50,49.07,48.84,29.3,19.54,Normal,-0.23,Normal
2026-09-17 13:00:00,Feeder_1,811.3,30.52,50,39.67,45.55,27.33,18.22,Normal,5.88,Normal
2026-09-17 14:00:00,Feeder_1,700.48,31.18,50,34.16,43.43,26.06,17.37,Normal,9.27,Normal
2026-09-17 15:00:00,Feeder_1,707.11,30.85,50,34.53,47.01,28.21,18.8,Normal,12.48,Normal
2026-09-17 16:00:00,Feeder_1,500.0,29.89,50,24.51,45.74,27.44,18.3,Normal,21.23,Normal
2026-09-17 17:00:00,Feeder_1,258.82,28.97,50,12.74,50.91,30.55,20.36,Normal,38.17,Normal
2026-09-17 18:00:00,Feeder_1,0.0,27.23,50,0.0,57.46,34.48,22.98,Normal,57.46,Normal
2026-09-17 19:00:00,Feeder_1,0.0,25.31,50,0.0,70.89,42.53,28.36,Normal,70.89,Normal
2026-09-17 20:00:00,Feeder_1,0.0,24.36,50,0.0,77.26,46.36,30.9,Normal,77.26,Normal
2026-09-17 21:00:00,Feeder_1,0.0,21.92,50,0.0,73.32,43.99,29.33,Normal,73.32,Normal
2026-09-17 22:00:00,Feeder_1,0.0,21.36,50,0.0,58.0,34.8,23.2,Normal,58.0,Normal
2026-09-17 23:00:00,Feeder_1,0.0,19.3,50,0.0,51.84,31.1,20.74,Normal,51.84,Normal
2026-09-18 00:00:00,Feeder_1,0.0,17.89,50,0.0,43.11,25.87,17.24,Normal,43.11,Normal
2026-09-18 01:00:00,Feeder_1,0.0,17.62,50,0.0,48.53,29.12,19.41,Normal,48.53,Normal
2026-09-18 02:00:00,Feeder_1,0.0,16.45,50,0.0,42.79,25.67,17.12,Normal,42.79,Normal
2026-09-18 03:00:00,Feeder_1,0.0,16.92,50,0.0,47.16,28.3,18.86,Normal,47.16,Normal
2026-09-18 04:00:00,Feeder_1,0.0,17.72,50,0.0,44.81,26.89,17.92,Normal,44.81,Normal
2026-09-18 05:00:00,Feeder_1,0.0,18.9,50,0.0,44.23,26.54,17.69,Normal,44.23,Normal
2026-09-18 06:00:00,Feeder_1,0.0,20.09,50,0.0,46.96,28.18,18.78,Normal,46.96,Normal
2026-09-18 07:00:00,Feeder_1,220.81,22.2,50,11.16,53.91,32.35,21.56,Normal,42.75,Normal
2026-09-18 08:00:00,Feeder_1,500.0,23.38,50,25.16,64.99,38.99,26.0,Normal,39.83,Normal
2026-09-18 09:00:00,Feeder_1,707.11,25.01,50,35.35,68.94,41.36,27.58,Normal,33.59,Normal
2026-09-18 10:00:00,Feeder_1,866.03,27.02,50,42.95,68.34,41.0,27.34,Normal,25.39,Normal
2026-09-18 11:00:00,Feeder_1,965.93,28.67,50,47.59,55.7,33.42,22.28,Normal,8.11,Normal
2026-09-18 12:00:00,Feeder_1,1000.0,30.09,50,48.98,49.93,29.96,19.97,Normal,0.95,Normal
2026-09-18 13:00:00,Feeder_1,859.21,30.83,50,41.96,41.21,24.73,16.48,Normal,-0.75,Normal
2026-09-18 14:00:00,Feeder_1,854.47,30.64,50,41.76,41.64,24.98,16.66,Normal,-0.12,Normal
2026-09-18 15:00:00,Feeder_1,707.11,31.2,50,34.48,45.13,27.08,18.05,Normal,10.65,Normal
2026-09-18 16:00:00,Feeder_1,434.46,29.94,50,21.29,48.47,29.08,19.39,Normal,27.18,Normal
2026-09-18 17:00:00,Feeder_1,258.82,29.88,50,12.69,51.79,31.07,20.72,Normal,39.1,Normal
2026-09-18 18:00:00,Feeder_1,0.0,27.38,50,0.0,61.3,36.78,24.52,Normal,61.3,Normal
2026-09-18 19:00:00,Feeder_1,0.0,26.09,50,0.0,75.02,45.01,30.01,Normal,75.02,Normal
2026-09-18 20:00:00,Feeder_1,0.0,23.47,50,0.0,73.41,44.05,29.36,Normal,73.41,Normal
2026-09-18 21:00:00,Feeder_1,0.0,21.75,50,0.0,67.24,40.34,26.9,Normal,67.24,Normal
2026-09-18 22:00:00,Feeder_1,0.0,21.5,50,0.0,60.95,36.57,24.38,Normal,60.95,Normal
2026-09-18 23:00:00,Feeder_1,0.0,19.08,50,0.0,50.56,30.34,20.22,Normal,50.56,Normal
2026-09-19 00:00:00,Feeder_1,0.0,17.82,50,0.0,43.67,26.2,17.47,Normal,43.67,Normal
2026-09-19 01:00:00,Feeder_1,0.0,16.97,50,0.0,45.48,27.29,18.19,Normal,45.48,Normal
2026-09-19 02:00:00,Feeder_1,0.0,16.7,50,0.0,44.35,26.61,17.74,Normal,44.35,Normal
2026-09-19 03:00:00,Feeder_1,0.0,17.25,50,0.0,43.04,25.82,17.22,Normal,43.04,Normal
2026-09-19 04:00:00,Feeder_1,0.0,18.13,50,0.0,43.33,26.0,17.33,Normal,43.33,Normal
2026-09-19 05:00:00,Feeder_1,0.0,19.61,50,0.0,46.13,27.68,18.45,Normal,46.13,Normal
2026-09-19 06:00:00,Feeder_1,0.0,19.98,50,0.0,45.92,27.55,18.37,Normal,45.92,Normal
2026-09-19 07:00:00,Feeder_1,249.34,21.94,50,12.62,55.37,33.22,22.15,Normal,42.75,Normal
2026-09-19 08:00:00,Feeder_1,500.0,24.21,50,25.08,63.99,38.39,25.6,Normal,38.91,Normal
2026-09-19 09:00:00,Feeder_1,707.11,25.84,50,35.24,63.06,37.84,25.22,Normal,27.82,Normal
2026-09-19 10:00:00,Feeder_1,768.41,27.44,50,38.05,61.14,36.68,24.46,Normal,23.09,Normal
2026-09-19 11:00:00,Feeder_1,965.93,29.56,50,47.42,58.88,35.33,23.55,Normal,11.46,Normal
2026-09-19 12:00:00,Feeder_1,974.39,30.66,50,47.62,48.95,29.37,19.58,Normal,1.33,Normal
2026-09-19 13:00:00,Feeder_1,926.85,30.52,50,45.32,43.99,26.39,17.6,Normal,-1.33,Normal
2026-09-19 14:00:00,Feeder_1,825.68,31.07,50,40.28,43.88,26.33,17.55,Normal,3.6,Normal
2026-09-19 15:00:00,Feeder_1,707.11,30.94,50,34.52,46.58,27.95,18.63,Normal,12.06,Normal
2026-09-19 16:00:00,Feeder_1,500.0,29.47,50,24.55,39.05,23.43,15.62,Normal,14.5,Normal
2026-09-19 17:00:00,Feeder_1,258.82,28.4,50,12.77,50.25,30.15,20.1,Normal,37.48,Normal
2026-09-19 18:00:00,Feeder_1,0.0,26.78,50,0.0,62.32,37.39,24.93,Normal,62.32,Normal
2026-09-19 19:00:00,Feeder_1,0.0,25.58,50,0.0,66.15,39.69,26.46,Normal,66.15,Normal
2026-09-19 20:00:00,Feeder_1,0.0,24.16,50,0.0,74.3,44.58,29.72,Normal,74.3,Normal
2026-09-19 21:00:00,Feeder_1,0.0,22.18,50,0.0,74.08,44.45,29.63,Normal,74.08,Normal
2026-09-19 22:00:00,Feeder_1,0.0,20.11,50,0.0,63.96,38.38,25.58,Normal,63.96,Normal
2026-09-19 23:00:00,Feeder_1,0.0,19.04,50,0.0,48.48,29.09,19.39,Normal,48.48,Normal
2026-09-20 00:00:00,Feeder_1,0.0,17.58,50,0.0,42.57,25.54,17.03,Normal,42.57,Normal
2026-09-20 01:00:00,Feeder_1,0.0,16.69,50,0.0,38.97,23.38,15.59,Normal,38.97,Normal
2026-09-20 02:00:00,Feeder_1,0.0,16.92,50,0.0,41.33,24.8,16.53,Normal,41.33,Normal
2026-09-20 03:00:00,Feeder_1,0.0,17.0,50,0.0,47.63,28.58,19.05,Normal,47.63,Normal
2026-09-20 04:00:00,Feeder_1,0.0,17.74,50,0.0,48.78,29.27,19.51,Normal,48.78,Normal
2026-09-20 05:00:00,Feeder_1,0.0,19.35,50,0.0,45.49,27.29,18.2,Normal,45.49,Normal
2026-09-20 06:00:00,Feeder_1,0.0,21.12,50,0.0,48.66,29.2,19.46,Normal,48.66,Normal
2026-09-20 07:00:00,Feeder_1,235.42,22.37,50,11.89,54.14,32.48,21.66,Normal,42.25,Normal
2026-09-20 08:00:00,Feeder_1,500.0,24.05,50,25.1,63.25,37.95,25.3,Normal,38.15,Normal
2026-09-20 09:00:00,Feeder_1,707.11,25.27,50,35.32,65.57,39.34,26.23,Normal,30.25,Normal
2026-09-20 10:00:00,Feeder_1,866.03,27.24,50,42.91,61.54,36.92,24.62,Normal,18.63,Normal
2026-09-20 11:00:00,Feeder_1,965.93,29.42,50,47.44,57.63,34.58,23.05,Normal,10.19,Normal
2026-09-20 12:00:00,Feeder_1,1000.0,29.76,50,49.05,45.02,27.01,18.01,Normal,-4.03,Normal
2026-09-20 13:00:00,Feeder_1,965.93,30.63,50,47.21,44.12,26.47,17.65,Normal,-3.09,Normal
2026-09-20 14:00:00,Feeder_1,866.03,31.22,50,42.22,44.61,26.77,17.84,Normal,2.39,Normal
2026-09-20 15:00:00,Feeder_1,707.11,30.5,50,34.58,45.92,27.55,18.37,Normal,11.34,Normal
2026-09-20 16:00:00,Feeder_1,500.0,30.17,50,24.48,49.26,29.56,19.7,Normal,24.78,Normal
2026-09-20 17:00:00,Feeder_1,258.82,29.17,50,12.73,53.49,32.09,21.4,Normal,40.76,Normal
2026-09-20 18:00:00,Feeder_1,0.0,27.16,50,0.0,58.36,35.02,23.34,Normal,58.36,Normal
2026-09-20 19:00:00,Feeder_1,0.0,26.63,50,0.0,69.87,41.92,27.95,Normal,69.87,Normal
2026-09-20 20:00:00,Feeder_1,0.0,23.89,50,0.0,78.77,47.26,31.51,Normal,78.77,Normal
2026-09-20 21:00:00,Feeder_1,0.0,22.53,50,0.0,71.17,42.7,28.47,Normal,71.17,Normal
2026-09-20 22:00:00,Feeder_1,0.0,20.61,50,0.0,60.35,36.21,24.14,Normal,60.35,Normal
2026-09-20 23:00:00,Feeder_1,0.0,19.25,50,0.0,52.65,31.59,21.06,Normal,52.65,Normal
2026-09-21 00:00:00,Feeder_1,0.0,18.41,50,0.0,43.45,26.07,17.38,Normal,43.45,Normal
2026-09-21 01:00:00,Feeder_1,0.0,17.4,50,0.0,41.37,24.82,16.55,Normal,41.37,Normal
2026-09-21 02:00:00,Feeder_1,0.0,17.23,50,0.0,46.1,27.66,18.44,Normal,46.1,Normal
2026-09-21 03:00:00,Feeder_1,0.0,17.36,50,0.0,47.32,28.39,18.93,Normal,47.32,Normal
2026-09-21 04:00:00,Feeder_1,0.0,18.98,50,0.0,44.8,26.88,17.92,Normal,44.8,Normal
2026-09-21 05:00:00,Feeder_1,0.0,19.35,50,0.0,45.69,27.41,18.28,Normal,45.69,Normal
2026-09-21 06:00:00,Feeder_1,0.0,20.77,50,0.0,48.23,28.94,19.29,Normal,48.23,Normal
2026-09-21 07:00:00,Feeder_1,220.79,22.1,50,11.17,53.71,32.23,21.48,Normal,42.54,Normal
2026-09-21 08:00:00,Feeder_1,465.17,24.24,50,23.33,68.34,41.0,27.34,Normal,45.01,Normal
2026-09-21 09:00:00,Feeder_1,707.11,25.33,50,35.31,69.11,41.47,27.64,Normal,33.8,Normal
2026-09-21 10:00:00,Feeder_1,866.03,27.26,50,42.91,63.83,38.3,25.53,Normal,20.92,Normal
2026-09-21 11:00:00,Feeder_1,965.93,28.64,50,47.59,57.46,34.48,22.98,Normal,9.87,Normal
2026-09-21 12:00:00,Feeder_1,985.49,30.23,50,48.24,46.36,27.82,18.54,Normal,-1.88,Normal
2026-09-21 13:00:00,Feeder_1,915.22,31.05,50,44.65,43.81,26.29,17.52,Normal,-0.84,Normal
2026-09-21 14:00:00,Feeder_1,866.03,30.84,50,42.29,44.04,26.42,17.62,Normal,1.75,Normal
2026-09-21 15:00:00,Feeder_1,707.11,30.19,50,34.62,39.2,23.52,15.68,Normal,4.58,Normal
2026-09-21 16:00:00,Feeder_1,408.46,30.57,50,19.97,44.06,26.44,17.62,Normal,24.09,Normal
2026-09-21 17:00:00,Feeder_1,258.82,28.72,50,12.75,51.27,30.76,20.51,Normal,38.52,Normal
2026-09-21 18:00:00,Feeder_1,0.0,28.3,50,0.0,66.12,39.67,26.45,Normal,66.12,Normal
2026-09-21 19:00:00,Feeder_1,0.0,26.22,50,0.0,74.11,44.47,29.64,Normal,74.11,Normal
2026-09-21 20:00:00,Feeder_1,0.0,23.78,50,0.0,75.95,45.57,30.38,Normal,75.95,Normal
2026-09-21 21:00:00,Feeder_1,0.0,22.12,50,0.0,71.49,42.89,28.6,Normal,71.49,Normal
2026-09-21 22:00:00,Feeder_1,0.0,20.88,50,0.0,61.19,36.71,24.48,Normal,61.19,Normal
2026-09-21 23:00:00,Feeder_1,0.0,18.59,50,0.0,50.33,30.2,20.13,Normal,50.33,Normal
2026-09-22 00:00:00,Feeder_1,0.0,17.19,50,0.0,42.79,25.67,17.12,Normal,42.79,Normal
2026-09-22 01:00:00,Feeder_1,0.0,17.84,50,0.0,44.58,26.75,17.83,Normal,44.58,Normal
2026-09-22 02:00:00,Feeder_1,0.0,17.74,50,0.0,46.06,27.64,18.42,Normal,46.06,Normal
2026-09-22 03:00:00,Feeder_1,0.0,17.15,50,0.0,40.66,24.4,16.26,Normal,40.66,Normal
2026-09-22 04:00:00,Feeder_1,0.0,18.37,50,0.0,48.1,28.86,19.24,Normal,48.1,Normal
2026-09-22 05:00:00,Feeder_1,0.0,18.85,50,0.0,41.94,25.16,16.78,Normal,41.94,Normal
2026-09-22 06:00:00,Feeder_1,0.0,19.79,50,0.0,49.39,29.63,19.76,Normal,49.39,Normal
2026-09-22 07:00:00,Feeder_1,254.23,22.0,50,12.86,51.85,31.11,20.74,Normal,38.99,Normal
2026-09-22 08:00:00,Feeder_1,500.0,23.79,50,25.12,61.24,36.74,24.5,Normal,36.12,Normal
2026-09-22 09:00:00,Feeder_1,463.39,25.8,50,23.1,72.43,43.46,28.97,Normal,49.33,Normal
2026-09-22 10:00:00,Feeder_1,866.03,27.32,50,42.9,62.66,37.6,25.06,Normal,19.76,Normal
2026-09-22 11:00:00,Feeder_1,965.93,28.55,50,47.61,56.59,33.95,22.64,Normal,8.98,Normal
2026-09-22 12:00:00,Feeder_1,1000.0,30.55,50,48.89,48.33,29.0,19.33,Normal,-0.56,Normal
2026-09-22 13:00:00,Feeder_1,942.32,30.41,50,46.1,42.68,25.61,17.07,Normal,-3.42,Normal
2026-09-22 14:00:00,Feeder_1,842.49,31.15,50,41.09,45.76,27.46,18.3,Normal,4.67,Normal
2026-09-22 15:00:00,Feeder_1,638.95,31.36,50,31.13,42.93,25.76,17.17,Normal,11.8,Normal
2026-09-22 16:00:00,Feeder_1,498.72,29.76,50,24.46,39.38,23.63,15.75,Normal,14.92,Normal
2026-09-22 17:00:00,Feeder_1,258.82,29.24,50,12.72,50.11,30.07,20.04,Normal,37.39,Normal
2026-09-22 18:00:00,Feeder_1,0.0,27.71,50,0.0,57.06,34.24,22.82,Normal,57.06,Normal
2026-09-22 19:00:00,Feeder_1,0.0,26.13,50,0.0,69.49,41.69,27.8,Normal,69.49,Normal
2026-09-22 20:00:00,Feeder_1,0.0,23.46,50,0.0,79.17,47.5,31.67,Normal,79.17,Normal
2026-09-22 21:00:00,Feeder_1,0.0,21.54,50,0.0,75.54,45.32,30.22,Normal,75.54,Normal
2026-09-22 22:00:00,Feeder_1,0.0,20.18,50,0.0,61.47,36.88,24.59,Normal,61.47,Normal
2026-09-22 23:00:00,Feeder_1,0.0,18.64,50,0.0,50.96,30.58,20.38,Normal,50.96,Normal
2026-09-23 00:00:00,Feeder_1,0.0,18.22,50,0.0,43.44,26.06,17.38,Normal,43.44,Normal
2026-09-23 01:00:00,Feeder_1,0.0,16.91,50,0.0,43.22,25.93,17.29,Normal,43.22,Normal
2026-09-23 02:00:00,Feeder_1,0.0,15.83,50,0.0,44.1,26.46,17.64,Normal,44.1,Normal
2026-09-23 03:00:00,Feeder_1,0.0,16.29,50,0.0,40.54,24.32,16.22,Normal,40.54,Normal
2026-09-23 04:00:00,Feeder_1,0.0,18.76,50,0.0,43.44,26.06,17.38,Normal,43.44,Normal
2026-09-23 05:00:00,Feeder_1,0.0,18.98,50,0.0,48.17,28.9,19.27,Normal,48.17,Normal
2026-09-23 06:00:00,Feeder_1,0.0,20.18,50,0.0,47.37,28.42,18.95,Normal,47.37,Normal
2026-09-23 07:00:00,Feeder_1,229.21,22.24,50,11.59,59.9,35.94,23.96,Normal,48.31,Normal
2026-09-23 08:00:00,Feeder_1,500.0,23.9,50,25.11,63.43,38.06,25.37,Normal,38.32,Normal
2026-09-23 09:00:00,Feeder_1,574.47,26.16,50,28.59,67.81,40.69,27.12,Normal,39.22,Normal
2026-09-23 10:00:00,Feeder_1,847.27,28.78,50,41.72,64.91,38.95,25.96,Normal,23.19,Normal
2026-09-23 11:00:00,Feeder_1,878.78,28.78,50,43.27,58.71,35.23,23.48,Normal,15.44,Normal
2026-09-23 12:00:00,Feeder_1,1000.0,29.49,50,49.1,50.88,30.53,20.35,Normal,1.78,Normal
2026-09-23 13:00:00,Feeder_1,888.48,31.51,50,43.27,47.45,28.47,18.98,Normal,4.18,Normal
2026-09-23 14:00:00,Feeder_1,819.54,31.51,50,39.91,43.64,26.18,17.46,Normal,3.73,Normal
2026-09-23 15:00:00,Feeder_1,707.11,30.96,50,34.51,41.49,24.89,16.6,Normal,6.98,Normal
2026-09-23 16:00:00,Feeder_1,461.39,30.47,50,22.56,44.6,26.76,17.84,Normal,22.04,Normal
2026-09-23 17:00:00,Feeder_1,246.28,28.57,50,12.14,51.87,31.12,20.75,Normal,39.73,Normal
2026-09-23 18:00:00,Feeder_1,0.0,27.07,50,0.0,61.03,36.62,24.41,Normal,61.03,Normal
2026-09-23 19:00:00,Feeder_1,0.0,25.78,50,0.0,73.76,44.26,29.5,Normal,73.76,Normal
2026-09-23 20:00:00,Feeder_1,0.0,24.17,50,0.0,77.53,46.52,31.01,Normal,77.53,Normal
2026-09-23 21:00:00,Feeder_1,0.0,22.66,50,0.0,79.1,47.46,31.64,Normal,79.1,Normal
2026-09-23 22:00:00,Feeder_1,0.0,20.63,50,0.0,61.46,36.88,24.58,Normal,61.46,Normal
2026-09-23 23:00:00,Feeder_1,0.0,19.19,50,0.0,50.07,30.04,20.03,Normal,50.07,Normal
2026-09-24 00:00:00,Feeder_1,0.0,18.46,50,0.0,40.48,24.29,16.19,Normal,40.48,Normal
2026-09-24 01:00:00,Feeder_1,0.0,17.77,50,0.0,42.71,25.63,17.08,Normal,42.71,Normal
2026-09-24 02:00:00,Feeder_1,0.0,16.76,50,0.0,46.25,27.75,18.5,Normal,46.25,Normal
2026-09-24 03:00:00,Feeder_1,0.0,16.84,50,0.0,41.8,25.08,16.72,Normal,41.8,Normal
2026-09-24 04:00:00,Feeder_1,0.0,18.16,50,0.0,42.79,25.67,17.12,Normal,42.79,Normal
2026-09-24 05:00:00,Feeder_1,0.0,18.89,50,0.0,42.43,25.46,16.97,Normal,42.43,Normal
2026-09-24 06:00:00,Feeder_1,0.0,20.37,50,0.0,51.62,30.97,20.65,Normal,51.62,Normal
2026-09-24 07:00:00,Feeder_1,258.82,22.59,50,13.07,54.76,32.86,21.9,Normal,41.69,Normal
2026-09-24 08:00:00,Feeder_1,500.0,23.99,50,25.1,61.9,37.14,24.76,Normal,36.8,Normal
2026-09-24 09:00:00,Feeder_1,707.11,25.34,50,35.31,70.97,42.58,28.39,Normal,35.66,Normal
2026-09-24 10:00:00,Feeder_1,817.74,27.58,50,40.47,64.87,38.92,25.95,Normal,24.4,Normal
2026-09-24 11:00:00,Feeder_1,935.92,29.18,50,46.01,54.65,32.79,21.86,Normal,8.64,Normal
2026-09-24 12:00:00,Feeder_1,1000.0,29.52,50,49.1,48.9,29.34,19.56,Normal,-0.2,Normal
2026-09-24 13:00:00,Feeder_1,965.93,30.36,50,47.26,43.05,25.83,17.22,Normal,-4.21,Normal
2026-09-24 14:00:00,Feeder_1,866.03,31.07,50,42.25,44.35,26.61,17.74,Normal,2.1,Normal
2026-09-24 15:00:00,Feeder_1,707.11,31.02,50,34.5,46.38,27.83,18.55,Normal,11.88,Normal
2026-09-24 16:00:00,Feeder_1,500.0,29.97,50,24.5,47.12,28.27,18.85,Normal,22.62,Normal
2026-09-24 17:00:00,Feeder_1,258.82,28.9,50,12.74,48.37,29.02,19.35,Normal,35.63,Normal
2026-09-24 18:00:00,Feeder_1,0.0,27.45,50,0.0,55.54,33.32,22.22,Normal,55.54,Normal
2026-09-24 19:00:00,Feeder_1,0.0,25.6,50,0.0,72.4,43.44,28.96,Normal,72.4,Normal
2026-09-24 20:00:00,Feeder_1,0.0,24.08,50,0.0,79.77,47.86,31.91,Normal,79.77,Normal
2026-09-24 21:00:00,Feeder_1,0.0,22.39,50,0.0,71.98,43.19,28.79,Normal,71.98,Normal
2026-09-24 22:00:00,Feeder_1,0.0,20.75,50,0.0,58.63,35.18,23.45,Normal,58.63,Normal
2026-09-24 23:00:00,Feeder_1,0.0,18.84,50,0.0,52.83,31.7,21.13,Normal,52.83,Normal
2026-09-25 00:00:00,Feeder_1,0.0,18.67,50,0.0,42.44,25.46,16.98,Normal,42.44,Normal
2026-09-25 01:00:00,Feeder_1,0.0,17.23,50,0.0,42.24,25.34,16.9,Normal,42.24,Normal
2026-09-25 02:00:00,Feeder_1,0.0,16.35,50,0.0,40.37,24.22,16.15,Normal,40.37,Normal
2026-09-25 03:00:00,Feeder_1,0.0,17.62,50,0.0,47.34,28.4,18.94,Normal,47.34,Normal
2026-09-25 04:00:00,Feeder_1,0.0,17.87,50,0.0,43.56,26.14,17.42,Normal,43.56,Normal
2026-09-25 05:00:00,Feeder_1,0.0,18.68,50,0.0,45.33,27.2,18.13,Normal,45.33,Normal
2026-09-25 06:00:00,Feeder_1,0.0,20.7,50,0.0,49.05,29.43,19.62,Normal,49.05,Normal
2026-09-25 07:00:00,Feeder_1,258.82,21.11,50,13.14,57.53,34.52,23.01,Normal,44.39,Normal
2026-09-25 08:00:00,Feeder_1,460.76,23.27,50,23.2,65.44,39.26,26.18,Normal,42.24,Normal
2026-09-25 09:00:00,Feeder_1,707.11,25.76,50,35.25,70.38,42.23,28.15,Normal,35.13,Normal
2026-09-25 10:00:00,Feeder_1,866.03,28.03,50,42.78,68.26,40.96,27.3,Normal,25.48,Normal
2026-09-25 11:00:00,Feeder_1,965.93,28.98,50,47.53,51.83,31.1,20.73,Normal,4.3,Normal
2026-09-25 12:00:00,Feeder_1,970.47,29.72,50,47.61,54.01,32.41,21.6,Normal,6.4,Normal
2026-09-25 13:00:00,Feeder_1,945.54,30.81,50,46.18,46.13,27.68,18.45,Normal,-0.05,Normal
2026-09-25 14:00:00,Feeder_1,866.03,31.68,50,42.14,41.92,25.15,16.77,Normal,-0.22,Normal
2026-09-25 15:00:00,Feeder_1,707.11,30.46,50,34.58,40.3,24.18,16.12,Normal,5.72,Normal
2026-09-25 16:00:00,Feeder_1,463.29,30.05,50,22.7,44.37,26.62,17.75,Normal,21.67,Normal
2026-09-25 17:00:00,Feeder_1,237.31,28.39,50,11.7,50.6,30.36,20.24,Normal,38.9,Normal
2026-09-25 18:00:00,Feeder_1,0.0,27.8,50,0.0,61.18,36.71,24.47,Normal,61.18,Normal
2026-09-25 19:00:00,Feeder_1,0.0,25.69,50,0.0,70.75,42.45,28.3,Normal,70.75,Normal
2026-09-25 20:00:00,Feeder_1,0.0,24.54,50,0.0,73.31,43.99,29.32,Normal,73.31,Normal
2026-09-25 21:00:00,Feeder_1,0.0,22.12,50,0.0,74.31,44.59,29.72,Normal,74.31,Normal
2026-09-25 22:00:00,Feeder_1,0.0,20.2,50,0.0,60.17,36.1,24.07,Normal,60.17,Normal
2026-09-25 23:00:00,Feeder_1,0.0,19.48,50,0.0,50.86,30.52,20.34,Normal,50.86,Normal
2026-09-26 00:00:00,Feeder_1,0.0,17.91,50,0.0,41.23,24.74,16.49,Normal,41.23,Normal
2026-09-26 01:00:00,Feeder_1,0.0,16.52,50,0.0,39.04,23.42,15.62,Normal,39.04,Normal
2026-09-26 02:00:00,Feeder_1,0.0,17.2,50,0.0,39.05,23.43,15.62,Normal,39.05,Normal
2026-09-26 03:00:00,Feeder_1,0.0,17.05,50,0.0,43.43,26.06,17.37,Normal,43.43,Normal
2026-09-26 04:00:00,Feeder_1,0.0,18.3,50,0.0,42.72,25.63,17.09,Normal,42.72,Normal
2026-09-26 05:00:00,Feeder_1,0.0,18.19,50,0.0,42.94,25.76,17.18,Normal,42.94,Normal
2026-09-26 06:00:00,Feeder_1,0.0,20.11,50,0.0,48.25,28.95,19.3,Normal,48.25,Normal
2026-09-26 07:00:00,Feeder_1,258.82,22.1,50,13.09,54.21,32.53,21.68,Normal,41.12,Normal
2026-09-26 08:00:00,Feeder_1,500.0,24.18,50,25.08,61.44,36.86,24.58,Normal,36.36,Normal
2026-09-26 09:00:00,Feeder_1,707.11,25.77,50,35.25,68.05,40.83,27.22,Normal,32.8,Normal
2026-09-26 10:00:00,Feeder_1,866.03,27.59,50,42.85,66.54,39.92,26.62,Normal,23.69,Normal
2026-09-26 11:00:00,Feeder_1,965.93,28.7,50,47.58,56.74,34.04,22.7,Normal,9.16,Normal
2026-09-26 12:00:00,Feeder_1,862.75,30.11,50,42.26,48.5,29.1,19.4,Normal,6.24,Normal
2026-09-26 13:00:00,Feeder_1,941.8,30.71,50,46.01,40.04,24.02,16.02,Normal,-5.97,Normal
2026-09-26 14:00:00,Feeder_1,809.0,31.04,50,39.47,43.87,26.32,17.55,Normal,4.4,Normal
2026-09-26 15:00:00,Feeder_1,619.91,31.27,50,30.22,41.44,24.86,16.58,Normal,11.22,Normal
2026-09-26 16:00:00,Feeder_1,500.0,30.23,50,24.48,43.82,26.29,17.53,Normal,19.34,Normal
2026-09-26 17:00:00,Feeder_1,258.82,28.47,50,12.76,53.11,31.87,21.24,Normal,40.35,Normal
2026-09-26 18:00:00,Feeder_1,0.0,27.23,50,0.0,64.45,38.67,25.78,Normal,64.45,Normal
2026-09-26 19:00:00,Feeder_1,0.0,25.93,50,0.0,73.28,43.97,29.31,Normal,73.28,Normal
2026-09-26 20:00:00,Feeder_1,0.0,24.32,50,0.0,79.98,47.99,31.99,Normal,79.98,Normal
2026-09-26 21:00:00,Feeder_1,0.0,22.71,50,0.0,68.47,41.08,27.39,Normal,68.47,Normal
2026-09-26 22:00:00,Feeder_1,0.0,20.95,50,0.0,58.24,34.94,23.3,Normal,58.24,Normal
2026-09-26 23:00:00,Feeder_1,0.0,18.61,50,0.0,50.27,30.16,20.11,Normal,50.27,Normal
2026-09-27 00:00:00,Feeder_1,0.0,18.25,50,0.0,46.28,27.77,18.51,Normal,46.28,Normal
2026-09-27 01:00:00,Feeder_1,0.0,17.01,50,0.0,42.48,25.49,16.99,Normal,42.48,Normal
2026-09-27 02:00:00,Feeder_1,0.0,16.68,50,0.0,45.42,27.25,18.17,Normal,45.42,Normal
2026-09-27 03:00:00,Feeder_1,0.0,16.74,50,0.0,41.58,24.95,16.63,Normal,41.58,Normal
2026-09-27 04:00:00,Feeder_1,0.0,18.05,50,0.0,41.36,24.82,16.54,Normal,41.36,Normal
2026-09-27 05:00:00,Feeder_1,0.0,18.86,50,0.0,44.7,26.82,17.88,Normal,44.7,Normal
2026-09-27 06:00:00,Feeder_1,0.0,20.5,50,0.0,47.49,28.49,19.0,Normal,47.49,Normal
2026-09-27 07:00:00,Feeder_1,255.41,22.15,50,12.92,54.91,32.95,21.96,Normal,41.99,Normal
2026-09-27 08:00:00,Feeder_1,484.47,24.64,50,24.26,65.56,39.34,26.22,Normal,41.3,Normal
2026-09-27 09:00:00,Feeder_1,682.03,26.09,50,33.95,67.17,40.3,26.87,Normal,33.22,Normal
2026-09-27 10:00:00,Feeder_1,866.03,27.65,50,42.84,63.89,38.33,25.56,Normal,21.05,Normal
2026-09-27 11:00:00,Feeder_1,965.93,28.32,50,47.66,53.02,31.81,21.21,Normal,5.36,Normal
2026-09-27 12:00:00,Feeder_1,856.73,30.12,50,41.96,52.91,31.75,21.16,Normal,10.95,Normal
2026-09-27 13:00:00,Feeder_1,965.93,31.02,50,47.13,46.0,27.6,18.4,Normal,-1.13,Normal
2026-09-27 14:00:00,Feeder_1,678.85,30.78,50,33.16,41.5,24.9,16.6,Normal,8.34,Normal
2026-09-27 15:00:00,Feeder_1,654.43,30.69,50,31.98,42.42,25.45,16.97,Normal,10.44,Normal
2026-09-27 16:00:00,Feeder_1,381.24,30.36,50,18.65,42.76,25.66,17.1,Normal,24.11,Normal
2026-09-27 17:00:00,Feeder_1,258.82,29.78,50,12.69,48.51,29.11,19.4,Normal,35.82,Normal
2026-09-27 18:00:00,Feeder_1,0.0,27.39,50,0.0,63.72,38.23,25.49,Normal,63.72,Normal
2026-09-27 19:00:00,Feeder_1,0.0,25.32,50,0.0,73.87,44.32,29.55,Normal,73.87,Normal
2026-09-27 20:00:00,Feeder_1,0.0,23.96,50,0.0,84.61,50.77,33.84,Normal,84.61,Normal
2026-09-27 21:00:00,Feeder_1,0.0,22.29,50,0.0,73.8,44.28,29.52,Normal,73.8,Normal
2026-09-27 22:00:00,Feeder_1,0.0,20.54,50,0.0,61.74,37.04,24.7,Normal,61.74,Normal
2026-09-27 23:00:00,Feeder_1,0.0,19.16,50,0.0,49.95,29.97,19.98,Normal,49.95,Normal
2026-09-28 00:00:00,Feeder_1,0.0,17.79,50,0.0,43.94,26.36,17.58,Normal,43.94,Normal
2026-09-28 01:00:00,Feeder_1,0.0,17.69,50,0.0,42.87,25.72,17.15,Normal,42.87,Normal
2026-09-28 02:00:00,Feeder_1,0.0,17.5,50,0.0,40.74,24.44,16.3,Normal,40.74,Normal
2026-09-28 03:00:00,Feeder_1,0.0,17.0,50,0.0,46.5,27.9,18.6,Normal,46.5,Normal
2026-09-28 04:00:00,Feeder_1,0.0,19.19,50,0.0,46.03,27.62,18.41,Normal,46.03,Normal
2026-09-28 05:00:00,Feeder_1,0.0,19.03,50,0.0,45.45,27.27,18.18,Normal,45.45,Normal
2026-09-28 06:00:00,Feeder_1,0.0,20.76,50,0.0,49.97,29.98,19.99,Normal,49.97,Normal
2026-09-28 07:00:00,Feeder_1,258.82,22.11,50,13.09,55.46,33.28,22.18,Normal,42.37,Normal
2026-09-28 08:00:00,Feeder_1,488.31,24.45,50,24.47,65.65,39.39,26.26,Normal,41.18,Normal
2026-09-28 09:00:00,Feeder_1,457.61,26.07,50,22.78,68.49,41.09,27.4,Normal,45.71,Normal
2026-09-28 10:00:00,Feeder_1,864.08,27.34,50,42.8,66.97,40.18,26.79,Normal,24.17,Normal
2026-09-28 11:00:00,Feeder_1,965.93,28.64,50,47.59,56.85,34.11,22.74,Normal,9.26,Normal
2026-09-28 12:00:00,Feeder_1,883.4,29.51,50,43.37,47.01,28.21,18.8,Normal,3.64,Normal
2026-09-28 13:00:00,Feeder_1,965.93,31.14,50,47.11,46.03,27.62,18.41,Normal,-1.08,Normal
2026-09-28 14:00:00,Feeder_1,866.03,31.21,50,42.23,41.87,25.12,16.75,Normal,-0.36,Normal
2026-09-28 15:00:00,Feeder_1,707.11,31.08,50,34.5,45.49,27.29,18.2,Normal,10.99,Normal
2026-09-28 16:00:00,Feeder_1,500.0,30.35,50,24.46,46.32,27.79,18.53,Normal,21.86,Normal
2026-09-28 17:00:00,Feeder_1,258.82,28.94,50,12.74,48.61,29.17,19.44,Normal,35.87,Normal
2026-09-28 18:00:00,Feeder_1,0.0,27.2,50,0.0,59.28,35.57,23.71,Normal,59.28,Normal
2026-09-28 19:00:00,Feeder_1,0.0,25.49,50,0.0,71.86,43.12,28.74,Normal,71.86,Normal
2026-09-28 20:00:00,Feeder_1,0.0,24.09,50,0.0,78.0,46.8,31.2,Normal,78.0,Normal
2026-09-28 21:00:00,Feeder_1,0.0,22.45,50,0.0,74.97,44.98,29.99,Normal,74.97,Normal
2026-09-28 22:00:00,Feeder_1,0.0,20.19,50,0.0,59.05,35.43,23.62,Normal,59.05,Normal
2026-09-28 23:00:00,Feeder_1,0.0,19.38,50,0.0,50.32,30.19,20.13,Normal,50.32,Normal
2026-09-29 00:00:00,Feeder_1,0.0,17.14,50,0.0,44.59,26.75,17.84,Normal,44.59,Normal
2026-09-29 01:00:00,Feeder_1,0.0,17.26,50,0.0,43.69,26.21,17.48,Normal,43.69,Normal
2026-09-29 02:00:00,Feeder_1,0.0,16.48,50,0.0,35.46,21.28,14.18,Normal,35.46,Normal
2026-09-29 03:00:00,Feeder_1,0.0,17.96,50,0.0,46.16,27.7,18.46,Normal,46.16,Normal
2026-09-29 04:00:00,Feeder_1,0.0,17.74,50,0.0,45.41,27.25,18.16,Normal,45.41,Normal
2026-09-29 05:00:00,Feeder_1,0.0,19.24,50,0.0,46.0,27.6,18.4,Normal,46.0,Normal
2026-09-29 06:00:00,Feeder_1,0.0,21.6,50,0.0,49.56,29.74,19.82,Normal,49.56,Normal
2026-09-29 07:00:00,Feeder_1,243.01,22.18,50,12.29,51.41,30.85,20.56,Normal,39.12,Normal
2026-09-29 08:00:00,Feeder_1,458.32,23.84,50,23.02,62.85,37.71,25.14,Normal,39.83,Normal
2026-09-29 09:00:00,Feeder_1,707.11,25.48,50,35.29,70.8,42.48,28.32,Normal,35.51,Normal
2026-09-29 10:00:00,Feeder_1,866.03,27.5,50,42.87,63.34,38.0,25.34,Normal,20.47,Normal
2026-09-29 11:00:00,Feeder_1,965.93,29.28,50,47.47,53.67,32.2,21.47,Normal,6.2,Normal
2026-09-29 12:00:00,Feeder_1,921.03,29.94,50,45.14,45.21,27.13,18.08,Normal,0.07,Normal
2026-09-29 13:00:00,Feeder_1,870.96,30.57,50,42.58,46.93,28.16,18.77,Normal,4.35,Normal
2026-09-29 14:00:00,Feeder_1,866.03,31.08,50,42.25,45.6,27.36,18.24,Normal,3.35,Normal
2026-09-29 15:00:00,Feeder_1,695.45,30.92,50,33.95,43.35,26.01,17.34,Normal,9.4,Normal
2026-09-29 16:00:00,Feeder_1,500.0,29.83,50,24.52,39.34,23.6,15.74,Normal,14.82,Normal
2026-09-29 17:00:00,Feeder_1,254.65,29.52,50,12.5,53.13,31.88,21.25,Normal,40.63,Normal
2026-09-29 18:00:00,Feeder_1,0.0,27.99,50,0.0,61.19,36.71,24.48,Normal,61.19,Normal
2026-09-29 19:00:00,Feeder_1,0.0,25.56,50,0.0,71.84,43.1,28.74,Normal,71.84,Normal
2026-09-29 20:00:00,Feeder_1,0.0,24.48,50,0.0,77.65,46.59,31.06,Normal,77.65,Normal
2026-09-29 21:00:00,Feeder_1,0.0,22.19,50,0.0,74.13,44.48,29.65,Normal,74.13,Normal
2026-09-29 22:00:00,Feeder_1,0.0,19.58,50,0.0,59.59,35.75,23.84,Normal,59.59,Normal
2026-09-29 23:00:00,Feeder_1,0.0,18.85,50,0.0,50.44,30.26,20.18,Normal,50.44,Normal
2026-09-30 00:00:00,Feeder_1,0.0,18.52,50,0.0,43.82,26.29,17.53,Normal,43.82,Normal
2026-09-30 01:00:00,Feeder_1,0.0,17.49,50,0.0,40.15,24.09,16.06,Normal,40.15,Normal
2026-09-30 02:00:00,Feeder_1,0.0,16.97,50,0.0,44.68,26.81,17.87,Normal,44.68,Normal
2026-09-30 03:00:00,Feeder_1,0.0,16.62,50,0.0,45.11,27.07,18.04,Normal,45.11,Normal
2026-09-30 04:00:00,Feeder_1,0.0,17.58,50,0.0,41.21,24.73,16.48,Normal,41.21,Normal
2026-09-30 05:00:00,Feeder_1,0.0,18.57,50,0.0,48.84,29.3,19.54,Normal,48.84,Normal
2026-09-30 06:00:00,Feeder_1,0.0,20.76,50,0.0,47.76,28.66,19.1,Normal,47.76,Normal
2026-09-30 07:00:00,Feeder_1,258.82,21.97,50,13.1,55.43,33.26,22.17,Normal,42.33,Normal
2026-09-30 08:00:00,Feeder_1,500.0,23.6,50,25.14,66.01,39.61,26.4,Normal,40.87,Normal
2026-09-30 09:00:00,Feeder_1,663.56,25.72,50,33.08,65.51,39.31,26.2,Normal,32.43,Normal
2026-09-30 10:00:00,Feeder_1,599.74,27.42,50,29.7,70.19,42.11,28.08,Normal,40.49,Normal
2026-09-30 11:00:00,Feeder_1,965.93,28.94,50,47.54,55.18,33.11,22.07,Normal,7.64,Normal
2026-09-30 12:00:00,Feeder_1,1000.0,30.28,50,48.94,45.63,27.38,18.25,Normal,-3.31,Normal
2026-09-30 13:00:00,Feeder_1,965.93,31.05,50,47.13,46.54,27.92,18.62,Normal,-0.59,Normal
2026-09-30 14:00:00,Feeder_1,866.03,31.01,50,42.26,45.16,27.1,18.06,Normal,2.9,Normal
2026-09-30 15:00:00,Feeder_1,707.11,30.62,50,34.56,42.17,25.3,16.87,Normal,7.61,Normal
2026-09-30 16:00:00,Feeder_1,500.0,30.68,50,24.43,42.34,25.4,16.94,Normal,17.91,Normal
2026-09-30 17:00:00,Feeder_1,213.24,29.02,50,10.49,50.94,30.56,20.38,Normal,40.45,Normal
2026-09-30 18:00:00,Feeder_1,0.0,27.6,50,0.0,60.41,36.25,24.16,Normal,60.41,Normal
2026-09-30 19:00:00,Feeder_1,0.0,25.17,50,0.0,70.56,42.34,28.22,Normal,70.56,Normal
2026-09-30 20:00:00,Feeder_1,0.0,23.34,50,0.0,77.56,46.54,31.02,Normal,77.56,Normal
2026-09-30 21:00:00,Feeder_1,0.0,22.2,50,0.0,73.2,43.92,29.28,Normal,73.2,Normal
2026-09-30 22:00:00,Feeder_1,0.0,20.25,50,0.0,60.03,36.02,24.01,Normal,60.03,Normal
2026-09-30 23:00:00,Feeder_1,0.0,19.56,50,0.0,52.2,31.32,20.88,Normal,52.2,Normal
2026-09-01 00:00:00,Feeder_2,0.0,18.04,60,0.0,52.25,31.35,20.9,Normal,52.25,Normal
2026-09-01 01:00:00,Feeder_2,0.0,17.87,60,0.0,48.46,29.08,19.38,Normal,48.46,Normal
2026-09-01 02:00:00,Feeder_2,0.0,16.5,60,0.0,50.42,30.25,20.17,Normal,50.42,Normal
2026-09-01 03:00:00,Feeder_2,0.0,17.63,60,0.0,50.87,30.52,20.35,Normal,50.87,Normal
2026-09-01 04:00:00,Feeder_2,0.0,18.0,60,0.0,49.3,29.58,19.72,Normal,49.3,Normal
2026-09-01 05:00:00,Feeder_2,0.0,18.41,60,0.0,53.2,31.92,21.28,Normal,53.2,Normal
2026-09-01 06:00:00,Feeder_2,0.0,20.5,60,0.0,56.1,33.66,22.44,Normal,56.1,Normal
2026-09-01 07:00:00,Feeder_2,247.72,22.12,60,15.03,67.27,40.36,26.91,Normal,52.24,Normal
2026-09-01 08:00:00,Feeder_2,367.29,24.61,60,22.07,68.6,41.16,27.44,Normal,46.53,Normal
2026-09-01 09:00:00,Feeder_2,684.48,25.64,60,40.96,77.47,46.48,30.99,Normal,36.51,Normal
2026-09-01 10:00:00,Feeder_2,699.94,27.68,60,41.55,77.22,46.33,30.89,Normal,35.67,Normal
2026-09-01 11:00:00,Feeder_2,807.92,29.03,60,47.69,62.18,37.31,24.87,Normal,14.49,Normal
2026-09-01 12:00:00,Feeder_2,1000.0,30.07,60,58.78,54.98,32.99,21.99,Normal,-3.8,Normal
2026-09-01 13:00:00,Feeder_2,965.93,31.48,60,56.45,52.27,31.36,20.91,Normal,-4.18,Normal
2026-09-01 14:00:00,Feeder_2,866.03,30.48,60,50.82,49.08,29.45,19.63,Normal,-1.74,Normal
2026-09-01 15:00:00,Feeder_2,707.11,31.36,60,41.35,52.49,31.49,21.0,Normal,11.14,Normal
2026-09-01 16:00:00,Feeder_2,481.22,30.06,60,28.29,50.31,30.19,20.12,Normal,22.02,Normal
2026-09-01 17:00:00,Feeder_2,258.82,29.3,60,15.26,57.68,34.61,23.07,Normal,42.42,Normal
2026-09-01 18:00:00,Feeder_2,0.0,27.61,60,0.0,67.88,40.73,27.15,Normal,67.88,Normal
2026-09-01 19:00:00,Feeder_2,0.0,26.65,60,0.0,80.01,48.01,32.0,Normal,80.01,Normal
2026-09-01 20:00:00,Feeder_2,0.0,23.74,60,0.0,87.86,52.72,35.14,Normal,87.86,Normal
2026-09-01 21:00:00,Feeder_2,0.0,21.93,60,0.0,83.93,50.36,33.57,Normal,83.93,Normal
2026-09-01 22:00:00,Feeder_2,0.0,20.26,60,0.0,64.3,38.58,25.72,Normal,64.3,Normal
2026-09-01 23:00:00,Feeder_2,0.0,18.78,60,0.0,60.79,36.47,24.32,Normal,60.79,Normal
2026-09-02 00:00:00,Feeder_2,0.0,18.29,60,0.0,47.97,28.78,19.19,Normal,47.97,Normal
2026-09-02 01:00:00,Feeder_2,0.0,17.24,60,0.0,48.62,29.17,19.45,Normal,48.62,Normal
2026-09-02 02:00:00,Feeder_2,0.0,17.27,60,0.0,51.27,30.76,20.51,Normal,51.27,Normal
2026-09-02 03:00:00,Feeder_2,0.0,18.03,60,0.0,47.15,28.29,18.86,Normal,47.15,Normal
2026-09-02 04:00:00,Feeder_2,0.0,17.98,60,0.0,49.14,29.48,19.66,Normal,49.14,Normal
2026-09-02 05:00:00,Feeder_2,0.0,18.97,60,0.0,55.04,33.02,22.02,Normal,55.04,Normal
2026-09-02 06:00:00,Feeder_2,0.0,21.1,60,0.0,52.95,31.77,21.18,Normal,52.95,Normal
2026-09-02 07:00:00,Feeder_2,258.44,21.69,60,15.71,64.74,38.84,25.9,Normal,49.03,Normal
2026-09-02 08:00:00,Feeder_2,500.0,23.83,60,30.14,65.65,39.39,26.26,Normal,35.51,Normal
2026-09-02 09:00:00,Feeder_2,707.11,25.99,60,42.26,77.01,46.21,30.8,Normal,34.75,Normal
2026-09-02 10:00:00,Feeder_2,866.03,27.07,60,51.53,73.86,44.32,29.54,Normal,22.33,Normal
2026-09-02 11:00:00,Feeder_2,965.93,28.24,60,57.2,64.63,38.78,25.85,Normal,7.43,Normal
2026-09-02 12:00:00,Feeder_2,939.5,30.03,60,55.24,57.45,34.47,22.98,Normal,2.21,Normal
2026-09-02 13:00:00,Feeder_2,909.45,30.49,60,53.37,52.83,31.7,21.13,Normal,-0.54,Normal
2026-09-02 14:00:00,Feeder_2,753.04,30.57,60,44.18,53.17,31.9,21.27,Normal,8.99,Normal
2026-09-02 15:00:00,Feeder_2,609.63,31.03,60,35.7,52.76,31.66,21.1,Normal,17.06,Normal
2026-09-02 16:00:00,Feeder_2,396.45,29.79,60,23.33,56.42,33.85,22.57,Normal,33.09,Normal
2026-09-02 17:00:00,Feeder_2,228.35,28.76,60,13.49,59.97,35.98,23.99,Normal,46.48,Normal
2026-09-02 18:00:00,Feeder_2,0.0,27.4,60,0.0,67.48,40.49,26.99,Normal,67.48,Normal
2026-09-02 19:00:00,Feeder_2,0.0,26.51,60,0.0,83.07,49.84,33.23,Normal,83.07,Normal
2026-09-02 20:00:00,Feeder_2,0.0,23.68,60,0.0,83.92,50.35,33.57,Normal,83.92,Normal
2026-09-02 21:00:00,Feeder_2,0.0,22.36,60,0.0,84.13,50.48,33.65,Normal,84.13,Normal
2026-09-02 22:00:00,Feeder_2,0.0,19.9,60,0.0,71.6,42.96,28.64,Normal,71.6,Normal
2026-09-02 23:00:00,Feeder_2,0.0,18.9,60,0.0,59.44,35.66,23.78,Normal,59.44,Normal
2026-09-03 00:00:00,Feeder_2,0.0,19.18,60,0.0,52.52,31.51,21.01,Normal,52.52,Normal
2026-09-03 01:00:00,Feeder_2,0.0,17.45,60,0.0,53.22,31.93,21.29,Normal,53.22,Normal
2026-09-03 02:00:00,Feeder_2,0.0,17.72,60,0.0,51.58,30.95,20.63,Normal,51.58,Normal
2026-09-03 03:00:00,Feeder_2,0.0,17.5,60,0.0,52.12,31.27,20.85,Normal,52.12,Normal
2026-09-03 04:00:00,Feeder_2,0.0,17.69,60,0.0,49.99,29.99,20.0,Normal,49.99,Normal
2026-09-03 05:00:00,Feeder_2,0.0,19.23,60,0.0,54.68,32.81,21.87,Normal,54.68,Normal
2026-09-03 06:00:00,Feeder_2,0.0,21.17,60,0.0,56.56,33.94,22.62,Normal,56.56,Normal
2026-09-03 07:00:00,Feeder_2,258.82,21.75,60,15.73,62.87,37.72,25.15,Normal,47.14,Normal
2026-09-03 08:00:00,Feeder_2,500.0,24.34,60,30.08,71.43,42.86,28.57,Normal,41.35,Normal
2026-09-03 09:00:00,Feeder_2,701.03,25.2,60,42.03,75.11,45.07,30.04,Normal,33.08,Normal
2026-09-03 10:00:00,Feeder_2,866.03,27.73,60,51.39,73.41,44.05,29.36,Normal,22.02,Normal
2026-09-03 11:00:00,Feeder_2,965.93,28.95,60,57.04,62.18,37.31,24.87,Normal,5.14,Normal
2026-09-03 12:00:00,Feeder_2,1000.0,30.23,60,58.74,57.81,34.69,23.12,Normal,-0.93,Normal
2026-09-03 13:00:00,Feeder_2,904.95,29.9,60,53.23,55.49,33.29,22.2,Normal,2.26,Normal
2026-09-03 14:00:00,Feeder_2,816.26,30.65,60,47.87,53.21,31.93,21.28,Normal,5.34,Normal
2026-09-03 15:00:00,Feeder_2,673.84,31.19,60,39.43,53.15,31.89,21.26,Normal,13.72,Normal
2026-09-03 16:00:00,Feeder_2,500.0,29.52,60,29.46,56.47,33.88,22.59,Normal,27.01,Normal
2026-09-03 17:00:00,Feeder_2,258.82,28.8,60,15.29,59.17,35.5,23.67,Normal,43.88,Normal
2026-09-03 18:00:00,Feeder_2,0.0,27.66,60,0.0,66.4,39.84,26.56,Normal,66.4,Normal
2026-09-03 19:00:00,Feeder_2,0.0,25.2,60,0.0,83.41,50.05,33.36,Normal,83.41,Normal
2026-09-03 20:00:00,Feeder_2,0.0,24.61,60,0.0,84.66,50.8,33.86,Normal,84.66,Normal
2026-09-03 21:00:00,Feeder_2,0.0,21.74,60,0.0,83.72,50.23,33.49,Normal,83.72,Normal
2026-09-03 22:00:00,Feeder_2,0.0,20.28,60,0.0,69.37,41.62,27.75,Normal,69.37,Normal
2026-09-03 23:00:00,Feeder_2,0.0,19.5,60,0.0,62.43,37.46,24.97,Normal,62.43,Normal
2026-09-04 00:00:00,Feeder_2,0.0,17.41,60,0.0,49.97,29.98,19.99,Normal,49.97,Normal
2026-09-04 01:00:00,Feeder_2,0.0,16.85,60,0.0,48.61,29.17,19.44,Normal,48.61,Normal
2026-09-04 02:00:00,Feeder_2,0.0,16.98,60,0.0,51.09,30.65,20.44,Normal,51.09,Normal
2026-09-04 03:00:00,Feeder_2,0.0,17.15,60,0.0,48.75,29.25,19.5,Normal,48.75,Normal
2026-09-04 04:00:00,Feeder_2,0.0,18.35,60,0.0,46.77,28.06,18.71,Normal,46.77,Normal
2026-09-04 05:00:00,Feeder_2,0.0,18.45,60,0.0,51.11,30.67,20.44,Normal,51.11,Normal
2026-09-04 06:00:00,Feeder_2,0.0,19.92,60,0.0,54.27,32.56,21.71,Normal,54.27,Normal
2026-09-04 07:00:00,Feeder_2,227.64,22.27,60,13.81,64.01,38.41,25.6,Normal,50.2,Normal
2026-09-04 08:00:00,Feeder_2,456.7,24.07,60,27.5,70.8,42.48,28.32,Normal,43.3,Normal
2026-09-04 09:00:00,Feeder_2,684.06,26.48,60,40.8,79.35,47.61,31.74,Normal,38.55,Normal
2026-09-04 10:00:00,Feeder_2,730.97,27.83,60,43.36,74.19,44.51,29.68,Normal,30.83,Normal
2026-09-04 11:00:00,Feeder_2,832.83,29.28,60,49.11,67.68,40.61,27.07,Normal,18.57,Normal
2026-09-04 12:00:00,Feeder_2,865.29,29.7,60,50.94,59.12,35.47,23.65,Normal,8.18,Normal
2026-09-04 13:00:00,Feeder_2,965.93,30.98,60,56.57,53.6,32.16,21.44,Normal,-2.97,Normal
2026-09-04 14:00:00,Feeder_2,866.03,30.47,60,50.82,54.09,32.45,21.64,Normal,3.27,Normal
2026-09-04 15:00:00,Feeder_2,707.11,30.67,60,41.46,51.5,30.9,20.6,Normal,10.04,Normal
2026-09-04 16:00:00,Feeder_2,408.13,30.27,60,23.97,54.87,32.92,21.95,Normal,30.9,Normal
2026-09-04 17:00:00,Feeder_2,256.89,29.4,60,15.14,57.97,34.78,23.19,Normal,42.83,Normal
2026-09-04 18:00:00,Feeder_2,0.0,27.09,60,0.0,68.91,41.35,27.56,Normal,68.91,Normal
2026-09-04 19:00:00,Feeder_2,0.0,25.9,60,0.0,79.7,47.82,31.88,Normal,79.7,Normal
2026-09-04 20:00:00,Feeder_2,0.0,24.33,60,0.0,84.91,50.95,33.96,Normal,84.91,Normal
2026-09-04 21:00:00,Feeder_2,0.0,22.89,60,0.0,84.08,50.45,33.63,Normal,84.08,Normal
2026-09-04 22:00:00,Feeder_2,0.0,20.78,60,0.0,67.71,40.63,27.08,Normal,67.71,Normal
2026-09-04 23:00:00,Feeder_2,0.0,19.17,60,0.0,58.22,34.93,23.29,Normal,58.22,Normal
2026-09-05 00:00:00,Feeder_2,0.0,17.66,60,0.0,48.71,29.23,19.48,Normal,48.71,Normal
2026-09-05 01:00:00,Feeder_2,0.0,17.21,60,0.0,49.21,29.53,19.68,Normal,49.21,Normal
2026-09-05 02:00:00,Feeder_2,0.0,17.59,60,0.0,49.56,29.74,19.82,Normal,49.56,Normal
2026-09-05 03:00:00,Feeder_2,0.0,17.44,60,0.0,52.24,31.34,20.9,Normal,52.24,Normal
2026-09-05 04:00:00,Feeder_2,0.0,18.23,60,0.0,52.59,31.55,21.04,Normal,52.59,Normal
2026-09-05 05:00:00,Feeder_2,0.0,19.4,60,0.0,54.96,32.98,21.98,Normal,54.96,Normal
2026-09-05 06:00:00,Feeder_2,0.0,20.52,60,0.0,58.29,34.97,23.32,Normal,58.29,Normal
2026-09-05 07:00:00,Feeder_2,252.32,22.62,60,15.28,69.75,41.85,27.9,Normal,54.47,Normal
2026-09-05 08:00:00,Feeder_2,452.84,23.45,60,27.34,72.92,43.75,29.17,Normal,45.58,Normal
2026-09-05 09:00:00,Feeder_2,707.11,25.72,60,42.3,79.63,47.78,31.85,Normal,37.33,Normal
2026-09-05 10:00:00,Feeder_2,726.91,27.78,60,43.13,70.65,42.39,28.26,Normal,27.52,Normal
2026-09-05 11:00:00,Feeder_2,965.93,29.75,60,56.85,61.92,37.15,24.77,Normal,5.07,Normal
2026-09-05 12:00:00,Feeder_2,934.05,30.41,60,54.83,55.61,33.37,22.24,Normal,0.78,Normal
2026-09-05 13:00:00,Feeder_2,960.66,30.77,60,56.31,47.95,28.77,19.18,Normal,-8.36,Normal
2026-09-05 14:00:00,Feeder_2,864.59,30.72,60,50.69,50.24,30.14,20.1,Normal,-0.45,Normal
2026-09-05 15:00:00,Feeder_2,707.11,30.26,60,41.53,53.64,32.18,21.46,Normal,12.11,Normal
2026-09-05 16:00:00,Feeder_2,483.26,29.95,60,28.42,55.41,33.25,22.16,Normal,26.99,Normal
2026-09-05 17:00:00,Feeder_2,258.82,29.18,60,15.27,61.23,36.74,24.49,Normal,45.96,Normal
2026-09-05 18:00:00,Feeder_2,0.0,27.26,60,0.0,66.26,39.76,26.5,Normal,66.26,Normal
2026-09-05 19:00:00,Feeder_2,0.0,26.99,60,0.0,83.74,50.24,33.5,Normal,83.74,Normal
2026-09-05 20:00:00,Feeder_2,0.0,23.47,60,0.0,87.2,52.32,34.88,Normal,87.2,Normal
2026-09-05 21:00:00,Feeder_2,0.0,22.41,60,0.0,79.99,47.99,32.0,Normal,79.99,Normal
2026-09-05 22:00:00,Feeder_2,0.0,20.63,60,0.0,69.18,41.51,27.67,Normal,69.18,Normal
2026-09-05 23:00:00,Feeder_2,0.0,18.96,60,0.0,56.68,34.01,22.67,Normal,56.68,Normal
2026-09-06 00:00:00,Feeder_2,0.0,19.13,60,0.0,51.92,31.15,20.77,Normal,51.92,Normal
2026-09-06 01:00:00,Feeder_2,0.0,17.61,60,0.0,52.21,31.33,20.88,Normal,52.21,Normal
2026-09-06 02:00:00,Feeder_2,0.0,17.24,60,0.0,56.15,33.69,22.46,Normal,56.15,Normal
2026-09-06 03:00:00,Feeder_2,0.0,17.43,60,0.0,48.75,29.25,19.5,Normal,48.75,Normal
2026-09-06 04:00:00,Feeder_2,0.0,17.57,60,0.0,50.34,30.2,20.14,Normal,50.34,Normal
2026-09-06 05:00:00,Feeder_2,0.0,19.44,60,0.0,55.03,33.02,22.01,Normal,55.03,Normal
2026-09-06 06:00:00,Feeder_2,0.0,20.52,60,0.0,54.8,32.88,21.92,Normal,54.8,Normal
2026-09-06 07:00:00,Feeder_2,219.73,22.1,60,13.34,63.06,37.84,25.22,Normal,49.72,Normal
2026-09-06 08:00:00,Feeder_2,500.0,24.17,60,30.1,68.72,41.23,27.49,Normal,38.62,Normal
2026-09-06 09:00:00,Feeder_2,659.18,26.22,60,39.36,81.22,48.73,32.49,Normal,41.86,Normal
2026-09-06 10:00:00,Feeder_2,701.21,26.75,60,41.78,76.84,46.1,30.74,Normal,35.06,Normal
2026-09-06 11:00:00,Feeder_2,193.19,28.6,60,11.42,65.17,39.1,26.07,Weather Dip,53.75,Weather Dip
2026-09-06 12:00:00,Feeder_2,136.74,30.06,60,8.04,57.4,34.44,22.96,Weather Dip,49.36,Weather Dip
2026-09-06 13:00:00,Feeder_2,193.19,30.36,60,11.34,52.96,31.78,21.18,Weather Dip,41.62,Weather Dip
2026-09-06 14:00:00,Feeder_2,153.97,31.1,60,9.01,49.24,29.54,19.7,Weather Dip,40.23,Weather Dip
2026-09-06 15:00:00,Feeder_2,672.48,30.36,60,39.48,53.23,31.94,21.29,Normal,13.75,Normal
2026-09-06 16:00:00,Feeder_2,500.0,29.97,60,29.4,53.53,32.12,21.41,Normal,24.13,Normal
2026-09-06 17:00:00,Feeder_2,213.83,28.83,60,12.63,58.68,35.21,23.47,Normal,46.05,Normal
2026-09-06 18:00:00,Feeder_2,0.0,27.06,60,0.0,72.63,43.58,29.05,Normal,72.63,Normal
2026-09-06 19:00:00,Feeder_2,0.0,25.92,60,0.0,85.02,51.01,34.01,Normal,85.02,Normal
2026-09-06 20:00:00,Feeder_2,0.0,24.16,60,0.0,85.87,51.52,34.35,Normal,85.87,Normal
2026-09-06 21:00:00,Feeder_2,0.0,22.63,60,0.0,79.06,47.44,31.62,Normal,79.06,Normal
2026-09-06 22:00:00,Feeder_2,0.0,20.42,60,0.0,66.97,40.18,26.79,Normal,66.97,Normal
2026-09-06 23:00:00,Feeder_2,0.0,19.55,60,0.0,57.67,34.6,23.07,Normal,57.67,Normal
2026-09-07 00:00:00,Feeder_2,0.0,17.96,60,0.0,53.12,31.87,21.25,Normal,53.12,Normal
2026-09-07 01:00:00,Feeder_2,0.0,17.0,60,0.0,51.53,30.92,20.61,Normal,51.53,Normal
2026-09-07 02:00:00,Feeder_2,0.0,16.8,60,0.0,46.32,27.79,18.53,Normal,46.32,Normal
2026-09-07 03:00:00,Feeder_2,0.0,16.98,60,0.0,48.09,28.85,19.24,Normal,48.09,Normal
2026-09-07 04:00:00,Feeder_2,0.0,17.86,60,0.0,49.88,29.93,19.95,Normal,49.88,Normal
2026-09-07 05:00:00,Feeder_2,0.0,19.41,60,0.0,55.92,33.55,22.37,Normal,55.92,Normal
2026-09-07 06:00:00,Feeder_2,0.0,20.04,60,0.0,56.07,33.64,22.43,Normal,56.07,Normal
2026-09-07 07:00:00,Feeder_2,258.62,22.43,60,15.68,65.51,39.31,26.2,Normal,49.83,Normal
2026-09-07 08:00:00,Feeder_2,455.95,24.03,60,27.46,73.31,43.99,29.32,Normal,45.85,Normal
2026-09-07 09:00:00,Feeder_2,707.11,26.09,60,42.24,77.97,46.78,31.19,Normal,35.73,Normal
2026-09-07 10:00:00,Feeder_2,866.03,28.06,60,51.33,73.19,43.91,29.28,Normal,21.86,Normal
2026-09-07 11:00:00,Feeder_2,866.12,29.51,60,51.03,65.58,39.35,26.23,Normal,14.55,Normal
2026-09-07 12:00:00,Feeder_2,946.83,29.87,60,55.7,57.32,34.39,22.93,Normal,1.62,Normal
2026-09-07 13:00:00,Feeder_2,965.93,30.84,60,56.6,53.53,32.12,21.41,Normal,-3.07,Normal
2026-09-07 14:00:00,Feeder_2,866.03,31.43,60,50.63,51.95,31.17,20.78,Normal,1.32,Normal
2026-09-07 15:00:00,Feeder_2,707.11,30.35,60,41.52,52.6,31.56,21.04,Normal,11.08,Normal
2026-09-07 16:00:00,Feeder_2,500.0,29.97,60,29.4,51.32,30.79,20.53,Normal,21.92,Normal
2026-09-07 17:00:00,Feeder_2,238.57,28.51,60,14.11,56.85,34.11,22.74,Normal,42.74,Normal
2026-09-07 18:00:00,Feeder_2,0.0,26.94,60,0.0,69.01,41.41,27.6,Normal,69.01,Normal
2026-09-07 19:00:00,Feeder_2,0.0,25.45,60,0.0,84.43,50.66,33.77,Normal,84.43,Normal
2026-09-07 20:00:00,Feeder_2,0.0,24.41,60,0.0,84.36,50.62,33.74,Normal,84.36,Normal
2026-09-07 21:00:00,Feeder_2,0.0,21.75,60,0.0,82.85,49.71,33.14,Normal,82.85,Normal
2026-09-07 22:00:00,Feeder_2,0.0,20.72,60,0.0,66.03,39.62,26.41,Normal,66.03,Normal
2026-09-07 23:00:00,Feeder_2,0.0,19.29,60,0.0,56.44,33.86,22.58,Normal,56.44,Normal
2026-09-08 00:00:00,Feeder_2,0.0,17.39,60,0.0,53.12,31.87,21.25,Normal,53.12,Normal
2026-09-08 01:00:00,Feeder_2,0.0,17.46,60,0.0,52.56,31.54,21.02,Normal,52.56,Normal
2026-09-08 02:00:00,Feeder_2,0.0,17.23,60,0.0,51.66,31.0,20.66,Normal,51.66,Normal
2026-09-08 03:00:00,Feeder_2,0.0,16.84,60,0.0,46.16,27.7,18.46,Normal,46.16,Normal
2026-09-08 04:00:00,Feeder_2,0.0,17.31,60,0.0,51.63,30.98,20.65,Normal,51.63,Normal
2026-09-08 05:00:00,Feeder_2,0.0,19.32,60,0.0,51.98,31.19,20.79,Normal,51.98,Normal
2026-09-08 06:00:00,Feeder_2,0.0,20.79,60,0.0,57.42,34.45,22.97,Normal,57.42,Normal
2026-09-08 07:00:00,Feeder_2,258.82,22.38,60,15.69,60.0,36.0,24.0,Normal,44.31,Normal
2026-09-08 08:00:00,Feeder_2,500.0,24.24,60,30.09,69.62,41.77,27.85,Normal,39.53,Normal
2026-09-08 09:00:00,Feeder_2,686.4,25.8,60,41.05,75.66,45.4,30.26,Normal,34.61,Normal
2026-09-08 10:00:00,Feeder_2,866.03,28.07,60,51.32,74.87,44.92,29.95,Normal,23.55,Normal
2026-09-08 11:00:00,Feeder_2,813.83,29.2,60,48.01,67.16,40.3,26.86,Normal,19.15,Normal
2026-09-08 12:00:00,Feeder_2,1000.0,30.5,60,58.68,61.61,36.97,24.64,Normal,2.93,Normal
2026-09-08 13:00:00,Feeder_2,965.93,30.86,60,56.6,55.36,33.22,22.14,Normal,-1.24,Normal
2026-09-08 14:00:00,Feeder_2,866.03,31.01,60,50.71,50.6,30.36,20.24,Normal,-0.11,Normal
2026-09-08 15:00:00,Feeder_2,707.11,30.43,60,41.51,55.44,33.26,22.18,Normal,13.93,Normal
2026-09-08 16:00:00,Feeder_2,500.0,29.5,60,29.46,54.36,32.62,21.74,Normal,24.9,Normal
2026-09-08 17:00:00,Feeder_2,193.6,29.2,60,11.42,61.02,36.61,24.41,Normal,49.6,Normal
2026-09-08 18:00:00,Feeder_2,0.0,27.55,60,0.0,73.86,44.32,29.54,Normal,73.86,Normal
2026-09-08 19:00:00,Feeder_2,0.0,25.39,60,0.0,84.33,50.6,33.73,Normal,84.33,Normal
2026-09-08 20:00:00,Feeder_2,0.0,24.0,60,0.0,88.53,53.12,35.41,Normal,88.53,Normal
2026-09-08 21:00:00,Feeder_2,0.0,21.89,60,0.0,79.41,47.65,31.76,Normal,79.41,Normal
2026-09-08 22:00:00,Feeder_2,0.0,21.17,60,0.0,70.38,42.23,28.15,Normal,70.38,Normal
2026-09-08 23:00:00,Feeder_2,0.0,19.85,60,0.0,57.48,34.49,22.99,Normal,57.48,Normal
2026-09-09 00:00:00,Feeder_2,0.0,18.07,60,0.0,54.89,32.93,21.96,Normal,54.89,Normal
2026-09-09 01:00:00,Feeder_2,0.0,17.4,60,0.0,52.16,31.3,20.86,Normal,52.16,Normal
2026-09-09 02:00:00,Feeder_2,0.0,17.22,60,0.0,44.68,26.81,17.87,Normal,44.68,Normal
2026-09-09 03:00:00,Feeder_2,0.0,17.34,60,0.0,48.18,28.91,19.27,Normal,48.18,Normal
2026-09-09 04:00:00,Feeder_2,0.0,17.86,60,0.0,55.78,33.47,22.31,Normal,55.78,Normal
2026-09-09 05:00:00,Feeder_2,0.0,18.86,60,0.0,52.36,31.42,20.94,Normal,52.36,Normal
2026-09-09 06:00:00,Feeder_2,0.0,20.32,60,0.0,57.07,34.24,22.83,Normal,57.07,Normal
2026-09-09 07:00:00,Feeder_2,235.27,21.74,60,14.3,65.39,39.23,26.16,Normal,51.09,Normal
2026-09-09 08:00:00,Feeder_2,500.0,23.68,60,30.16,74.4,44.64,29.76,Normal,44.24,Normal
2026-09-09 09:00:00,Feeder_2,653.52,25.91,60,39.07,78.05,46.83,31.22,Normal,38.98,Normal
2026-09-09 10:00:00,Feeder_2,862.53,27.68,60,51.2,70.87,42.52,28.35,Normal,19.67,Normal
2026-09-09 11:00:00,Feeder_2,943.15,28.87,60,55.71,61.97,37.18,24.79,Normal,6.26,Normal
2026-09-09 12:00:00,Feeder_2,978.79,29.44,60,57.68,55.35,33.21,22.14,Normal,-2.33,Normal
2026-09-09 13:00:00,Feeder_2,932.91,30.66,60,54.71,52.14,31.28,20.86,Normal,-2.57,Normal
2026-09-09 14:00:00,Feeder_2,859.61,31.19,60,50.3,53.66,32.2,21.46,Normal,3.36,Normal
2026-09-09 15:00:00,Feeder_2,651.97,30.28,60,38.29,49.0,29.4,19.6,Normal,10.71,Normal
2026-09-09 16:00:00,Feeder_2,470.77,29.92,60,27.69,51.51,30.91,20.6,Normal,23.82,Normal
2026-09-09 17:00:00,Feeder_2,218.56,28.77,60,12.92,59.26,35.56,23.7,Normal,46.34,Normal
2026-09-09 18:00:00,Feeder_2,0.0,27.28,60,0.0,67.94,40.76,27.18,Normal,67.94,Normal
2026-09-09 19:00:00,Feeder_2,0.0,25.8,60,0.0,78.51,47.11,31.4,Normal,78.51,Normal
2026-09-09 20:00:00,Feeder_2,0.0,23.29,60,0.0,85.1,51.06,34.04,Normal,85.1,Normal
2026-09-09 21:00:00,Feeder_2,0.0,22.26,60,0.0,87.36,52.42,34.94,Normal,87.36,Normal
2026-09-09 22:00:00,Feeder_2,0.0,20.1,60,0.0,68.73,41.24,27.49,Normal,68.73,Normal
2026-09-09 23:00:00,Feeder_2,0.0,19.02,60,0.0,56.73,34.04,22.69,Normal,56.73,Normal
2026-09-10 00:00:00,Feeder_2,0.0,17.72,60,0.0,50.71,30.43,20.28,Normal,50.71,Normal
2026-09-10 01:00:00,Feeder_2,0.0,17.93,60,0.0,50.2,30.12,20.08,Normal,50.2,Normal
2026-09-10 02:00:00,Feeder_2,0.0,17.33,60,0.0,52.21,31.33,20.88,Normal,52.21,Normal
2026-09-10 03:00:00,Feeder_2,0.0,17.4,60,0.0,46.24,27.74,18.5,Normal,46.24,Normal
2026-09-10 04:00:00,Feeder_2,0.0,18.28,60,0.0,51.27,30.76,20.51,Normal,51.27,Normal
2026-09-10 05:00:00,Feeder_2,0.0,19.03,60,0.0,57.0,34.2,22.8,Normal,57.0,Normal
2026-09-10 06:00:00,Feeder_2,0.0,20.48,60,0.0,58.96,35.38,23.58,Normal,58.96,Normal
2026-09-10 07:00:00,Feeder_2,247.44,21.51,60,15.05,61.52,36.91,24.61,Normal,46.47,Normal
2026-09-10 08:00:00,Feeder_2,500.0,23.89,60,30.13,71.55,42.93,28.62,Normal,41.42,Normal
2026-09-10 09:00:00,Feeder_2,681.66,26.57,60,40.64,80.06,48.04,32.02,Normal,39.42,Normal
2026-09-10 10:00:00,Feeder_2,866.03,27.44,60,51.45,72.9,43.74,29.16,Normal,21.45,Normal
2026-09-10 11:00:00,Feeder_2,790.13,29.54,60,46.55,60.92,36.55,24.37,Normal,14.37,Normal
2026-09-10 12:00:00,Feeder_2,1000.0,29.62,60,58.89,55.11,33.07,22.04,Normal,-3.78,Normal
2026-09-10 13:00:00,Feeder_2,868.88,30.52,60,50.98,51.4,30.84,20.56,Normal,0.42,Normal
2026-09-10 14:00:00,Feeder_2,809.05,31.33,60,47.31,48.71,29.23,19.48,Normal,1.4,Normal
2026-09-10 15:00:00,Feeder_2,707.11,31.25,60,41.37,50.32,30.19,20.13,Normal,8.95,Normal
2026-09-10 16:00:00,Feeder_2,456.92,29.97,60,26.87,56.39,33.83,22.56,Normal,29.52,Normal
2026-09-10 17:00:00,Feeder_2,258.82,28.74,60,15.3,60.02,36.01,24.01,Normal,44.72,Normal
2026-09-10 18:00:00,Feeder_2,0.0,27.77,60,0.0,69.99,41.99,28.0,Normal,69.99,Normal
2026-09-10 19:00:00,Feeder_2,0.0,25.48,60,0.0,78.41,47.05,31.36,Normal,78.41,Normal
2026-09-10 20:00:00,Feeder_2,0.0,24.49,60,0.0,84.41,50.65,33.76,Normal,84.41,Normal
2026-09-10 21:00:00,Feeder_2,0.0,21.35,60,0.0,79.17,47.5,31.67,Normal,79.17,Normal
2026-09-10 22:00:00,Feeder_2,0.0,20.14,60,0.0,66.63,39.98,26.65,Normal,66.63,Normal
2026-09-10 23:00:00,Feeder_2,0.0,19.17,60,0.0,58.34,35.0,23.34,Normal,58.34,Normal
2026-09-11 00:00:00,Feeder_2,0.0,17.09,60,0.0,49.48,29.69,19.79,Normal,49.48,Normal
2026-09-11 01:00:00,Feeder_2,0.0,16.14,60,0.0,49.75,29.85,19.9,Normal,49.75,Normal
2026-09-11 02:00:00,Feeder_2,0.0,17.56,60,0.0,50.04,30.02,20.02,Normal,50.04,Normal
2026-09-11 03:00:00,Feeder_2,0.0,17.3,60,0.0,45.74,27.44,18.3,Normal,45.74,Normal
2026-09-11 04:00:00,Feeder_2,0.0,18.02,60,0.0,52.66,31.6,21.06,Normal,52.66,Normal
2026-09-11 05:00:00,Feeder_2,0.0,18.22,60,0.0,57.05,34.23,22.82,Normal,57.05,Normal
2026-09-11 06:00:00,Feeder_2,0.0,20.61,60,0.0,56.46,33.88,22.58,Normal,56.46,Normal
2026-09-11 07:00:00,Feeder_2,245.64,21.96,60,14.92,64.66,38.8,25.86,Normal,49.74,Normal
2026-09-11 08:00:00,Feeder_2,408.97,24.3,60,24.61,71.12,42.67,28.45,Normal,46.51,Normal
2026-09-11 09:00:00,Feeder_2,611.22,25.63,60,36.58,79.14,47.48,31.66,Normal,42.56,Normal
2026-09-11 10:00:00,Feeder_2,810.39,27.64,60,48.11,70.33,42.2,28.13,Normal,22.22,Normal
2026-09-11 11:00:00,Feeder_2,965.93,29.22,60,56.98,68.46,41.08,27.38,Normal,11.48,Normal
2026-09-11 12:00:00,Feeder_2,978.93,30.33,60,57.48,56.82,34.09,22.73,Normal,-0.66,Normal
2026-09-11 13:00:00,Feeder_2,965.93,30.47,60,56.69,54.61,32.77,21.84,Normal,-2.08,Normal
2026-09-11 14:00:00,Feeder_2,845.79,30.97,60,49.54,51.7,31.02,20.68,Normal,2.16,Normal
2026-09-11 15:00:00,Feeder_2,707.11,30.71,60,41.46,52.14,31.28,20.86,Normal,10.68,Normal
2026-09-11 16:00:00,Feeder_2,500.0,30.46,60,29.34,55.61,33.37,22.24,Normal,26.27,Normal
2026-09-11 17:00:00,Feeder_2,244.67,28.59,60,14.47,61.2,36.72,24.48,Normal,46.73,Normal
2026-09-11 18:00:00,Feeder_2,0.0,28.09,60,0.0,67.46,40.48,26.98,Normal,67.46,Normal
2026-09-11 19:00:00,Feeder_2,0.0,25.16,60,0.0,79.65,47.79,31.86,Normal,79.65,Normal
2026-09-11 20:00:00,Feeder_2,0.0,23.81,60,0.0,87.6,52.56,35.04,Normal,87.6,Normal
2026-09-11 21:00:00,Feeder_2,0.0,22.32,60,0.0,77.76,46.66,31.1,Normal,77.76,Normal
2026-09-11 22:00:00,Feeder_2,0.0,19.3,60,0.0,68.5,41.1,27.4,Normal,68.5,Normal
2026-09-11 23:00:00,Feeder_2,0.0,19.53,60,0.0,60.75,36.45,24.3,Normal,60.75,Normal
2026-09-12 00:00:00,Feeder_2,0.0,18.55,60,0.0,48.63,29.18,19.45,Normal,48.63,Normal
2026-09-12 01:00:00,Feeder_2,0.0,17.61,60,0.0,50.41,30.25,20.16,Normal,50.41,Normal
2026-09-12 02:00:00,Feeder_2,0.0,16.56,60,0.0,48.95,29.37,19.58,Normal,48.95,Normal
2026-09-12 03:00:00,Feeder_2,0.0,17.03,60,0.0,48.42,29.05,19.37,Normal,48.42,Normal
2026-09-12 04:00:00,Feeder_2,0.0,17.83,60,0.0,52.27,31.36,20.91,Normal,52.27,Normal
2026-09-12 05:00:00,Feeder_2,0.0,18.32,60,0.0,53.41,32.05,21.36,Normal,53.41,Normal
2026-09-12 06:00:00,Feeder_2,0.0,20.47,60,0.0,53.16,31.9,21.26,Normal,53.16,Normal
2026-09-12 07:00:00,Feeder_2,258.82,22.55,60,15.68,64.1,38.46,25.64,Normal,48.42,Normal
2026-09-12 08:00:00,Feeder_2,500.0,23.66,60,30.16,73.52,44.11,29.41,Normal,43.36,Normal
2026-09-12 09:00:00,Feeder_2,707.11,25.92,60,42.27,79.18,47.51,31.67,Normal,36.91,Normal
2026-09-12 10:00:00,Feeder_2,866.03,27.62,60,51.42,68.02,40.81,27.21,Normal,16.6,Normal
2026-09-12 11:00:00,Feeder_2,854.65,28.9,60,50.48,64.07,38.44,25.63,Normal,13.59,Normal
2026-09-12 12:00:00,Feeder_2,864.38,31.03,60,50.61,60.37,36.22,24.15,Normal,9.76,Normal
2026-09-12 13:00:00,Feeder_2,965.93,30.79,60,56.61,52.22,31.33,20.89,Normal,-4.39,Normal
2026-09-12 14:00:00,Feeder_2,767.1,31.03,60,44.92,52.12,31.27,20.85,Normal,7.2,Normal
2026-09-12 15:00:00,Feeder_2,601.74,30.9,60,35.25,51.22,30.73,20.49,Normal,15.97,Normal
2026-09-12 16:00:00,Feeder_2,385.53,29.72,60,22.7,52.41,31.45,20.96,Normal,29.71,Normal
2026-09-12 17:00:00,Feeder_2,258.82,29.17,60,15.27,55.47,33.28,22.19,Normal,40.2,Normal
2026-09-12 18:00:00,Feeder_2,0.0,26.88,60,0.0,71.68,43.01,28.67,Normal,71.68,Normal
2026-09-12 19:00:00,Feeder_2,0.0,25.77,60,0.0,83.94,50.36,33.58,Normal,83.94,Normal
2026-09-12 20:00:00,Feeder_2,0.0,23.44,60,0.0,84.54,50.72,33.82,Normal,84.54,Normal
2026-09-12 21:00:00,Feeder_2,0.0,21.58,60,0.0,73.55,44.13,29.42,Normal,73.55,Normal
2026-09-12 22:00:00,Feeder_2,0.0,20.72,60,0.0,71.97,43.18,28.79,Normal,71.97,Normal
2026-09-12 23:00:00,Feeder_2,0.0,18.89,60,0.0,61.69,37.01,24.68,Normal,61.69,Normal
2026-09-13 00:00:00,Feeder_2,0.0,17.78,60,0.0,51.48,30.89,20.59,Normal,51.48,Normal
2026-09-13 01:00:00,Feeder_2,0.0,17.03,60,0.0,51.09,30.65,20.44,Normal,51.09,Normal
2026-09-13 02:00:00,Feeder_2,0.0,16.74,60,0.0,52.14,31.28,20.86,Normal,52.14,Normal
2026-09-13 03:00:00,Feeder_2,0.0,17.26,60,0.0,52.18,31.31,20.87,Normal,52.18,Normal
2026-09-13 04:00:00,Feeder_2,0.0,18.01,60,0.0,48.98,29.39,19.59,Normal,48.98,Normal
2026-09-13 05:00:00,Feeder_2,0.0,19.29,60,0.0,53.13,31.88,21.25,Normal,53.13,Normal
2026-09-13 06:00:00,Feeder_2,0.0,20.59,60,0.0,58.36,35.02,23.34,Normal,58.36,Normal
2026-09-13 07:00:00,Feeder_2,195.15,22.65,60,11.82,62.99,37.79,25.2,Normal,51.17,Normal
2026-09-13 08:00:00,Feeder_2,500.0,24.48,60,30.06,68.73,41.24,27.49,Normal,38.67,Normal
2026-09-13 09:00:00,Feeder_2,646.91,25.7,60,38.71,74.04,44.42,29.62,Normal,35.33,Normal
2026-09-13 10:00:00,Feeder_2,866.03,27.16,60,51.51,70.77,42.46,28.31,Normal,19.26,Normal
2026-09-13 11:00:00,Feeder_2,965.93,28.47,60,57.15,62.85,37.71,25.14,Normal,5.7,Normal
2026-09-13 12:00:00,Feeder_2,1000.0,29.93,60,58.82,56.35,33.81,22.54,Normal,-2.47,Normal
2026-09-13 13:00:00,Feeder_2,904.57,30.16,60,53.15,53.55,32.13,21.42,Normal,0.4,Normal
2026-09-13 14:00:00,Feeder_2,866.03,31.01,60,50.71,52.04,31.22,20.82,Normal,1.33,Normal
2026-09-13 15:00:00,Feeder_2,707.11,30.25,60,41.54,55.86,33.52,22.34,Normal,14.32,Normal
2026-09-13 16:00:00,Feeder_2,500.0,30.71,60,29.31,51.61,30.97,20.64,Normal,22.3,Normal
2026-09-13 17:00:00,Feeder_2,258.82,29.26,60,15.26,60.19,36.11,24.08,Normal,44.93,Normal
2026-09-13 18:00:00,Feeder_2,0.0,27.4,60,0.0,71.97,43.18,28.79,Normal,71.97,Normal
2026-09-13 19:00:00,Feeder_2,0.0,25.02,60,0.0,77.83,46.7,31.13,Normal,77.83,Normal
2026-09-13 20:00:00,Feeder_2,0.0,24.12,60,0.0,85.86,51.52,34.34,Normal,85.86,Normal
2026-09-13 21:00:00,Feeder_2,0.0,21.41,60,0.0,80.99,48.59,32.4,Normal,80.99,Normal
2026-09-13 22:00:00,Feeder_2,0.0,20.8,60,0.0,68.73,41.24,27.49,Normal,68.73,Normal
2026-09-13 23:00:00,Feeder_2,0.0,18.7,60,0.0,62.01,37.21,24.8,Normal,62.01,Normal
2026-09-14 00:00:00,Feeder_2,0.0,18.17,60,0.0,50.68,30.41,20.27,Normal,50.68,Normal
2026-09-14 01:00:00,Feeder_2,0.0,16.96,60,0.0,53.14,31.88,21.26,Normal,53.14,Normal
2026-09-14 02:00:00,Feeder_2,0.0,17.43,60,0.0,49.18,29.51,19.67,Normal,49.18,Normal
2026-09-14 03:00:00,Feeder_2,0.0,16.72,60,0.0,52.49,31.49,21.0,Normal,52.49,Normal
2026-09-14 04:00:00,Feeder_2,0.0,17.19,60,0.0,48.48,29.09,19.39,Normal,48.48,Normal
2026-09-14 05:00:00,Feeder_2,0.0,18.93,60,0.0,49.71,29.83,19.88,Normal,49.71,Normal
2026-09-14 06:00:00,Feeder_2,0.0,20.6,60,0.0,56.09,33.65,22.44,Normal,56.09,Normal
2026-09-14 07:00:00,Feeder_2,235.35,22.61,60,14.26,67.97,40.78,27.19,Normal,53.71,Normal
2026-09-14 08:00:00,Feeder_2,470.99,23.76,60,28.4,73.39,44.03,29.36,Normal,44.99,Normal
2026-09-14 09:00:00,Feeder_2,676.73,25.76,60,40.48,77.85,46.71,31.14,Normal,37.37,Normal
2026-09-14 10:00:00,Feeder_2,667.6,28.03,60,39.57,72.34,43.4,28.94,Normal,32.77,Normal
2026-09-14 11:00:00,Feeder_2,918.23,28.91,60,54.23,63.74,38.24,25.5,Normal,9.51,Normal
2026-09-14 12:00:00,Feeder_2,792.26,30.66,60,46.46,56.68,34.01,22.67,Normal,10.22,Normal
2026-09-14 13:00:00,Feeder_2,965.93,31.14,60,56.53,50.19,30.11,20.08,Normal,-6.34,Normal
2026-09-14 14:00:00,Feeder_2,866.03,30.89,60,50.74,53.59,32.15,21.44,Normal,2.85,Normal
2026-09-14 15:00:00,Feeder_2,526.61,30.72,60,30.87,50.1,30.06,20.04,Normal,19.23,Normal
2026-09-14 16:00:00,Feeder_2,500.0,30.25,60,29.37,51.67,31.0,20.67,Normal,22.3,Normal
2026-09-14 17:00:00,Feeder_2,236.7,28.91,60,13.98,56.57,33.94,22.63,Normal,42.59,Normal
2026-09-14 18:00:00,Feeder_2,0.0,27.35,60,0.0,61.7,37.02,24.68,Normal,61.7,Normal
2026-09-14 19:00:00,Feeder_2,0.0,25.4,60,0.0,76.55,45.93,30.62,Normal,76.55,Normal
2026-09-14 20:00:00,Feeder_2,0.0,24.04,60,0.0,89.32,53.59,35.73,Normal,89.32,Normal
2026-09-14 21:00:00,Feeder_2,0.0,21.95,60,0.0,81.77,49.06,32.71,Normal,81.77,Normal
2026-09-14 22:00:00,Feeder_2,0.0,20.22,60,0.0,66.08,39.65,26.43,Normal,66.08,Normal
2026-09-14 23:00:00,Feeder_2,0.0,18.89,60,0.0,59.2,35.52,23.68,Normal,59.2,Normal
2026-09-15 00:00:00,Feeder_2,0.0,17.77,60,0.0,48.64,29.18,19.46,Normal,48.64,Normal
2026-09-15 01:00:00,Feeder_2,0.0,16.71,60,0.0,52.94,31.76,21.18,Normal,52.94,Normal
2026-09-15 02:00:00,Feeder_2,0.0,16.7,60,0.0,47.34,28.4,18.94,Normal,47.34,Normal
2026-09-15 03:00:00,Feeder_2,0.0,17.63,60,0.0,52.35,31.41,20.94,Normal,52.35,Normal
2026-09-15 04:00:00,Feeder_2,0.0,18.15,60,0.0,48.63,29.18,19.45,Normal,48.63,Normal
2026-09-15 05:00:00,Feeder_2,0.0,18.74,60,0.0,56.06,33.64,22.42,Normal,56.06,Normal
2026-09-15 06:00:00,Feeder_2,0.0,20.86,60,0.0,58.81,35.29,23.52,Normal,58.81,Normal
2026-09-15 07:00:00,Feeder_2,258.82,22.02,60,15.71,65.62,39.37,26.25,Normal,49.91,Normal
2026-09-15 08:00:00,Feeder_2,500.0,23.75,60,30.15,68.32,40.99,27.33,Normal,38.17,Normal
2026-09-15 09:00:00,Feeder_2,547.58,26.1,60,32.71,71.29,42.77,28.52,Normal,38.58,Normal
2026-09-15 10:00:00,Feeder_2,827.33,27.67,60,49.11,72.62,43.57,29.05,Normal,23.51,Normal
2026-09-15 11:00:00,Feeder_2,965.93,29.04,60,57.02,67.03,40.22,26.81,Normal,10.01,Normal
2026-09-15 12:00:00,Feeder_2,885.72,29.79,60,52.12,54.65,32.79,21.86,Normal,2.53,Normal
2026-09-15 13:00:00,Feeder_2,965.93,31.12,60,56.54,53.88,32.33,21.55,Normal,-2.66,Normal
2026-09-15 14:00:00,Feeder_2,866.03,30.53,60,50.81,55.64,33.38,22.26,Normal,4.83,Normal
2026-09-15 15:00:00,Feeder_2,707.11,31.06,60,41.4,56.06,33.64,22.42,Normal,14.66,Normal
2026-09-15 16:00:00,Feeder_2,400.6,29.85,60,23.57,51.6,30.96,20.64,Normal,28.03,Normal
2026-09-15 17:00:00,Feeder_2,258.82,28.53,60,15.31,60.7,36.42,24.28,Normal,45.39,Normal
2026-09-15 18:00:00,Feeder_2,0.0,27.78,60,0.0,69.68,41.81,27.87,Normal,69.68,Normal
2026-09-15 19:00:00,Feeder_2,0.0,25.47,60,0.0,83.75,50.25,33.5,Normal,83.75,Normal
2026-09-15 20:00:00,Feeder_2,0.0,23.98,60,0.0,84.96,50.98,33.98,Normal,84.96,Normal
2026-09-15 21:00:00,Feeder_2,0.0,21.76,60,0.0,85.41,51.25,34.16,Normal,85.41,Normal
2026-09-15 22:00:00,Feeder_2,0.0,20.58,60,0.0,71.49,42.89,28.6,Normal,71.49,Normal
2026-09-15 23:00:00,Feeder_2,0.0,19.12,60,0.0,61.15,36.69,24.46,Normal,61.15,Normal
2026-09-16 00:00:00,Feeder_2,0.0,19.09,60,0.0,46.83,28.1,18.73,Normal,46.83,Normal
2026-09-16 01:00:00,Feeder_2,0.0,17.17,60,0.0,52.93,31.76,21.17,Normal,52.93,Normal
2026-09-16 02:00:00,Feeder_2,0.0,16.71,60,0.0,51.58,30.95,20.63,Normal,51.58,Normal
2026-09-16 03:00:00,Feeder_2,0.0,17.48,60,0.0,51.81,31.09,20.72,Normal,51.81,Normal
2026-09-16 04:00:00,Feeder_2,0.0,18.36,60,0.0,52.31,31.39,20.92,Normal,52.31,Normal
2026-09-16 05:00:00,Feeder_2,0.0,18.7,60,0.0,50.96,30.58,20.38,Normal,50.96,Normal
2026-09-16 06:00:00,Feeder_2,0.0,21.07,60,0.0,55.98,33.59,22.39,Normal,55.98,Normal
2026-09-16 07:00:00,Feeder_2,258.82,21.83,60,15.73,66.77,40.06,26.71,Normal,51.04,Normal
2026-09-16 08:00:00,Feeder_2,500.0,24.78,60,30.03,69.97,41.98,27.99,Normal,39.94,Normal
2026-09-16 09:00:00,Feeder_2,675.03,25.9,60,40.36,77.62,46.57,31.05,Normal,37.26,Normal
2026-09-16 10:00:00,Feeder_2,843.61,27.15,60,50.18,74.37,44.62,29.75,Normal,24.19,Normal
2026-09-16 11:00:00,Feeder_2,965.93,28.58,60,57.13,67.22,40.33,26.89,Normal,10.09,Normal
2026-09-16 12:00:00,Feeder_2,1000.0,30.12,60,58.77,56.78,34.07,22.71,Normal,-1.99,Normal
2026-09-16 13:00:00,Feeder_2,965.93,30.42,60,56.7,52.82,31.69,21.13,Normal,-3.88,Normal
2026-09-16 14:00:00,Feeder_2,642.34,31.35,60,37.56,47.57,28.54,19.03,Normal,10.01,Normal
2026-09-16 15:00:00,Feeder_2,707.11,30.63,60,41.47,51.08,30.65,20.43,Normal,9.61,Normal
2026-09-16 16:00:00,Feeder_2,462.34,29.95,60,27.19,56.99,34.19,22.8,Normal,29.8,Normal
2026-09-16 17:00:00,Feeder_2,181.55,29.46,60,10.7,59.66,35.8,23.86,Normal,48.96,Normal
2026-09-16 18:00:00,Feeder_2,0.0,27.07,60,0.0,73.16,43.9,29.26,Normal,73.16,Normal
2026-09-16 19:00:00,Feeder_2,0.0,25.35,60,0.0,83.47,50.08,33.39,Normal,83.47,Normal
2026-09-16 20:00:00,Feeder_2,0.0,23.62,60,0.0,86.54,51.92,34.62,Normal,86.54,Normal
2026-09-16 21:00:00,Feeder_2,0.0,22.63,60,0.0,83.28,49.97,33.31,Normal,83.28,Normal
2026-09-16 22:00:00,Feeder_2,0.0,20.64,60,0.0,73.37,44.02,29.35,Normal,73.37,Normal
2026-09-16 23:00:00,Feeder_2,0.0,18.58,60,0.0,59.93,35.96,23.97,Normal,59.93,Normal
2026-09-17 00:00:00,Feeder_2,0.0,17.53,60,0.0,50.1,30.06,20.04,Normal,50.1,Normal
2026-09-17 01:00:00,Feeder_2,0.0,17.22,60,0.0,48.54,29.12,19.42,Normal,48.54,Normal
2026-09-17 02:00:00,Feeder_2,0.0,17.93,60,0.0,51.5,30.9,20.6,Normal,51.5,Normal
2026-09-17 03:00:00,Feeder_2,0.0,16.62,60,0.0,51.71,31.03,20.68,Normal,51.71,Normal
2026-09-17 04:00:00,Feeder_2,0.0,18.13,60,0.0,51.38,30.83,20.55,Normal,51.38,Normal
2026-09-17 05:00:00,Feeder_2,0.0,18.61,60,0.0,54.82,32.89,21.93,Normal,54.82,Normal
2026-09-17 06:00:00,Feeder_2,0.0,19.88,60,0.0,60.55,36.33,24.22,Normal,60.55,Normal
2026-09-17 07:00:00,Feeder_2,258.82,22.75,60,15.67,60.48,36.29,24.19,Normal,44.81,Normal
2026-09-17 08:00:00,Feeder_2,418.05,23.94,60,25.19,73.42,44.05,29.37,Normal,48.23,Normal
2026-09-17 09:00:00,Feeder_2,707.11,26.09,60,42.24,75.39,45.23,30.16,Normal,33.15,Normal
2026-09-17 10:00:00,Feeder_2,759.36,27.99,60,45.02,69.75,41.85,27.9,Normal,24.73,Normal
2026-09-17 11:00:00,Feeder_2,965.93,28.84,60,57.07,67.81,40.69,27.12,Normal,10.74,Normal
2026-09-17 12:00:00,Feeder_2,1000.0,30.01,60,58.8,55.28,33.17,22.11,Normal,-3.52,Normal
2026-09-17 13:00:00,Feeder_2,926.41,30.93,60,54.27,52.94,31.76,21.18,Normal,-1.33,Normal
2026-09-17 14:00:00,Feeder_2,804.31,30.93,60,47.11,51.67,31.0,20.67,Normal,4.56,Normal
2026-09-17 15:00:00,Feeder_2,526.48,30.94,60,30.84,49.16,29.5,19.66,Normal,18.32,Normal
2026-09-17 16:00:00,Feeder_2,430.8,29.39,60,25.39,48.95,29.37,19.58,Normal,23.56,Normal
2026-09-17 17:00:00,Feeder_2,216.72,28.67,60,12.81,63.69,38.21,25.48,Normal,50.88,Normal
2026-09-17 18:00:00,Feeder_2,0.0,27.57,60,0.0,69.97,41.98,27.99,Normal,69.97,Normal
2026-09-17 19:00:00,Feeder_2,0.0,25.78,60,0.0,77.64,46.58,31.06,Normal,77.64,Normal
2026-09-17 20:00:00,Feeder_2,0.0,24.72,60,0.0,81.79,49.07,32.72,Normal,81.79,Normal
2026-09-17 21:00:00,Feeder_2,0.0,22.08,60,0.0,78.22,46.93,31.29,Normal,78.22,Normal
2026-09-17 22:00:00,Feeder_2,0.0,20.21,60,0.0,74.38,44.63,29.75,Normal,74.38,Normal
2026-09-17 23:00:00,Feeder_2,0.0,19.14,60,0.0,61.38,36.83,24.55,Normal,61.38,Normal
2026-09-18 00:00:00,Feeder_2,0.0,17.71,60,0.0,48.96,29.38,19.58,Normal,48.96,Normal
2026-09-18 01:00:00,Feeder_2,0.0,17.58,60,0.0,51.35,30.81,20.54,Normal,51.35,Normal
2026-09-18 02:00:00,Feeder_2,0.0,16.68,60,0.0,50.82,30.49,20.33,Normal,50.82,Normal
2026-09-18 03:00:00,Feeder_2,0.0,18.03,60,0.0,47.6,28.56,19.04,Normal,47.6,Normal
2026-09-18 04:00:00,Feeder_2,0.0,18.53,60,0.0,57.07,34.24,22.83,Normal,57.07,Normal
2026-09-18 05:00:00,Feeder_2,0.0,19.25,60,0.0,54.16,32.5,21.66,Normal,54.16,Normal
2026-09-18 06:00:00,Feeder_2,0.0,20.46,60,0.0,57.67,34.6,23.07,Normal,57.67,Normal
2026-09-18 07:00:00,Feeder_2,180.17,22.46,60,10.92,64.15,38.49,25.66,Normal,53.23,Normal
2026-09-18 08:00:00,Feeder_2,486.65,24.82,60,29.22,70.47,42.28,28.19,Normal,41.25,Normal
2026-09-18 09:00:00,Feeder_2,672.9,26.61,60,40.11,73.92,44.35,29.57,Normal,33.81,Normal
2026-09-18 10:00:00,Feeder_2,808.86,27.44,60,48.06,74.26,44.56,29.7,Normal,26.2,Normal
2026-09-18 11:00:00,Feeder_2,965.93,28.43,60,57.16,62.51,37.51,25.0,Normal,5.35,Normal
2026-09-18 12:00:00,Feeder_2,927.12,30.03,60,54.51,57.64,34.58,23.06,Normal,3.13,Normal
2026-09-18 13:00:00,Feeder_2,965.93,30.05,60,56.79,55.41,33.25,22.16,Normal,-1.38,Normal
2026-09-18 14:00:00,Feeder_2,866.03,31.55,60,50.6,52.58,31.55,21.03,Normal,1.98,Normal
2026-09-18 15:00:00,Feeder_2,707.11,30.95,60,41.42,54.97,32.98,21.99,Normal,13.55,Normal
2026-09-18 16:00:00,Feeder_2,500.0,30.02,60,29.4,59.12,35.47,23.65,Normal,29.72,Normal
2026-09-18 17:00:00,Feeder_2,258.82,29.18,60,15.27,55.62,33.37,22.25,Normal,40.35,Normal
2026-09-18 18:00:00,Feeder_2,0.0,27.62,60,0.0,69.33,41.6,27.73,Normal,69.33,Normal
2026-09-18 19:00:00,Feeder_2,0.0,25.87,60,0.0,84.6,50.76,33.84,Normal,84.6,Normal
2026-09-18 20:00:00,Feeder_2,0.0,23.54,60,0.0,85.72,51.43,34.29,Normal,85.72,Normal
2026-09-18 21:00:00,Feeder_2,0.0,22.03,60,0.0,79.59,47.75,31.84,Normal,79.59,Normal
2026-09-18 22:00:00,Feeder_2,0.0,20.0,60,0.0,68.65,41.19,27.46,Normal,68.65,Normal
2026-09-18 23:00:00,Feeder_2,0.0,17.88,60,0.0,63.94,38.36,25.58,Normal,63.94,Normal
2026-09-19 00:00:00,Feeder_2,0.0,17.79,60,0.0,51.05,30.63,20.42,Normal,51.05,Normal
2026-09-19 01:00:00,Feeder_2,0.0,17.92,60,0.0,55.74,33.44,22.3,Normal,55.74,Normal
2026-09-19 02:00:00,Feeder_2,0.0,17.41,60,0.0,51.45,30.87,20.58,Normal,51.45,Normal
2026-09-19 03:00:00,Feeder_2,0.0,17.07,60,0.0,51.39,30.83,20.56,Normal,51.39,Normal
2026-09-19 04:00:00,Feeder_2,0.0,17.85,60,0.0,51.16,30.7,20.46,Normal,51.16,Normal
2026-09-19 05:00:00,Feeder_2,0.0,19.07,60,0.0,50.09,30.05,20.04,Normal,50.09,Normal
2026-09-19 06:00:00,Feeder_2,0.0,19.99,60,0.0,59.02,35.41,23.61,Normal,59.02,Normal
2026-09-19 07:00:00,Feeder_2,193.42,22.65,60,11.71,67.3,40.38,26.92,Normal,55.59,Normal
2026-09-19 08:00:00,Feeder_2,481.87,22.96,60,29.15,71.26,42.76,28.5,Normal,42.11,Normal
2026-09-19 09:00:00,Feeder_2,701.66,25.41,60,42.03,74.71,44.83,29.88,Normal,32.68,Normal
2026-09-19 10:00:00,Feeder_2,866.03,27.77,60,51.39,69.85,41.91,27.94,Normal,18.46,Normal
2026-09-19 11:00:00,Feeder_2,780.75,28.82,60,46.13,63.3,37.98,25.32,Normal,17.17,Normal
2026-09-19 12:00:00,Feeder_2,1000.0,29.85,60,58.84,57.86,34.72,23.14,Normal,-0.98,Normal
2026-09-19 13:00:00,Feeder_2,965.93,31.09,60,56.54,52.63,31.58,21.05,Normal,-3.91,Normal
2026-09-19 14:00:00,Feeder_2,846.99,30.86,60,49.63,54.43,32.66,21.77,Normal,4.8,Normal
2026-09-19 15:00:00,Feeder_2,653.88,30.78,60,38.33,51.73,31.04,20.69,Normal,13.4,Normal
2026-09-19 16:00:00,Feeder_2,469.89,29.51,60,27.68,54.25,32.55,21.7,Normal,26.57,Normal
2026-09-19 17:00:00,Feeder_2,256.92,29.15,60,15.16,57.48,34.49,22.99,Normal,42.32,Normal
2026-09-19 18:00:00,Feeder_2,0.0,27.15,60,0.0,73.25,43.95,29.3,Normal,73.25,Normal
2026-09-19 19:00:00,Feeder_2,0.0,25.99,60,0.0,81.82,49.09,32.73,Normal,81.82,Normal
2026-09-19 20:00:00,Feeder_2,0.0,24.17,60,0.0,89.2,53.52,35.68,Normal,89.2,Normal
2026-09-19 21:00:00,Feeder_2,0.0,22.39,60,0.0,74.39,44.63,29.76,Normal,74.39,Normal
2026-09-19 22:00:00,Feeder_2,0.0,21.15,60,0.0,67.52,40.51,27.01,Normal,67.52,Normal
2026-09-19 23:00:00,Feeder_2,0.0,18.97,60,0.0,63.98,38.39,25.59,Normal,63.98,Normal
2026-09-20 00:00:00,Feeder_2,0.0,17.52,60,0.0,54.74,32.84,21.9,Normal,54.74,Normal
2026-09-20 01:00:00,Feeder_2,0.0,17.2,60,0.0,47.9,28.74,19.16,Normal,47.9,Normal
2026-09-20 02:00:00,Feeder_2,0.0,17.64,60,0.0,52.7,31.62,21.08,Normal,52.7,Normal
2026-09-20 03:00:00,Feeder_2,0.0,17.22,60,0.0,50.66,30.4,20.26,Normal,50.66,Normal
2026-09-20 04:00:00,Feeder_2,0.0,18.52,60,0.0,53.59,32.15,21.44,Normal,53.59,Normal
2026-09-20 05:00:00,Feeder_2,0.0,19.6,60,0.0,53.52,32.11,21.41,Normal,53.52,Normal
2026-09-20 06:00:00,Feeder_2,0.0,21.09,60,0.0,53.8,32.28,21.52,Normal,53.8,Normal
2026-09-20 07:00:00,Feeder_2,257.71,21.98,60,15.65,59.92,35.95,23.97,Normal,44.27,Normal
2026-09-20 08:00:00,Feeder_2,500.0,25.0,60,30.0,67.56,40.54,27.02,Normal,37.56,Normal
2026-09-20 09:00:00,Feeder_2,704.37,26.07,60,42.08,76.31,45.79,30.52,Normal,34.23,Normal
2026-09-20 10:00:00,Feeder_2,854.27,26.98,60,50.85,72.74,43.64,29.1,Normal,21.89,Normal
2026-09-20 11:00:00,Feeder_2,878.21,28.07,60,52.05,66.82,40.09,26.73,Normal,14.77,Normal
2026-09-20 12:00:00,Feeder_2,1000.0,30.08,60,58.78,57.15,34.29,22.86,Normal,-1.63,Normal
2026-09-20 13:00:00,Feeder_2,965.93,30.85,60,56.6,55.01,33.01,22.0,Normal,-1.59,Normal
2026-09-20 14:00:00,Feeder_2,835.11,31.52,60,48.8,52.28,31.37,20.91,Normal,3.48,Normal
2026-09-20 15:00:00,Feeder_2,707.11,30.25,60,41.54,52.32,31.39,20.93,Normal,10.78,Normal
2026-09-20 16:00:00,Feeder_2,450.08,29.81,60,26.49,51.4,30.84,20.56,Normal,24.91,Normal
2026-09-20 17:00:00,Feeder_2,225.7,29.8,60,13.28,62.14,37.28,24.86,Normal,48.86,Normal
2026-09-20 18:00:00,Feeder_2,0.0,27.01,60,0.0,69.15,41.49,27.66,Normal,69.15,Normal
2026-09-20 19:00:00,Feeder_2,0.0,25.53,60,0.0,78.33,47.0,31.33,Normal,78.33,Normal
2026-09-20 20:00:00,Feeder_2,0.0,23.84,60,0.0,88.67,53.2,35.47,Normal,88.67,Normal
2026-09-20 21:00:00,Feeder_2,0.0,23.11,60,0.0,76.93,46.16,30.77,Normal,76.93,Normal
2026-09-20 22:00:00,Feeder_2,0.0,20.96,60,0.0,66.54,39.92,26.62,Normal,66.54,Normal
2026-09-20 23:00:00,Feeder_2,0.0,19.18,60,0.0,58.24,34.94,23.3,Normal,58.24,Normal
2026-09-21 00:00:00,Feeder_2,0.0,17.65,60,0.0,56.12,33.67,22.45,Normal,56.12,Normal
2026-09-21 01:00:00,Feeder_2,0.0,17.55,60,0.0,49.02,29.41,19.61,Normal,49.02,Normal
2026-09-21 02:00:00,Feeder_2,0.0,17.43,60,0.0,47.63,28.58,19.05,Normal,47.63,Normal
2026-09-21 03:00:00,Feeder_2,0.0,17.25,60,0.0,51.34,30.8,20.54,Normal,51.34,Normal
2026-09-21 04:00:00,Feeder_2,0.0,18.1,60,0.0,53.12,31.87,21.25,Normal,53.12,Normal
2026-09-21 05:00:00,Feeder_2,0.0,18.66,60,0.0,52.03,31.22,20.81,Normal,52.03,Normal
2026-09-21 06:00:00,Feeder_2,0.0,20.86,60,0.0,53.15,31.89,21.26,Normal,53.15,Normal
2026-09-21 07:00:00,Feeder_2,258.82,21.4,60,15.75,63.95,38.37,25.58,Normal,48.2,Normal
2026-09-21 08:00:00,Feeder_2,500.0,23.62,60,30.17,70.08,42.05,28.03,Normal,39.91,Normal
2026-09-21 09:00:00,Feeder_2,707.11,25.19,60,42.39,74.42,44.65,29.77,Normal,32.03,Normal
2026-09-21 10:00:00,Feeder_2,866.03,27.25,60,51.49,71.57,42.94,28.63,Normal,20.08,Normal
2026-09-21 11:00:00,Feeder_2,965.93,29.12,60,57.0,64.5,38.7,25.8,Normal,7.5,Normal
2026-09-21 12:00:00,Feeder_2,959.31,30.21,60,56.36,56.27,33.76,22.51,Normal,-0.09,Normal
2026-09-21 13:00:00,Feeder_2,965.93,30.56,60,56.67,52.29,31.37,20.92,Normal,-4.38,Normal
2026-09-21 14:00:00,Feeder_2,763.15,30.99,60,44.69,49.45,29.67,19.78,Normal,4.76,Normal
2026-09-21 15:00:00,Feeder_2,612.58,30.86,60,35.89,52.14,31.28,20.86,Normal,16.25,Normal
2026-09-21 16:00:00,Feeder_2,500.0,29.89,60,29.41,54.46,32.68,21.78,Normal,25.05,Normal
2026-09-21 17:00:00,Feeder_2,258.82,29.13,60,15.27,56.75,34.05,22.7,Normal,41.48,Normal
2026-09-21 18:00:00,Feeder_2,0.0,27.65,60,0.0,68.99,41.39,27.6,Normal,68.99,Normal
2026-09-21 19:00:00,Feeder_2,0.0,25.88,60,0.0,86.16,51.7,34.46,Normal,86.16,Normal
2026-09-21 20:00:00,Feeder_2,0.0,23.71,60,0.0,86.93,52.16,34.77,Normal,86.93,Normal
2026-09-21 21:00:00,Feeder_2,0.0,22.67,60,0.0,77.48,46.49,30.99,Normal,77.48,Normal
2026-09-21 22:00:00,Feeder_2,0.0,20.74,60,0.0,68.61,41.17,27.44,Normal,68.61,Normal
2026-09-21 23:00:00,Feeder_2,0.0,19.46,60,0.0,60.99,36.59,24.4,Normal,60.99,Normal
2026-09-22 00:00:00,Feeder_2,0.0,18.27,60,0.0,50.84,30.5,20.34,Normal,50.84,Normal
2026-09-22 01:00:00,Feeder_2,0.0,17.27,60,0.0,50.62,30.37,20.25,Normal,50.62,Normal
2026-09-22 02:00:00,Feeder_2,0.0,16.97,60,0.0,48.21,28.93,19.28,Normal,48.21,Normal
2026-09-22 03:00:00,Feeder_2,0.0,17.31,60,0.0,54.14,32.48,21.66,Normal,54.14,Normal
2026-09-22 04:00:00,Feeder_2,0.0,17.6,60,0.0,57.6,34.56,23.04,Normal,57.6,Normal
2026-09-22 05:00:00,Feeder_2,0.0,19.56,60,0.0,52.36,31.42,20.94,Normal,52.36,Normal
2026-09-22 06:00:00,Feeder_2,0.0,20.84,60,0.0,59.62,35.77,23.85,Normal,59.62,Normal
2026-09-22 07:00:00,Feeder_2,258.82,22.54,60,15.68,63.05,37.83,25.22,Normal,47.37,Normal
2026-09-22 08:00:00,Feeder_2,465.7,24.13,60,28.04,74.49,44.69,29.8,Normal,46.45,Normal
2026-09-22 09:00:00,Feeder_2,688.21,26.24,60,41.09,79.63,47.78,31.85,Normal,38.54,Normal
2026-09-22 10:00:00,Feeder_2,770.8,27.17,60,45.85,71.81,43.09,28.72,Normal,25.96,Normal
2026-09-22 11:00:00,Feeder_2,965.93,28.74,60,57.09,67.22,40.33,26.89,Normal,10.13,Normal
2026-09-22 12:00:00,Feeder_2,1000.0,30.08,60,58.78,52.99,31.79,21.2,Normal,-5.79,Normal
2026-09-22 13:00:00,Feeder_2,813.41,30.87,60,47.66,47.42,28.45,18.97,Normal,-0.24,Normal
2026-09-22 14:00:00,Feeder_2,866.03,30.94,60,50.73,59.58,35.75,23.83,Normal,8.85,Normal
2026-09-22 15:00:00,Feeder_2,707.11,30.69,60,41.46,51.34,30.8,20.54,Normal,9.88,Normal
2026-09-22 16:00:00,Feeder_2,500.0,30.74,60,29.31,49.34,29.6,19.74,Normal,20.03,Normal
2026-09-22 17:00:00,Feeder_2,203.34,28.7,60,12.02,60.27,36.16,24.11,Normal,48.25,Normal
2026-09-22 18:00:00,Feeder_2,0.0,27.93,60,0.0,65.97,39.58,26.39,Normal,65.97,Normal
2026-09-22 19:00:00,Feeder_2,0.0,26.15,60,0.0,78.56,47.14,31.42,Normal,78.56,Normal
2026-09-22 20:00:00,Feeder_2,0.0,24.06,60,0.0,87.98,52.79,35.19,Normal,87.98,Normal
2026-09-22 21:00:00,Feeder_2,0.0,22.01,60,0.0,80.23,48.14,32.09,Normal,80.23,Normal
2026-09-22 22:00:00,Feeder_2,0.0,19.96,60,0.0,67.18,40.31,26.87,Normal,67.18,Normal
2026-09-22 23:00:00,Feeder_2,0.0,19.18,60,0.0,59.23,35.54,23.69,Normal,59.23,Normal
2026-09-23 00:00:00,Feeder_2,0.0,17.87,60,0.0,45.56,27.34,18.22,Normal,45.56,Normal
2026-09-23 01:00:00,Feeder_2,0.0,17.81,60,0.0,47.32,28.39,18.93,Normal,47.32,Normal
2026-09-23 02:00:00,Feeder_2,0.0,17.13,60,0.0,54.14,32.48,21.66,Normal,54.14,Normal
2026-09-23 03:00:00,Feeder_2,0.0,16.96,60,0.0,46.14,27.68,18.46,Normal,46.14,Normal
2026-09-23 04:00:00,Feeder_2,0.0,18.75,60,0.0,52.08,31.25,20.83,Normal,52.08,Normal
2026-09-23 05:00:00,Feeder_2,0.0,19.18,60,0.0,52.71,31.63,21.08,Normal,52.71,Normal
2026-09-23 06:00:00,Feeder_2,0.0,20.83,60,0.0,57.14,34.28,22.86,Normal,57.14,Normal
2026-09-23 07:00:00,Feeder_2,258.82,21.8,60,15.73,67.09,40.25,26.84,Normal,51.36,Normal
2026-09-23 08:00:00,Feeder_2,500.0,23.78,60,30.15,74.67,44.8,29.87,Normal,44.52,Normal
2026-09-23 09:00:00,Feeder_2,664.89,25.5,60,39.81,74.1,44.46,29.64,Normal,34.29,Normal
2026-09-23 10:00:00,Feeder_2,681.97,27.69,60,40.48,67.58,40.55,27.03,Normal,27.1,Normal
2026-09-23 11:00:00,Feeder_2,823.54,28.12,60,48.8,63.62,38.17,25.45,Normal,14.82,Normal
2026-09-23 12:00:00,Feeder_2,981.96,29.93,60,57.76,53.97,32.38,21.59,Normal,-3.79,Normal
2026-09-23 13:00:00,Feeder_2,830.05,30.95,60,48.62,51.37,30.82,20.55,Normal,2.75,Normal
2026-09-23 14:00:00,Feeder_2,866.03,30.65,60,50.79,51.93,31.16,20.77,Normal,1.14,Normal
2026-09-23 15:00:00,Feeder_2,707.11,31.0,60,41.41,50.57,30.34,20.23,Normal,9.16,Normal
2026-09-23 16:00:00,Feeder_2,500.0,29.97,60,29.4,53.46,32.08,21.38,Normal,24.06,Normal
2026-09-23 17:00:00,Feeder_2,248.71,28.88,60,14.69,59.34,35.6,23.74,Normal,44.65,Normal
2026-09-23 18:00:00,Feeder_2,0.0,27.09,60,0.0,65.5,39.3,26.2,Normal,65.5,Normal
2026-09-23 19:00:00,Feeder_2,0.0,25.32,60,0.0,81.03,48.62,32.41,Normal,81.03,Normal
2026-09-23 20:00:00,Feeder_2,0.0,24.21,60,0.0,86.09,51.65,34.44,Normal,86.09,Normal
2026-09-23 21:00:00,Feeder_2,0.0,22.45,60,0.0,82.65,49.59,33.06,Normal,82.65,Normal
2026-09-23 22:00:00,Feeder_2,0.0,20.67,60,0.0,66.83,40.1,26.73,Normal,66.83,Normal
2026-09-23 23:00:00,Feeder_2,0.0,18.54,60,0.0,54.33,32.6,21.73,Normal,54.33,Normal
2026-09-24 00:00:00,Feeder_2,0.0,17.89,60,0.0,50.01,30.01,20.0,Normal,50.01,Normal
2026-09-24 01:00:00,Feeder_2,0.0,17.08,60,0.0,51.67,31.0,20.67,Normal,51.67,Normal
2026-09-24 02:00:00,Feeder_2,0.0,17.07,60,0.0,49.33,29.6,19.73,Normal,49.33,Normal
2026-09-24 03:00:00,Feeder_2,0.0,16.77,60,0.0,52.28,31.37,20.91,Normal,52.28,Normal
2026-09-24 04:00:00,Feeder_2,0.0,18.13,60,0.0,50.88,30.53,20.35,Normal,50.88,Normal
2026-09-24 05:00:00,Feeder_2,0.0,19.46,60,0.0,49.18,29.51,19.67,Normal,49.18,Normal
2026-09-24 06:00:00,Feeder_2,0.0,20.34,60,0.0,59.67,35.8,23.87,Normal,59.67,Normal
2026-09-24 07:00:00,Feeder_2,258.82,21.8,60,15.73,63.06,37.84,25.22,Normal,47.33,Normal
2026-09-24 08:00:00,Feeder_2,463.14,23.72,60,27.93,74.61,44.77,29.84,Normal,46.68,Normal
2026-09-24 09:00:00,Feeder_2,590.71,26.46,60,35.24,78.07,46.84,31.23,Normal,42.83,Normal
2026-09-24 10:00:00,Feeder_2,866.03,27.31,60,51.48,71.79,43.07,28.72,Normal,20.31,Normal
2026-09-24 11:00:00,Feeder_2,799.81,28.74,60,47.27,65.07,39.04,26.03,Normal,17.8,Normal
2026-09-24 12:00:00,Feeder_2,1000.0,29.62,60,58.89,55.67,33.4,22.27,Normal,-3.22,Normal
2026-09-24 13:00:00,Feeder_2,948.39,30.2,60,55.72,54.23,32.54,21.69,Normal,-1.49,Normal
2026-09-24 14:00:00,Feeder_2,790.79,30.92,60,46.32,50.34,30.2,20.14,Normal,4.02,Normal
2026-09-24 15:00:00,Feeder_2,640.13,30.76,60,37.52,51.07,30.64,20.43,Normal,13.55,Normal
2026-09-24 16:00:00,Feeder_2,477.69,29.77,60,28.11,54.24,32.54,21.7,Normal,26.13,Normal
2026-09-24 17:00:00,Feeder_2,258.82,29.01,60,15.28,61.3,36.78,24.52,Normal,46.02,Normal
2026-09-24 18:00:00,Feeder_2,0.0,27.56,60,0.0,66.23,39.74,26.49,Normal,66.23,Normal
2026-09-24 19:00:00,Feeder_2,0.0,25.52,60,0.0,83.61,50.17,33.44,Normal,83.61,Normal
2026-09-24 20:00:00,Feeder_2,0.0,24.1,60,0.0,82.17,49.3,32.87,Normal,82.17,Normal
2026-09-24 21:00:00,Feeder_2,0.0,22.31,60,0.0,81.07,48.64,32.43,Normal,81.07,Normal
2026-09-24 22:00:00,Feeder_2,0.0,20.14,60,0.0,68.81,41.29,27.52,Normal,68.81,Normal
2026-09-24 23:00:00,Feeder_2,0.0,18.17,60,0.0,58.4,35.04,23.36,Normal,58.4,Normal
2026-09-25 00:00:00,Feeder_2,0.0,18.28,60,0.0,52.73,31.64,21.09,Normal,52.73,Normal
2026-09-25 01:00:00,Feeder_2,0.0,16.92,60,0.0,46.23,27.74,18.49,Normal,46.23,Normal
2026-09-25 02:00:00,Feeder_2,0.0,17.4,60,0.0,54.49,32.69,21.8,Normal,54.49,Normal
2026-09-25 03:00:00,Feeder_2,0.0,17.41,60,0.0,52.01,31.21,20.8,Normal,52.01,Normal
2026-09-25 04:00:00,Feeder_2,0.0,17.89,60,0.0,55.56,33.34,22.22,Normal,55.56,Normal
2026-09-25 05:00:00,Feeder_2,0.0,19.7,60,0.0,51.93,31.16,20.77,Normal,51.93,Normal
2026-09-25 06:00:00,Feeder_2,0.0,19.94,60,0.0,58.04,34.82,23.22,Normal,58.04,Normal
2026-09-25 07:00:00,Feeder_2,235.94,21.62,60,14.35,64.38,38.63,25.75,Normal,50.03,Normal
2026-09-25 08:00:00,Feeder_2,500.0,23.66,60,30.16,68.41,41.05,27.36,Normal,38.25,Normal
2026-09-25 09:00:00,Feeder_2,699.31,25.78,60,41.83,77.37,46.42,30.95,Normal,35.54,Normal
2026-09-25 10:00:00,Feeder_2,866.03,27.48,60,51.45,76.8,46.08,30.72,Normal,25.35,Normal
2026-09-25 11:00:00,Feeder_2,965.93,28.81,60,57.07,59.81,35.89,23.92,Normal,2.74,Normal
2026-09-25 12:00:00,Feeder_2,968.48,29.93,60,56.96,58.98,35.39,23.59,Normal,2.02,Normal
2026-09-25 13:00:00,Feeder_2,965.93,30.29,60,56.73,53.18,31.91,21.27,Normal,-3.55,Normal
2026-09-25 14:00:00,Feeder_2,866.03,31.61,60,50.59,53.69,32.21,21.48,Normal,3.1,Normal
2026-09-25 15:00:00,Feeder_2,707.11,30.79,60,41.44,52.58,31.55,21.03,Normal,11.14,Normal
2026-09-25 16:00:00,Feeder_2,500.0,29.53,60,29.46,52.57,31.54,21.03,Normal,23.11,Normal
2026-09-25 17:00:00,Feeder_2,234.82,29.1,60,13.86,61.89,37.13,24.76,Normal,48.03,Normal
2026-09-25 18:00:00,Feeder_2,0.0,26.54,60,0.0,67.94,40.76,27.18,Normal,67.94,Normal
2026-09-25 19:00:00,Feeder_2,0.0,26.03,60,0.0,81.7,49.02,32.68,Normal,81.7,Normal
2026-09-25 20:00:00,Feeder_2,0.0,23.49,60,0.0,87.29,52.37,34.92,Normal,87.29,Normal
2026-09-25 21:00:00,Feeder_2,0.0,23.06,60,0.0,82.05,49.23,32.82,Normal,82.05,Normal
2026-09-25 22:00:00,Feeder_2,0.0,20.26,60,0.0,68.74,41.24,27.5,Normal,68.74,Normal
2026-09-25 23:00:00,Feeder_2,0.0,19.5,60,0.0,59.28,35.57,23.71,Normal,59.28,Normal
2026-09-26 00:00:00,Feeder_2,0.0,18.69,60,0.0,51.12,30.67,20.45,Normal,51.12,Normal
2026-09-26 01:00:00,Feeder_2,0.0,17.0,60,0.0,51.91,31.15,20.76,Normal,51.91,Normal
2026-09-26 02:00:00,Feeder_2,0.0,16.24,60,0.0,56.05,33.63,22.42,Normal,56.05,Normal
2026-09-26 03:00:00,Feeder_2,0.0,17.08,60,0.0,48.31,28.99,19.32,Normal,48.31,Normal
2026-09-26 04:00:00,Feeder_2,0.0,17.97,60,0.0,52.28,31.37,20.91,Normal,52.28,Normal
2026-09-26 05:00:00,Feeder_2,0.0,19.25,60,0.0,56.36,33.82,22.54,Normal,56.36,Normal
2026-09-26 06:00:00,Feeder_2,0.0,20.08,60,0.0,59.98,35.99,23.99,Normal,59.98,Normal
2026-09-26 07:00:00,Feeder_2,258.82,23.45,60,15.63,61.03,36.62,24.41,Normal,45.4,Normal
2026-09-26 08:00:00,Feeder_2,500.0,23.17,60,30.22,73.54,44.12,29.42,Normal,43.32,Normal
2026-09-26 09:00:00,Feeder_2,660.59,26.58,60,39.38,74.06,44.44,29.62,Normal,34.68,Normal
2026-09-26 10:00:00,Feeder_2,690.48,27.31,60,41.05,67.22,40.33,26.89,Normal,26.17,Normal
2026-09-26 11:00:00,Feeder_2,965.93,28.12,60,57.23,63.91,38.35,25.56,Normal,6.68,Normal
2026-09-26 12:00:00,Feeder_2,750.66,29.93,60,44.15,60.69,36.41,24.28,Normal,16.54,Normal
2026-09-26 13:00:00,Feeder_2,965.93,30.42,60,56.7,52.67,31.6,21.07,Normal,-4.03,Normal
2026-09-26 14:00:00,Feeder_2,866.03,31.19,60,50.68,48.06,28.84,19.22,Normal,-2.62,Normal
2026-09-26 15:00:00,Feeder_2,707.11,29.68,60,41.63,50.03,30.02,20.01,Normal,8.4,Normal
2026-09-26 16:00:00,Feeder_2,470.7,30.32,60,27.64,53.5,32.1,21.4,Normal,25.86,Normal
2026-09-26 17:00:00,Feeder_2,215.16,28.56,60,12.73,59.31,35.59,23.72,Normal,46.58,Normal
2026-09-26 18:00:00,Feeder_2,0.0,27.27,60,0.0,67.77,40.66,27.11,Normal,67.77,Normal
2026-09-26 19:00:00,Feeder_2,0.0,25.6,60,0.0,80.41,48.25,32.16,Normal,80.41,Normal
2026-09-26 20:00:00,Feeder_2,0.0,23.43,60,0.0,81.37,48.82,32.55,Normal,81.37,Normal
2026-09-26 21:00:00,Feeder_2,0.0,21.92,60,0.0,79.83,47.9,31.93,Normal,79.83,Normal
2026-09-26 22:00:00,Feeder_2,0.0,20.4,60,0.0,72.97,43.78,29.19,Normal,72.97,Normal
2026-09-26 23:00:00,Feeder_2,0.0,19.4,60,0.0,55.27,33.16,22.11,Normal,55.27,Normal
2026-09-27 00:00:00,Feeder_2,0.0,16.8,60,0.0,48.98,29.39,19.59,Normal,48.98,Normal
2026-09-27 01:00:00,Feeder_2,0.0,17.45,60,0.0,50.45,30.27,20.18,Normal,50.45,Normal
2026-09-27 02:00:00,Feeder_2,0.0,16.72,60,0.0,51.52,30.91,20.61,Normal,51.52,Normal
2026-09-27 03:00:00,Feeder_2,0.0,16.59,60,0.0,51.81,31.09,20.72,Normal,51.81,Normal
2026-09-27 04:00:00,Feeder_2,0.0,17.77,60,0.0,53.14,31.88,21.26,Normal,53.14,Normal
2026-09-27 05:00:00,Feeder_2,0.0,19.01,60,0.0,53.72,32.23,21.49,Normal,53.72,Normal
2026-09-27 06:00:00,Feeder_2,0.0,20.57,60,0.0,57.73,34.64,23.09,Normal,57.73,Normal
2026-09-27 07:00:00,Feeder_2,258.82,21.78,60,15.73,64.35,38.61,25.74,Normal,48.62,Normal
2026-09-27 08:00:00,Feeder_2,500.0,24.18,60,30.1,74.57,44.74,29.83,Normal,44.47,Normal
2026-09-27 09:00:00,Feeder_2,687.0,26.11,60,41.04,76.7,46.02,30.68,Normal,35.66,Normal
2026-09-27 10:00:00,Feeder_2,767.2,27.63,60,45.55,69.68,41.81,27.87,Normal,24.13,Normal
2026-09-27 11:00:00,Feeder_2,892.57,29.03,60,52.69,64.58,38.75,25.83,Normal,11.89,Normal
2026-09-27 12:00:00,Feeder_2,857.29,30.48,60,50.31,58.01,34.81,23.2,Normal,7.7,Normal
2026-09-27 13:00:00,Feeder_2,884.24,30.15,60,51.96,52.38,31.43,20.95,Normal,0.42,Normal
2026-09-27 14:00:00,Feeder_2,819.68,31.05,60,47.99,50.57,30.34,20.23,Normal,2.58,Normal
2026-09-27 15:00:00,Feeder_2,536.77,30.61,60,31.48,50.84,30.5,20.34,Normal,19.36,Normal
2026-09-27 16:00:00,Feeder_2,500.0,29.78,60,29.43,57.64,34.58,23.06,Normal,28.21,Normal
2026-09-27 17:00:00,Feeder_2,199.45,29.47,60,11.75,58.25,34.95,23.3,Normal,46.5,Normal
2026-09-27 18:00:00,Feeder_2,0.0,27.53,60,0.0,71.82,43.09,28.73,Normal,71.82,Normal
2026-09-27 19:00:00,Feeder_2,0.0,25.37,60,0.0,84.18,50.51,33.67,Normal,84.18,Normal
2026-09-27 20:00:00,Feeder_2,0.0,24.09,60,0.0,89.09,53.45,35.64,Normal,89.09,Normal
2026-09-27 21:00:00,Feeder_2,0.0,22.43,60,0.0,79.15,47.49,31.66,Normal,79.15,Normal
2026-09-27 22:00:00,Feeder_2,0.0,20.53,60,0.0,65.22,39.13,26.09,Normal,65.22,Normal
2026-09-27 23:00:00,Feeder_2,0.0,19.59,60,0.0,61.03,36.62,24.41,Normal,61.03,Normal
2026-09-28 00:00:00,Feeder_2,0.0,18.04,60,0.0,50.26,30.16,20.1,Normal,50.26,Normal
2026-09-28 01:00:00,Feeder_2,0.0,17.16,60,0.0,51.58,30.95,20.63,Normal,51.58,Normal
2026-09-28 02:00:00,Feeder_2,0.0,16.69,60,0.0,54.9,32.94,21.96,Normal,54.9,Normal
2026-09-28 03:00:00,Feeder_2,0.0,17.89,60,0.0,50.13,30.08,20.05,Normal,50.13,Normal
2026-09-28 04:00:00,Feeder_2,0.0,17.18,60,0.0,50.25,30.15,20.1,Normal,50.25,Normal
2026-09-28 05:00:00,Feeder_2,0.0,18.81,60,0.0,52.39,31.43,20.96,Normal,52.39,Normal
2026-09-28 06:00:00,Feeder_2,0.0,20.58,60,0.0,57.35,34.41,22.94,Normal,57.35,Normal
2026-09-28 07:00:00,Feeder_2,224.79,21.84,60,13.66,68.33,41.0,27.33,Normal,54.67,Normal
2026-09-28 08:00:00,Feeder_2,455.89,24.66,60,27.39,71.55,42.93,28.62,Normal,44.16,Normal
2026-09-28 09:00:00,Feeder_2,707.11,26.24,60,42.22,79.18,47.51,31.67,Normal,36.96,Normal
2026-09-28 10:00:00,Feeder_2,854.51,27.34,60,50.79,72.02,43.21,28.81,Normal,21.23,Normal
2026-09-28 11:00:00,Feeder_2,965.93,29.31,60,56.96,63.85,38.31,25.54,Normal,6.89,Normal
2026-09-28 12:00:00,Feeder_2,1000.0,30.72,60,58.63,57.53,34.52,23.01,Normal,-1.1,Normal
2026-09-28 13:00:00,Feeder_2,965.93,30.15,60,56.76,46.17,27.7,18.47,Normal,-10.59,Normal
2026-09-28 14:00:00,Feeder_2,866.03,30.96,60,50.72,50.19,30.11,20.08,Normal,-0.53,Normal
2026-09-28 15:00:00,Feeder_2,707.11,30.74,60,41.45,54.42,32.65,21.77,Normal,12.97,Normal
2026-09-28 16:00:00,Feeder_2,500.0,29.76,60,29.43,55.91,33.55,22.36,Normal,26.48,Normal
2026-09-28 17:00:00,Feeder_2,252.08,29.16,60,14.87,57.62,34.57,23.05,Normal,42.75,Normal
2026-09-28 18:00:00,Feeder_2,0.0,27.53,60,0.0,69.0,41.4,27.6,Normal,69.0,Normal
2026-09-28 19:00:00,Feeder_2,0.0,25.7,60,0.0,76.04,45.62,30.42,Normal,76.04,Normal
2026-09-28 20:00:00,Feeder_2,0.0,24.32,60,0.0,85.26,51.16,34.1,Normal,85.26,Normal
2026-09-28 21:00:00,Feeder_2,0.0,22.58,60,0.0,78.85,47.31,31.54,Normal,78.85,Normal
2026-09-28 22:00:00,Feeder_2,0.0,20.44,60,0.0,67.76,40.66,27.1,Normal,67.76,Normal
2026-09-28 23:00:00,Feeder_2,0.0,18.98,60,0.0,60.04,36.02,24.02,Normal,60.04,Normal
2026-09-29 00:00:00,Feeder_2,0.0,18.06,60,0.0,55.53,33.32,22.21,Normal,55.53,Normal
2026-09-29 01:00:00,Feeder_2,0.0,17.35,60,0.0,49.73,29.84,19.89,Normal,49.73,Normal
2026-09-29 02:00:00,Feeder_2,0.0,16.77,60,0.0,49.81,29.89,19.92,Normal,49.81,Normal
2026-09-29 03:00:00,Feeder_2,0.0,18.18,60,0.0,49.27,29.56,19.71,Normal,49.27,Normal
2026-09-29 04:00:00,Feeder_2,0.0,17.91,60,0.0,52.38,31.43,20.95,Normal,52.38,Normal
2026-09-29 05:00:00,Feeder_2,0.0,19.56,60,0.0,46.67,28.0,18.67,Normal,46.67,Normal
2026-09-29 06:00:00,Feeder_2,0.0,20.3,60,0.0,59.32,35.59,23.73,Normal,59.32,Normal
2026-09-29 07:00:00,Feeder_2,210.19,20.99,60,12.81,65.26,39.16,26.1,Normal,52.45,Normal
2026-09-29 08:00:00,Feeder_2,500.0,23.56,60,30.17,69.7,41.82,27.88,Normal,39.53,Normal
2026-09-29 09:00:00,Feeder_2,624.82,25.86,60,37.36,74.43,44.66,29.77,Normal,37.07,Normal
2026-09-29 10:00:00,Feeder_2,866.03,26.36,60,51.68,70.02,42.01,28.01,Normal,18.34,Normal
2026-09-29 11:00:00,Feeder_2,835.4,28.85,60,49.35,62.49,37.49,25.0,Normal,13.14,Normal
2026-09-29 12:00:00,Feeder_2,1000.0,29.32,60,58.96,56.69,34.01,22.68,Normal,-2.27,Normal
2026-09-29 13:00:00,Feeder_2,965.93,31.5,60,56.45,51.54,30.92,20.62,Normal,-4.91,Normal
2026-09-29 14:00:00,Feeder_2,866.03,30.28,60,50.86,45.49,27.29,18.2,Normal,-5.37,Normal
2026-09-29 15:00:00,Feeder_2,707.11,30.76,60,41.45,54.55,32.73,21.82,Normal,13.1,Normal
2026-09-29 16:00:00,Feeder_2,417.6,30.27,60,24.53,58.11,34.87,23.24,Normal,33.58,Normal
2026-09-29 17:00:00,Feeder_2,258.82,29.06,60,15.28,58.83,35.3,23.53,Normal,43.55,Normal
2026-09-29 18:00:00,Feeder_2,0.0,28.04,60,0.0,67.44,40.46,26.98,Normal,67.44,Normal
2026-09-29 19:00:00,Feeder_2,0.0,25.19,60,0.0,77.68,46.61,31.07,Normal,77.68,Normal
2026-09-29 20:00:00,Feeder_2,0.0,23.86,60,0.0,89.63,53.78,35.85,Normal,89.63,Normal
2026-09-29 21:00:00,Feeder_2,0.0,21.45,60,0.0,82.86,49.72,33.14,Normal,82.86,Normal
2026-09-29 22:00:00,Feeder_2,0.0,20.78,60,0.0,69.03,41.42,27.61,Normal,69.03,Normal
2026-09-29 23:00:00,Feeder_2,0.0,19.12,60,0.0,64.3,38.58,25.72,Normal,64.3,Normal
2026-09-30 00:00:00,Feeder_2,0.0,17.91,60,0.0,53.69,32.21,21.48,Normal,53.69,Normal
2026-09-30 01:00:00,Feeder_2,0.0,17.32,60,0.0,48.27,28.96,19.31,Normal,48.27,Normal
2026-09-30 02:00:00,Feeder_2,0.0,17.41,60,0.0,48.92,29.35,19.57,Normal,48.92,Normal
2026-09-30 03:00:00,Feeder_2,0.0,17.2,60,0.0,48.84,29.3,19.54,Normal,48.84,Normal
2026-09-30 04:00:00,Feeder_2,0.0,17.82,60,0.0,53.29,31.97,21.32,Normal,53.29,Normal
2026-09-30 05:00:00,Feeder_2,0.0,19.03,60,0.0,53.97,32.38,21.59,Normal,53.97,Normal
2026-09-30 06:00:00,Feeder_2,0.0,19.7,60,0.0,53.78,32.27,21.51,Normal,53.78,Normal
2026-09-30 07:00:00,Feeder_2,258.82,22.14,60,15.71,62.53,37.52,25.01,Normal,46.82,Normal
2026-09-30 08:00:00,Feeder_2,418.49,23.57,60,25.25,67.11,40.27,26.84,Normal,41.86,Normal
2026-09-30 09:00:00,Feeder_2,698.51,25.57,60,41.82,73.58,44.15,29.43,Normal,31.76,Normal
2026-09-30 10:00:00,Feeder_2,858.95,27.65,60,50.99,77.4,46.44,30.96,Normal,26.41,Normal
2026-09-30 11:00:00,Feeder_2,790.68,29.41,60,46.6,66.27,39.76,26.51,Normal,19.67,Normal
2026-09-30 12:00:00,Feeder_2,906.51,30.14,60,53.27,55.43,33.26,22.17,Normal,2.16,Normal
2026-09-30 13:00:00,Feeder_2,965.93,31.37,60,56.48,54.26,32.56,21.7,Normal,-2.22,Normal
2026-09-30 14:00:00,Feeder_2,866.03,30.83,60,50.75,47.76,28.66,19.1,Normal,-2.99,Normal
2026-09-30 15:00:00,Feeder_2,689.42,31.24,60,40.33,47.79,28.67,19.12,Normal,7.46,Normal
2026-09-30 16:00:00,Feeder_2,436.69,30.11,60,25.67,50.98,30.59,20.39,Normal,25.31,Normal
2026-09-30 17:00:00,Feeder_2,234.2,28.78,60,13.84,55.4,33.24,22.16,Normal,41.56,Normal
2026-09-30 18:00:00,Feeder_2,0.0,27.78,60,0.0,65.7,39.42,26.28,Normal,65.7,Normal
2026-09-30 19:00:00,Feeder_2,0.0,25.56,60,0.0,82.46,49.48,32.98,Normal,82.46,Normal
2026-09-30 20:00:00,Feeder_2,0.0,23.81,60,0.0,86.11,51.67,34.44,Normal,86.11,Normal
2026-09-30 21:00:00,Feeder_2,0.0,22.39,60,0.0,81.59,48.95,32.64,Normal,81.59,Normal
2026-09-30 22:00:00,Feeder_2,0.0,20.9,60,0.0,66.15,39.69,26.46,Normal,66.15,Normal
2026-09-30 23:00:00,Feeder_2,0.0,19.11,60,0.0,57.97,34.78,23.19,Normal,57.97,Normal
2026-09-01 00:00:00,Feeder_3,0.0,17.89,70,0.0,62.05,37.23,24.82,Normal,62.05,Normal
2026-09-01 01:00:00,Feeder_3,0.0,16.93,70,0.0,61.59,36.95,24.64,Normal,61.59,Normal
2026-09-01 02:00:00,Feeder_3,0.0,17.36,70,0.0,63.26,37.96,25.3,Normal,63.26,Normal
2026-09-01 03:00:00,Feeder_3,0.0,17.51,70,0.0,56.18,33.71,22.47,Normal,56.18,Normal
2026-09-01 04:00:00,Feeder_3,0.0,18.02,70,0.0,60.57,36.34,24.23,Normal,60.57,Normal
2026-09-01 05:00:00,Feeder_3,0.0,18.39,70,0.0,62.0,37.2,24.8,Normal,62.0,Normal
2026-09-01 06:00:00,Feeder_3,0.0,20.37,70,0.0,66.93,40.16,26.77,Normal,66.93,Normal
2026-09-01 07:00:00,Feeder_3,258.82,22.97,70,18.26,74.4,44.64,29.76,Normal,56.14,Normal
2026-09-01 08:00:00,Feeder_3,460.77,24.01,70,32.38,80.04,48.02,32.02,Normal,47.66,Normal
2026-09-01 09:00:00,Feeder_3,572.85,25.44,70,40.03,82.6,49.56,33.04,Normal,42.57,Normal
2026-09-01 10:00:00,Feeder_3,654.42,27.52,70,45.35,79.54,47.72,31.82,Normal,34.19,Normal
2026-09-01 11:00:00,Feeder_3,772.02,29.11,70,53.15,73.63,44.18,29.45,Normal,20.48,Normal
2026-09-01 12:00:00,Feeder_3,1000.0,29.93,70,68.62,66.06,39.64,26.42,Normal,-2.56,Normal
2026-09-01 13:00:00,Feeder_3,965.93,30.88,70,66.02,58.69,35.21,23.48,Normal,-7.33,Normal
2026-09-01 14:00:00,Feeder_3,866.03,31.48,70,59.05,57.98,34.79,23.19,Normal,-1.07,Normal
2026-09-01 15:00:00,Feeder_3,707.11,30.55,70,48.4,59.69,35.81,23.88,Normal,11.29,Normal
2026-09-01 16:00:00,Feeder_3,459.65,30.15,70,31.51,57.08,34.25,22.83,Normal,25.57,Normal
2026-09-01 17:00:00,Feeder_3,241.86,28.51,70,16.69,67.15,40.29,26.86,Normal,50.46,Normal
2026-09-01 18:00:00,Feeder_3,0.0,27.76,70,0.0,71.04,42.62,28.42,Normal,71.04,Normal
2026-09-01 19:00:00,Feeder_3,0.0,25.93,70,0.0,86.69,52.01,34.68,Normal,86.69,Normal
2026-09-01 20:00:00,Feeder_3,0.0,24.07,70,0.0,92.33,55.4,36.93,Normal,92.33,Normal
2026-09-01 21:00:00,Feeder_3,0.0,21.95,70,0.0,87.62,52.57,35.05,Normal,87.62,Normal
2026-09-01 22:00:00,Feeder_3,0.0,19.93,70,0.0,77.33,46.4,30.93,Normal,77.33,Normal
2026-09-01 23:00:00,Feeder_3,0.0,19.26,70,0.0,68.86,41.32,27.54,Normal,68.86,Normal
2026-09-02 00:00:00,Feeder_3,0.0,17.72,70,0.0,61.1,36.66,24.44,Normal,61.1,Normal
2026-09-02 01:00:00,Feeder_3,0.0,16.88,70,0.0,56.59,33.95,22.64,Normal,56.59,Normal
2026-09-02 02:00:00,Feeder_3,0.0,17.38,70,0.0,60.23,36.14,24.09,Normal,60.23,Normal
2026-09-02 03:00:00,Feeder_3,0.0,16.89,70,0.0,59.93,35.96,23.97,Normal,59.93,Normal
2026-09-02 04:00:00,Feeder_3,0.0,18.28,70,0.0,59.1,35.46,23.64,Normal,59.1,Normal
2026-09-02 05:00:00,Feeder_3,0.0,19.27,70,0.0,62.93,37.76,25.17,Normal,62.93,Normal
2026-09-02 06:00:00,Feeder_3,0.0,20.48,70,0.0,61.93,37.16,24.77,Normal,61.93,Normal
2026-09-02 07:00:00,Feeder_3,181.23,22.27,70,12.82,73.36,44.02,29.34,Normal,60.54,Normal
2026-09-02 08:00:00,Feeder_3,500.0,23.22,70,35.25,79.28,47.57,31.71,Normal,44.03,Normal
2026-09-02 09:00:00,Feeder_3,518.87,26.36,70,36.12,81.28,48.77,32.51,Normal,45.16,Normal
2026-09-02 10:00:00,Feeder_3,866.03,27.88,70,59.92,77.91,46.75,31.16,Normal,17.99,Normal
2026-09-02 11:00:00,Feeder_3,834.62,29.09,70,57.47,69.72,41.83,27.89,Normal,12.25,Normal
2026-09-02 12:00:00,Feeder_3,1000.0,29.87,70,68.64,60.13,36.08,24.05,Normal,-8.51,Normal
2026-09-02 13:00:00,Feeder_3,707.39,30.85,70,48.36,59.34,35.6,23.74,Normal,10.98,Normal
2026-09-02 14:00:00,Feeder_3,808.55,31.28,70,55.18,62.41,37.45,24.96,Normal,7.23,Normal
2026-09-02 15:00:00,Feeder_3,683.98,30.63,70,46.8,60.85,36.51,24.34,Normal,14.05,Normal
2026-09-02 16:00:00,Feeder_3,418.58,30.15,70,28.7,62.82,37.69,25.13,Normal,34.12,Normal
2026-09-02 17:00:00,Feeder_3,258.82,28.18,70,17.89,64.91,38.95,25.96,Normal,47.02,Normal
2026-09-02 18:00:00,Feeder_3,0.0,27.54,70,0.0,78.17,46.9,31.27,Normal,78.17,Normal
2026-09-02 19:00:00,Feeder_3,0.0,25.61,70,0.0,87.38,52.43,34.95,Normal,87.38,Normal
2026-09-02 20:00:00,Feeder_3,0.0,24.12,70,0.0,97.17,58.3,38.87,Normal,97.17,Normal
2026-09-02 21:00:00,Feeder_3,0.0,21.73,70,0.0,85.29,51.17,34.12,Normal,85.29,Normal
2026-09-02 22:00:00,Feeder_3,0.0,20.76,70,0.0,79.94,47.96,31.98,Normal,79.94,Normal
2026-09-02 23:00:00,Feeder_3,0.0,19.39,70,0.0,69.72,41.83,27.89,Normal,69.72,Normal
2026-09-03 00:00:00,Feeder_3,0.0,17.48,70,0.0,61.13,36.68,24.45,Normal,61.13,Normal
2026-09-03 01:00:00,Feeder_3,0.0,17.28,70,0.0,59.97,35.98,23.99,Normal,59.97,Normal
2026-09-03 02:00:00,Feeder_3,0.0,17.51,70,0.0,62.24,37.34,24.9,Normal,62.24,Normal
2026-09-03 03:00:00,Feeder_3,0.0,17.58,70,0.0,60.35,36.21,24.14,Normal,60.35,Normal
2026-09-03 04:00:00,Feeder_3,0.0,18.24,70,0.0,55.9,33.54,22.36,Normal,55.9,Normal
2026-09-03 05:00:00,Feeder_3,0.0,18.57,70,0.0,61.45,36.87,24.58,Normal,61.45,Normal
2026-09-03 06:00:00,Feeder_3,0.0,20.72,70,0.0,64.49,38.69,25.8,Normal,64.49,Normal
2026-09-03 07:00:00,Feeder_3,209.29,22.36,70,14.81,70.39,42.23,28.16,Normal,55.58,Normal
2026-09-03 08:00:00,Feeder_3,500.0,24.0,70,35.14,81.15,48.69,32.46,Normal,46.01,Normal
2026-09-03 09:00:00,Feeder_3,625.85,25.58,70,43.71,82.85,49.71,33.14,Normal,39.14,Normal
2026-09-03 10:00:00,Feeder_3,866.03,28.17,70,59.85,78.15,46.89,31.26,Normal,18.3,Normal
2026-09-03 11:00:00,Feeder_3,965.93,28.08,70,66.78,68.85,41.31,27.54,Normal,2.07,Normal
2026-09-03 12:00:00,Feeder_3,884.95,29.52,70,60.83,60.62,36.37,24.25,Normal,-0.21,Normal
2026-09-03 13:00:00,Feeder_3,965.93,30.68,70,66.08,61.7,37.02,24.68,Normal,-4.38,Normal
2026-09-03 14:00:00,Feeder_3,866.03,31.11,70,59.14,61.12,36.67,24.45,Normal,1.98,Normal
2026-09-03 15:00:00,Feeder_3,701.21,30.29,70,48.05,62.25,37.35,24.9,Normal,14.2,Normal
2026-09-03 16:00:00,Feeder_3,464.65,29.69,70,31.92,60.99,36.59,24.4,Normal,29.07,Normal
2026-09-03 17:00:00,Feeder_3,230.47,28.78,70,15.89,67.67,40.6,27.07,Normal,51.78,Normal
2026-09-03 18:00:00,Feeder_3,0.0,27.14,70,0.0,75.75,45.45,30.3,Normal,75.75,Normal
2026-09-03 19:00:00,Feeder_3,0.0,26.01,70,0.0,93.81,56.29,37.52,Normal,93.81,Normal
2026-09-03 20:00:00,Feeder_3,0.0,24.46,70,0.0,90.53,54.32,36.21,Normal,90.53,Normal
2026-09-03 21:00:00,Feeder_3,0.0,22.17,70,0.0,87.25,52.35,34.9,Normal,87.25,Normal
2026-09-03 22:00:00,Feeder_3,0.0,20.88,70,0.0,78.22,46.93,31.29,Normal,78.22,Normal
2026-09-03 23:00:00,Feeder_3,0.0,19.35,70,0.0,65.22,39.13,26.09,Normal,65.22,Normal
2026-09-04 00:00:00,Feeder_3,0.0,17.82,70,0.0,58.45,35.07,23.38,Normal,58.45,Normal
2026-09-04 01:00:00,Feeder_3,0.0,16.82,70,0.0,63.86,38.32,25.54,Normal,63.86,Normal
2026-09-04 02:00:00,Feeder_3,0.0,16.76,70,0.0,59.93,35.96,23.97,Normal,59.93,Normal
2026-09-04 03:00:00,Feeder_3,0.0,17.2,70,0.0,58.92,35.35,23.57,Normal,58.92,Normal
2026-09-04 04:00:00,Feeder_3,0.0,17.85,70,0.0,62.87,37.72,25.15,Normal,62.87,Normal
2026-09-04 05:00:00,Feeder_3,0.0,19.4,70,0.0,58.32,34.99,23.33,Normal,58.32,Normal
2026-09-04 06:00:00,Feeder_3,0.0,20.38,70,0.0,62.06,37.24,24.82,Normal,62.06,Normal
2026-09-04 07:00:00,Feeder_3,258.82,21.97,70,18.34,73.47,44.08,29.39,Normal,55.13,Normal
2026-09-04 08:00:00,Feeder_3,435.79,24.69,70,30.54,77.92,46.75,31.17,Normal,47.38,Normal
2026-09-04 09:00:00,Feeder_3,707.11,26.13,70,49.27,82.57,49.54,33.03,Normal,33.3,Normal
2026-09-04 10:00:00,Feeder_3,866.03,27.01,70,60.13,83.79,50.27,33.52,Normal,23.66,Normal
2026-09-04 11:00:00,Feeder_3,965.93,28.71,70,66.61,71.09,42.65,28.44,Normal,4.48,Normal
2026-09-04 12:00:00,Feeder_3,1000.0,29.83,70,68.65,62.71,37.63,25.08,Normal,-5.94,Normal
2026-09-04 13:00:00,Feeder_3,940.25,30.29,70,64.42,65.3,39.18,26.12,Normal,0.88,Normal
2026-09-04 14:00:00,Feeder_3,807.16,31.33,70,55.07,60.0,36.0,24.0,Normal,4.93,Normal
2026-09-04 15:00:00,Feeder_3,623.57,30.76,70,42.64,61.56,36.94,24.62,Normal,18.92,Normal
2026-09-04 16:00:00,Feeder_3,488.7,30.54,70,33.45,63.99,38.39,25.6,Normal,30.54,Normal
2026-09-04 17:00:00,Feeder_3,258.82,28.77,70,17.84,64.11,38.47,25.64,Normal,46.27,Normal
2026-09-04 18:00:00,Feeder_3,0.0,27.58,70,0.0,78.33,47.0,31.33,Normal,78.33,Normal
2026-09-04 19:00:00,Feeder_3,0.0,25.81,70,0.0,89.02,53.41,35.61,Normal,89.02,Normal
2026-09-04 20:00:00,Feeder_3,0.0,24.52,70,0.0,95.05,57.03,38.02,Normal,95.05,Normal
2026-09-04 21:00:00,Feeder_3,0.0,22.1,70,0.0,90.97,54.58,36.39,Normal,90.97,Normal
2026-09-04 22:00:00,Feeder_3,0.0,21.02,70,0.0,74.24,44.54,29.7,Normal,74.24,Normal
2026-09-04 23:00:00,Feeder_3,0.0,18.91,70,0.0,68.03,40.82,27.21,Normal,68.03,Normal
2026-09-05 00:00:00,Feeder_3,0.0,17.6,70,0.0,59.17,35.5,23.67,Normal,59.17,Normal
2026-09-05 01:00:00,Feeder_3,0.0,17.82,70,0.0,57.72,34.63,23.09,Normal,57.72,Normal
2026-09-05 02:00:00,Feeder_3,0.0,16.88,70,0.0,61.87,37.12,24.75,Normal,61.87,Normal
2026-09-05 03:00:00,Feeder_3,0.0,17.23,70,0.0,58.8,35.28,23.52,Normal,58.8,Normal
2026-09-05 04:00:00,Feeder_3,0.0,18.63,70,0.0,57.17,34.3,22.87,Normal,57.17,Normal
2026-09-05 05:00:00,Feeder_3,0.0,19.19,70,0.0,63.89,38.33,25.56,Normal,63.89,Normal
2026-09-05 06:00:00,Feeder_3,0.0,20.21,70,0.0,67.32,40.39,26.93,Normal,67.32,Normal
2026-09-05 07:00:00,Feeder_3,258.82,21.57,70,18.37,70.49,42.29,28.2,Normal,52.12,Normal
2026-09-05 08:00:00,Feeder_3,500.0,24.34,70,35.09,78.46,47.08,31.38,Normal,43.37,Normal
2026-09-05 09:00:00,Feeder_3,459.82,26.02,70,32.06,80.95,48.57,32.38,Normal,48.89,Normal
2026-09-05 10:00:00,Feeder_3,656.38,26.37,70,45.69,82.2,49.32,32.88,Normal,36.51,Normal
2026-09-05 11:00:00,Feeder_3,965.93,28.86,70,66.57,75.31,45.19,30.12,Normal,8.74,Normal
2026-09-05 12:00:00,Feeder_3,1000.0,30.71,70,68.4,61.1,36.66,24.44,Normal,-7.3,Normal
2026-09-05 13:00:00,Feeder_3,961.92,30.11,70,65.96,60.17,36.1,24.07,Normal,-5.79,Normal
2026-09-05 14:00:00,Feeder_3,840.19,31.25,70,57.34,59.59,35.75,23.84,Normal,2.25,Normal
2026-09-05 15:00:00,Feeder_3,707.11,31.04,70,48.3,64.99,38.99,26.0,Normal,16.69,Normal
2026-09-05 16:00:00,Feeder_3,481.08,29.69,70,33.04,62.05,37.23,24.82,Normal,29.01,Normal
2026-09-05 17:00:00,Feeder_3,233.9,29.54,70,16.08,66.1,39.66,26.44,Normal,50.02,Normal
2026-09-05 18:00:00,Feeder_3,0.0,27.31,70,0.0,78.77,47.26,31.51,Normal,78.77,Normal
2026-09-05 19:00:00,Feeder_3,0.0,25.56,70,0.0,92.79,55.67,37.12,Normal,92.79,Normal
2026-09-05 20:00:00,Feeder_3,0.0,24.01,70,0.0,95.63,57.38,38.25,Normal,95.63,Normal
2026-09-05 21:00:00,Feeder_3,0.0,22.38,70,0.0,85.99,51.59,34.4,Normal,85.99,Normal
2026-09-05 22:00:00,Feeder_3,0.0,20.11,70,0.0,78.7,47.22,31.48,Normal,78.7,Normal
2026-09-05 23:00:00,Feeder_3,0.0,19.39,70,0.0,67.44,40.46,26.98,Normal,67.44,Normal
2026-09-06 00:00:00,Feeder_3,0.0,17.71,70,0.0,62.68,37.61,25.07,Normal,62.68,Normal
2026-09-06 01:00:00,Feeder_3,0.0,16.82,70,0.0,60.66,36.4,24.26,Normal,60.66,Normal
2026-09-06 02:00:00,Feeder_3,0.0,16.62,70,0.0,55.4,33.24,22.16,Normal,55.4,Normal
2026-09-06 03:00:00,Feeder_3,0.0,17.21,70,0.0,59.67,35.8,23.87,Normal,59.67,Normal
2026-09-06 04:00:00,Feeder_3,0.0,18.15,70,0.0,58.91,35.35,23.56,Normal,58.91,Normal
2026-09-06 05:00:00,Feeder_3,0.0,19.25,70,0.0,63.92,38.35,25.57,Normal,63.92,Normal
2026-09-06 06:00:00,Feeder_3,0.0,20.31,70,0.0,62.1,37.26,24.84,Normal,62.1,Normal
2026-09-06 07:00:00,Feeder_3,213.93,22.45,70,15.13,73.28,43.97,29.31,Normal,58.15,Normal
2026-09-06 08:00:00,Feeder_3,500.0,23.95,70,35.15,83.68,50.21,33.47,Normal,48.53,Normal
2026-09-06 09:00:00,Feeder_3,666.03,26.19,70,46.4,83.9,50.34,33.56,Normal,37.5,Normal
2026-09-06 10:00:00,Feeder_3,802.8,27.74,70,55.58,81.19,48.71,32.48,Normal,25.61,Normal
2026-09-06 11:00:00,Feeder_3,193.19,28.98,70,13.31,71.74,43.04,28.7,Weather Dip,58.43,Weather Dip
2026-09-06 12:00:00,Feeder_3,200.0,30.54,70,13.69,66.39,39.83,26.56,Weather Dip,52.7,Weather Dip
2026-09-06 13:00:00,Feeder_3,193.19,31.16,70,13.19,62.04,37.22,24.82,Weather Dip,48.85,Weather Dip
2026-09-06 14:00:00,Feeder_3,173.21,30.88,70,11.84,59.27,35.56,23.71,Weather Dip,47.43,Weather Dip
2026-09-06 15:00:00,Feeder_3,438.09,30.85,70,29.95,58.38,35.03,23.35,Normal,28.43,Normal
2026-09-06 16:00:00,Feeder_3,500.0,30.07,70,34.29,58.47,35.08,23.39,Normal,24.18,Normal
2026-09-06 17:00:00,Feeder_3,257.27,28.53,70,17.75,67.99,40.79,27.2,Normal,50.24,Normal
2026-09-06 18:00:00,Feeder_3,0.0,27.88,70,0.0,74.99,44.99,30.0,Normal,74.99,Normal
2026-09-06 19:00:00,Feeder_3,0.0,25.27,70,0.0,90.38,54.23,36.15,Normal,90.38,Normal
2026-09-06 20:00:00,Feeder_3,0.0,24.2,70,0.0,94.0,56.4,37.6,Normal,94.0,Normal
2026-09-06 21:00:00,Feeder_3,0.0,22.83,70,0.0,87.91,52.75,35.16,Normal,87.91,Normal
2026-09-06 22:00:00,Feeder_3,0.0,20.07,70,0.0,74.8,44.88,29.92,Normal,74.8,Normal
2026-09-06 23:00:00,Feeder_3,0.0,19.49,70,0.0,66.17,39.7,26.47,Normal,66.17,Normal
2026-09-07 00:00:00,Feeder_3,0.0,17.78,70,0.0,57.66,34.6,23.06,Normal,57.66,Normal
2026-09-07 01:00:00,Feeder_3,0.0,16.64,70,0.0,62.2,37.32,24.88,Normal,62.2,Normal
2026-09-07 02:00:00,Feeder_3,0.0,17.29,70,0.0,55.83,33.5,22.33,Normal,55.83,Normal
2026-09-07 03:00:00,Feeder_3,0.0,17.51,70,0.0,60.02,36.01,24.01,Normal,60.02,Normal
2026-09-07 04:00:00,Feeder_3,0.0,18.04,70,0.0,56.43,33.86,22.57,Normal,56.43,Normal
2026-09-07 05:00:00,Feeder_3,0.0,19.46,70,0.0,62.73,37.64,25.09,Normal,62.73,Normal
2026-09-07 06:00:00,Feeder_3,0.0,20.11,70,0.0,66.19,39.71,26.48,Normal,66.19,Normal
2026-09-07 07:00:00,Feeder_3,258.82,21.26,70,18.39,73.79,44.27,29.52,Normal,55.4,Normal
2026-09-07 08:00:00,Feeder_3,498.55,24.48,70,34.97,77.42,46.45,30.97,Normal,42.45,Normal
2026-09-07 09:00:00,Feeder_3,437.55,25.92,70,30.52,84.73,50.84,33.89,Normal,54.21,Normal
2026-09-07 10:00:00,Feeder_3,690.33,27.11,70,47.92,87.05,52.23,34.82,Normal,39.13,Normal
2026-09-07 11:00:00,Feeder_3,930.5,29.24,70,64.03,70.21,42.13,28.08,Normal,6.18,Normal
2026-09-07 12:00:00,Feeder_3,749.16,29.99,70,51.39,63.92,38.35,25.57,Normal,12.53,Normal
2026-09-07 13:00:00,Feeder_3,919.58,30.72,70,62.9,61.41,36.85,24.56,Normal,-1.49,Normal
2026-09-07 14:00:00,Feeder_3,850.42,30.49,70,58.22,60.69,36.41,24.28,Normal,2.47,Normal
2026-09-07 15:00:00,Feeder_3,541.7,29.94,70,37.17,61.45,36.87,24.58,Normal,24.28,Normal
2026-09-07 16:00:00,Feeder_3,500.0,30.04,70,34.29,57.95,34.77,23.18,Normal,23.66,Normal
2026-09-07 17:00:00,Feeder_3,236.83,28.84,70,16.32,62.82,37.69,25.13,Normal,46.5,Normal
2026-09-07 18:00:00,Feeder_3,0.0,27.76,70,0.0,80.54,48.32,32.22,Normal,80.54,Normal
2026-09-07 19:00:00,Feeder_3,0.0,26.11,70,0.0,83.84,50.3,33.54,Normal,83.84,Normal
2026-09-07 20:00:00,Feeder_3,0.0,23.68,70,0.0,94.77,56.86,37.91,Normal,94.77,Normal
2026-09-07 21:00:00,Feeder_3,0.0,22.72,70,0.0,86.44,51.86,34.58,Normal,86.44,Normal
2026-09-07 22:00:00,Feeder_3,0.0,20.39,70,0.0,76.57,45.94,30.63,Normal,76.57,Normal
2026-09-07 23:00:00,Feeder_3,0.0,18.71,70,0.0,66.77,40.06,26.71,Normal,66.77,Normal
2026-09-08 00:00:00,Feeder_3,0.0,18.03,70,0.0,59.21,35.53,23.68,Normal,59.21,Normal
2026-09-08 01:00:00,Feeder_3,0.0,17.61,70,0.0,56.37,33.82,22.55,Normal,56.37,Normal
2026-09-08 02:00:00,Feeder_3,0.0,16.53,70,0.0,60.48,36.29,24.19,Normal,60.48,Normal
2026-09-08 03:00:00,Feeder_3,0.0,16.47,70,0.0,59.29,35.57,23.72,Normal,59.29,Normal
2026-09-08 04:00:00,Feeder_3,0.0,17.63,70,0.0,62.76,37.66,25.1,Normal,62.76,Normal
2026-09-08 05:00:00,Feeder_3,0.0,18.73,70,0.0,60.93,36.56,24.37,Normal,60.93,Normal
2026-09-08 06:00:00,Feeder_3,0.0,20.44,70,0.0,67.49,40.49,27.0,Normal,67.49,Normal
2026-09-08 07:00:00,Feeder_3,258.82,21.32,70,18.38,70.51,42.31,28.2,Normal,52.13,Normal
2026-09-08 08:00:00,Feeder_3,466.29,24.19,70,32.75,73.6,44.16,29.44,Normal,40.85,Normal
2026-09-08 09:00:00,Feeder_3,707.11,26.02,70,49.3,84.37,50.62,33.75,Normal,35.07,Normal
2026-09-08 10:00:00,Feeder_3,866.03,28.44,70,59.79,82.34,49.4,32.94,Normal,22.55,Normal
2026-09-08 11:00:00,Feeder_3,965.93,29.0,70,66.53,71.48,42.89,28.59,Normal,4.95,Normal
2026-09-08 12:00:00,Feeder_3,942.9,29.73,70,64.75,62.86,37.72,25.14,Normal,-1.89,Normal
2026-09-08 13:00:00,Feeder_3,809.38,30.73,70,55.36,56.54,33.92,22.62,Normal,1.18,Normal
2026-09-08 14:00:00,Feeder_3,866.03,30.99,70,59.17,59.84,35.9,23.94,Normal,0.67,Normal
2026-09-08 15:00:00,Feeder_3,662.8,31.99,70,45.1,63.0,37.8,25.2,Normal,17.9,Normal
2026-09-08 16:00:00,Feeder_3,425.33,30.16,70,29.16,59.92,35.95,23.97,Normal,30.76,Normal
2026-09-08 17:00:00,Feeder_3,227.31,28.41,70,15.69,67.89,40.73,27.16,Normal,52.2,Normal
2026-09-08 18:00:00,Feeder_3,0.0,27.89,70,0.0,79.45,47.67,31.78,Normal,79.45,Normal
2026-09-08 19:00:00,Feeder_3,0.0,25.47,70,0.0,89.82,53.89,35.93,Normal,89.82,Normal
2026-09-08 20:00:00,Feeder_3,0.0,23.81,70,0.0,92.07,55.24,36.83,Normal,92.07,Normal
2026-09-08 21:00:00,Feeder_3,0.0,22.28,70,0.0,90.22,54.13,36.09,Normal,90.22,Normal
2026-09-08 22:00:00,Feeder_3,0.0,20.01,70,0.0,75.55,45.33,30.22,Normal,75.55,Normal
2026-09-08 23:00:00,Feeder_3,0.0,18.62,70,0.0,66.78,40.07,26.71,Normal,66.78,Normal
2026-09-09 00:00:00,Feeder_3,0.0,17.49,70,0.0,60.68,36.41,24.27,Normal,60.68,Normal
2026-09-09 01:00:00,Feeder_3,0.0,17.08,70,0.0,56.46,33.88,22.58,Normal,56.46,Normal
2026-09-09 02:00:00,Feeder_3,0.0,16.85,70,0.0,60.62,36.37,24.25,Normal,60.62,Normal
2026-09-09 03:00:00,Feeder_3,0.0,17.04,70,0.0,56.18,33.71,22.47,Normal,56.18,Normal
2026-09-09 04:00:00,Feeder_3,0.0,17.61,70,0.0,58.09,34.85,23.24,Normal,58.09,Normal
2026-09-09 05:00:00,Feeder_3,0.0,19.38,70,0.0,61.13,36.68,24.45,Normal,61.13,Normal
2026-09-09 06:00:00,Feeder_3,0.0,20.58,70,0.0,67.23,40.34,26.89,Normal,67.23,Normal
2026-09-09 07:00:00,Feeder_3,247.15,22.73,70,17.46,75.07,45.04,30.03,Normal,57.61,Normal
2026-09-09 08:00:00,Feeder_3,500.0,24.12,70,35.12,81.63,48.98,32.65,Normal,46.51,Normal
2026-09-09 09:00:00,Feeder_3,707.11,25.99,70,49.3,82.75,49.65,33.1,Normal,33.45,Normal
2026-09-09 10:00:00,Feeder_3,819.41,27.6,70,56.76,76.94,46.16,30.78,Normal,20.18,Normal
2026-09-09 11:00:00,Feeder_3,949.32,29.39,70,65.29,66.36,39.82,26.54,Normal,1.07,Normal
2026-09-09 12:00:00,Feeder_3,1000.0,30.51,70,68.46,63.43,38.06,25.37,Normal,-5.03,Normal
2026-09-09 13:00:00,Feeder_3,965.93,30.76,70,66.06,63.82,38.29,25.53,Normal,-2.24,Normal
2026-09-09 14:00:00,Feeder_3,866.03,30.44,70,59.3,60.94,36.56,24.38,Normal,1.64,Normal
2026-09-09 15:00:00,Feeder_3,689.66,30.79,70,47.16,57.78,34.67,23.11,Normal,10.62,Normal
2026-09-09 16:00:00,Feeder_3,500.0,30.48,70,34.23,59.59,35.75,23.84,Normal,25.36,Normal
2026-09-09 17:00:00,Feeder_3,217.37,28.8,70,14.98,67.9,40.74,27.16,Normal,52.92,Normal
2026-09-09 18:00:00,Feeder_3,0.0,28.0,70,0.0,78.94,47.36,31.58,Normal,78.94,Normal
2026-09-09 19:00:00,Feeder_3,0.0,25.94,70,0.0,85.15,51.09,34.06,Normal,85.15,Normal
2026-09-09 20:00:00,Feeder_3,0.0,24.42,70,0.0,93.87,56.32,37.55,Normal,93.87,Normal
2026-09-09 21:00:00,Feeder_3,0.0,22.06,70,0.0,86.05,51.63,34.42,Normal,86.05,Normal
2026-09-09 22:00:00,Feeder_3,0.0,20.62,70,0.0,75.33,45.2,30.13,Normal,75.33,Normal
2026-09-09 23:00:00,Feeder_3,0.0,18.67,70,0.0,69.61,41.77,27.84,Normal,69.61,Normal
2026-09-10 00:00:00,Feeder_3,0.0,18.52,70,0.0,62.82,37.69,25.13,Normal,62.82,Normal
2026-09-10 01:00:00,Feeder_3,0.0,16.84,70,0.0,53.79,32.27,21.52,Normal,53.79,Normal
2026-09-10 02:00:00,Feeder_3,0.0,16.45,70,0.0,62.45,37.47,24.98,Normal,62.45,Normal
2026-09-10 03:00:00,Feeder_3,0.0,17.39,70,0.0,53.51,32.11,21.4,Normal,53.51,Normal
2026-09-10 04:00:00,Feeder_3,0.0,18.29,70,0.0,60.1,36.06,24.04,Normal,60.1,Normal
2026-09-10 05:00:00,Feeder_3,0.0,19.28,70,0.0,64.83,38.9,25.93,Normal,64.83,Normal
2026-09-10 06:00:00,Feeder_3,0.0,20.53,70,0.0,65.06,39.04,26.02,Normal,65.06,Normal
2026-09-10 07:00:00,Feeder_3,258.82,21.35,70,18.38,73.54,44.12,29.42,Normal,55.16,Normal
2026-09-10 08:00:00,Feeder_3,493.11,24.23,70,34.62,78.52,47.11,31.41,Normal,43.9,Normal
2026-09-10 09:00:00,Feeder_3,702.95,26.1,70,48.99,91.78,55.07,36.71,Normal,42.79,Normal
2026-09-10 10:00:00,Feeder_3,866.03,27.16,70,60.1,79.1,47.46,31.64,Normal,19.0,Normal
2026-09-10 11:00:00,Feeder_3,913.37,28.23,70,63.11,71.01,42.61,28.4,Normal,7.9,Normal
2026-09-10 12:00:00,Feeder_3,1000.0,29.55,70,68.73,67.2,40.32,26.88,Normal,-1.53,Normal
2026-09-10 13:00:00,Feeder_3,965.93,30.47,70,66.14,60.39,36.23,24.16,Normal,-5.75,Normal
2026-09-10 14:00:00,Feeder_3,866.03,31.29,70,59.1,59.5,35.7,23.8,Normal,0.4,Normal
2026-09-10 15:00:00,Feeder_3,686.94,30.79,70,46.97,58.33,35.0,23.33,Normal,11.36,Normal
2026-09-10 16:00:00,Feeder_3,373.72,30.88,70,25.55,61.83,37.1,24.73,Normal,36.28,Normal
2026-09-10 17:00:00,Feeder_3,258.82,28.93,70,17.83,64.97,38.98,25.99,Normal,47.14,Normal
2026-09-10 18:00:00,Feeder_3,0.0,26.86,70,0.0,82.66,49.6,33.06,Normal,82.66,Normal
2026-09-10 19:00:00,Feeder_3,0.0,25.4,70,0.0,87.53,52.52,35.01,Normal,87.53,Normal
2026-09-10 20:00:00,Feeder_3,0.0,24.01,70,0.0,90.91,54.55,36.36,Normal,90.91,Normal
2026-09-10 21:00:00,Feeder_3,0.0,22.48,70,0.0,89.97,53.98,35.99,Normal,89.97,Normal
2026-09-10 22:00:00,Feeder_3,0.0,21.46,70,0.0,82.43,49.46,32.97,Normal,82.43,Normal
2026-09-10 23:00:00,Feeder_3,0.0,19.7,70,0.0,67.77,40.66,27.11,Normal,67.77,Normal
2026-09-11 00:00:00,Feeder_3,0.0,17.26,70,0.0,58.57,35.14,23.43,Normal,58.57,Normal
2026-09-11 01:00:00,Feeder_3,0.0,17.57,70,0.0,61.68,37.01,24.67,Normal,61.68,Normal
2026-09-11 02:00:00,Feeder_3,0.0,16.99,70,0.0,61.81,37.09,24.72,Normal,61.81,Normal
2026-09-11 03:00:00,Feeder_3,0.0,17.53,70,0.0,59.94,35.96,23.98,Normal,59.94,Normal
2026-09-11 04:00:00,Feeder_3,0.0,17.83,70,0.0,56.35,33.81,22.54,Normal,56.35,Normal
2026-09-11 05:00:00,Feeder_3,0.0,19.33,70,0.0,60.79,36.47,24.32,Normal,60.79,Normal
2026-09-11 06:00:00,Feeder_3,0.0,20.33,70,0.0,63.82,38.29,25.53,Normal,63.82,Normal
2026-09-11 07:00:00,Feeder_3,258.82,22.05,70,18.33,68.48,41.09,27.39,Normal,50.15,Normal
2026-09-11 08:00:00,Feeder_3,500.0,23.92,70,35.15,80.24,48.14,32.1,Normal,45.09,Normal
2026-09-11 09:00:00,Feeder_3,707.11,25.8,70,49.34,84.72,50.83,33.89,Normal,35.38,Normal
2026-09-11 10:00:00,Feeder_3,743.51,27.41,70,51.54,81.69,49.01,32.68,Normal,30.15,Normal
2026-09-11 11:00:00,Feeder_3,785.64,29.03,70,54.11,72.09,43.25,28.84,Normal,17.98,Normal
2026-09-11 12:00:00,Feeder_3,1000.0,30.48,70,68.47,65.42,39.25,26.17,Normal,-3.05,Normal
2026-09-11 13:00:00,Feeder_3,965.93,30.36,70,66.17,61.09,36.65,24.44,Normal,-5.08,Normal
2026-09-11 14:00:00,Feeder_3,866.03,30.57,70,59.27,61.87,37.12,24.75,Normal,2.6,Normal
2026-09-11 15:00:00,Feeder_3,707.11,30.75,70,48.36,60.87,36.52,24.35,Normal,12.51,Normal
2026-09-11 16:00:00,Feeder_3,500.0,29.78,70,34.33,56.89,34.13,22.76,Normal,22.56,Normal
2026-09-11 17:00:00,Feeder_3,236.9,28.39,70,16.36,71.07,42.64,28.43,Normal,54.71,Normal
2026-09-11 18:00:00,Feeder_3,0.0,27.36,70,0.0,79.19,47.51,31.68,Normal,79.19,Normal
2026-09-11 19:00:00,Feeder_3,0.0,25.5,70,0.0,88.8,53.28,35.52,Normal,88.8,Normal
2026-09-11 20:00:00,Feeder_3,0.0,24.2,70,0.0,94.62,56.77,37.85,Normal,94.62,Normal
2026-09-11 21:00:00,Feeder_3,0.0,22.35,70,0.0,89.13,53.48,35.65,Normal,89.13,Normal
2026-09-11 22:00:00,Feeder_3,0.0,20.52,70,0.0,74.29,44.57,29.72,Normal,74.29,Normal
2026-09-11 23:00:00,Feeder_3,0.0,18.86,70,0.0,73.16,43.9,29.26,Normal,73.16,Normal
2026-09-12 00:00:00,Feeder_3,0.0,17.38,70,0.0,58.66,35.2,23.46,Normal,58.66,Normal
2026-09-12 01:00:00,Feeder_3,0.0,17.91,70,0.0,57.53,34.52,23.01,Normal,57.53,Normal
2026-09-12 02:00:00,Feeder_3,0.0,17.33,70,0.0,55.56,33.34,22.22,Normal,55.56,Normal
2026-09-12 03:00:00,Feeder_3,0.0,17.14,70,0.0,58.89,35.33,23.56,Normal,58.89,Normal
2026-09-12 04:00:00,Feeder_3,0.0,17.66,70,0.0,58.7,35.22,23.48,Normal,58.7,Normal
2026-09-12 05:00:00,Feeder_3,0.0,19.11,70,0.0,60.98,36.59,24.39,Normal,60.98,Normal
2026-09-12 06:00:00,Feeder_3,0.0,20.84,70,0.0,65.56,39.34,26.22,Normal,65.56,Normal
2026-09-12 07:00:00,Feeder_3,258.82,21.56,70,18.37,71.96,43.18,28.78,Normal,53.59,Normal
2026-09-12 08:00:00,Feeder_3,500.0,24.29,70,35.1,78.43,47.06,31.37,Normal,43.33,Normal
2026-09-12 09:00:00,Feeder_3,651.19,25.58,70,45.48,85.34,51.2,34.14,Normal,39.86,Normal
2026-09-12 10:00:00,Feeder_3,866.03,27.34,70,60.05,82.43,49.46,32.97,Normal,22.38,Normal
2026-09-12 11:00:00,Feeder_3,965.93,28.9,70,66.56,71.31,42.79,28.52,Normal,4.75,Normal
2026-09-12 12:00:00,Feeder_3,1000.0,30.19,70,68.55,70.27,42.16,28.11,Normal,1.72,Normal
2026-09-12 13:00:00,Feeder_3,867.14,30.97,70,59.25,59.42,35.65,23.77,Normal,0.17,Normal
2026-09-12 14:00:00,Feeder_3,775.69,31.0,70,53.0,59.82,35.89,23.93,Normal,6.82,Normal
2026-09-12 15:00:00,Feeder_3,707.11,30.69,70,48.37,56.78,34.07,22.71,Normal,8.41,Normal
2026-09-12 16:00:00,Feeder_3,500.0,29.23,70,34.41,61.21,36.73,24.48,Normal,26.8,Normal
2026-09-12 17:00:00,Feeder_3,258.82,29.27,70,17.81,69.24,41.54,27.7,Normal,51.43,Normal
2026-09-12 18:00:00,Feeder_3,0.0,27.44,70,0.0,75.05,45.03,30.02,Normal,75.05,Normal
2026-09-12 19:00:00,Feeder_3,0.0,25.94,70,0.0,85.44,51.26,34.18,Normal,85.44,Normal
2026-09-12 20:00:00,Feeder_3,0.0,23.6,70,0.0,95.37,57.22,38.15,Normal,95.37,Normal
2026-09-12 21:00:00,Feeder_3,0.0,21.67,70,0.0,83.99,50.39,33.6,Normal,83.99,Normal
2026-09-12 22:00:00,Feeder_3,0.0,20.51,70,0.0,77.52,46.51,31.01,Normal,77.52,Normal
2026-09-12 23:00:00,Feeder_3,0.0,18.97,70,0.0,67.73,40.64,27.09,Normal,67.73,Normal
2026-09-13 00:00:00,Feeder_3,0.0,17.16,70,0.0,58.08,34.85,23.23,Normal,58.08,Normal
2026-09-13 01:00:00,Feeder_3,0.0,16.87,70,0.0,63.33,38.0,25.33,Normal,63.33,Normal
2026-09-13 02:00:00,Feeder_3,0.0,16.98,70,0.0,60.4,36.24,24.16,Normal,60.4,Normal
2026-09-13 03:00:00,Feeder_3,0.0,16.5,70,0.0,57.99,34.79,23.2,Normal,57.99,Normal
2026-09-13 04:00:00,Feeder_3,0.0,17.8,70,0.0,57.27,34.36,22.91,Normal,57.27,Normal
2026-09-13 05:00:00,Feeder_3,0.0,18.92,70,0.0,59.46,35.68,23.78,Normal,59.46,Normal
2026-09-13 06:00:00,Feeder_3,0.0,20.81,70,0.0,70.53,42.32,28.21,Normal,70.53,Normal
2026-09-13 07:00:00,Feeder_3,258.82,22.65,70,18.29,70.57,42.34,28.23,Normal,52.28,Normal
2026-09-13 08:00:00,Feeder_3,438.45,24.02,70,30.81,80.43,48.26,32.17,Normal,49.62,Normal
2026-09-13 09:00:00,Feeder_3,615.59,25.74,70,42.96,85.0,51.0,34.0,Normal,42.04,Normal
2026-09-13 10:00:00,Feeder_3,866.03,27.7,70,59.97,80.89,48.53,32.36,Normal,20.92,Normal
2026-09-13 11:00:00,Feeder_3,907.16,28.74,70,62.55,68.84,41.3,27.54,Normal,6.29,Normal
2026-09-13 12:00:00,Feeder_3,1000.0,30.07,70,68.58,64.02,38.41,25.61,Normal,-4.56,Normal
2026-09-13 13:00:00,Feeder_3,858.27,31.94,70,58.41,58.06,34.84,23.22,Normal,-0.35,Normal
2026-09-13 14:00:00,Feeder_3,821.46,31.17,70,56.08,60.97,36.58,24.39,Normal,4.89,Normal
2026-09-13 15:00:00,Feeder_3,707.11,31.48,70,48.21,60.87,36.52,24.35,Normal,12.66,Normal
2026-09-13 16:00:00,Feeder_3,436.64,29.96,70,29.96,62.21,37.33,24.88,Normal,32.25,Normal
2026-09-13 17:00:00,Feeder_3,258.82,28.39,70,17.87,69.82,41.89,27.93,Normal,51.95,Normal
2026-09-13 18:00:00,Feeder_3,0.0,27.84,70,0.0,76.71,46.03,30.68,Normal,76.71,Normal
2026-09-13 19:00:00,Feeder_3,0.0,26.11,70,0.0,90.26,54.16,36.1,Normal,90.26,Normal
2026-09-13 20:00:00,Feeder_3,0.0,23.99,70,0.0,92.5,55.5,37.0,Normal,92.5,Normal
2026-09-13 21:00:00,Feeder_3,0.0,22.52,70,0.0,89.69,53.81,35.88,Normal,89.69,Normal
2026-09-13 22:00:00,Feeder_3,0.0,20.28,70,0.0,75.8,45.48,30.32,Normal,75.8,Normal
2026-09-13 23:00:00,Feeder_3,0.0,18.72,70,0.0,63.97,38.38,25.59,Normal,63.97,Normal
2026-09-14 00:00:00,Feeder_3,0.0,17.64,70,0.0,54.93,32.96,21.97,Normal,54.93,Normal
2026-09-14 01:00:00,Feeder_3,0.0,17.74,70,0.0,57.05,34.23,22.82,Normal,57.05,Normal
2026-09-14 02:00:00,Feeder_3,0.0,17.17,70,0.0,61.98,37.19,24.79,Normal,61.98,Normal
2026-09-14 03:00:00,Feeder_3,0.0,17.68,70,0.0,57.69,34.61,23.08,Normal,57.69,Normal
2026-09-14 04:00:00,Feeder_3,0.0,18.23,70,0.0,62.61,37.57,25.04,Normal,62.61,Normal
2026-09-14 05:00:00,Feeder_3,0.0,18.57,70,0.0,62.48,37.49,24.99,Normal,62.48,Normal
2026-09-14 06:00:00,Feeder_3,0.0,20.81,70,0.0,60.9,36.54,24.36,Normal,60.9,Normal
2026-09-14 07:00:00,Feeder_3,219.6,21.88,70,15.56,72.03,43.22,28.81,Normal,56.47,Normal
2026-09-14 08:00:00,Feeder_3,461.54,24.26,70,32.4,82.73,49.64,33.09,Normal,50.33,Normal
2026-09-14 09:00:00,Feeder_3,707.11,26.46,70,49.21,85.04,51.02,34.02,Normal,35.83,Normal
2026-09-14 10:00:00,Feeder_3,739.56,28.05,70,0.0,78.65,47.19,31.46,Equipment Fault,78.65,Equipment Fault
2026-09-14 11:00:00,Feeder_3,965.93,29.58,70,0.0,72.98,43.79,29.19,Equipment Fault,72.98,Equipment Fault
2026-09-14 12:00:00,Feeder_3,820.46,29.69,70,0.0,67.89,40.73,27.16,Equipment Fault,67.89,Equipment Fault
2026-09-14 13:00:00,Feeder_3,946.32,30.79,70,0.0,62.64,37.58,25.06,Equipment Fault,62.64,Equipment Fault
2026-09-14 14:00:00,Feeder_3,866.03,31.11,70,0.0,58.95,35.37,23.58,Equipment Fault,58.95,Equipment Fault
2026-09-14 15:00:00,Feeder_3,680.58,31.1,70,0.0,60.99,36.59,24.4,Equipment Fault,60.99,Equipment Fault
2026-09-14 16:00:00,Feeder_3,484.56,30.5,70,33.17,61.12,36.67,24.45,Normal,27.95,Normal
2026-09-14 17:00:00,Feeder_3,232.37,28.65,70,16.03,64.36,38.62,25.74,Normal,48.33,Normal
2026-09-14 18:00:00,Feeder_3,0.0,27.99,70,0.0,74.96,44.98,29.98,Normal,74.96,Normal
2026-09-14 19:00:00,Feeder_3,0.0,25.55,70,0.0,87.98,52.79,35.19,Normal,87.98,Normal
2026-09-14 20:00:00,Feeder_3,0.0,23.91,70,0.0,93.52,56.11,37.41,Normal,93.52,Normal
2026-09-14 21:00:00,Feeder_3,0.0,22.28,70,0.0,85.63,51.38,34.25,Normal,85.63,Normal
2026-09-14 22:00:00,Feeder_3,0.0,20.58,70,0.0,77.47,46.48,30.99,Normal,77.47,Normal
2026-09-14 23:00:00,Feeder_3,0.0,18.84,70,0.0,67.35,40.41,26.94,Normal,67.35,Normal
2026-09-15 00:00:00,Feeder_3,0.0,17.24,70,0.0,57.65,34.59,23.06,Normal,57.65,Normal
2026-09-15 01:00:00,Feeder_3,0.0,17.34,70,0.0,61.98,37.19,24.79,Normal,61.98,Normal
2026-09-15 02:00:00,Feeder_3,0.0,16.8,70,0.0,57.73,34.64,23.09,Normal,57.73,Normal
2026-09-15 03:00:00,Feeder_3,0.0,17.1,70,0.0,60.99,36.59,24.4,Normal,60.99,Normal
2026-09-15 04:00:00,Feeder_3,0.0,18.11,70,0.0,55.13,33.08,22.05,Normal,55.13,Normal
2026-09-15 05:00:00,Feeder_3,0.0,18.92,70,0.0,64.92,38.95,25.97,Normal,64.92,Normal
2026-09-15 06:00:00,Feeder_3,0.0,19.62,70,0.0,59.58,35.75,23.83,Normal,59.58,Normal
2026-09-15 07:00:00,Feeder_3,258.82,22.43,70,18.3,72.77,43.66,29.11,Normal,54.47,Normal
2026-09-15 08:00:00,Feeder_3,500.0,24.46,70,35.08,78.81,47.29,31.52,Normal,43.73,Normal
2026-09-15 09:00:00,Feeder_3,707.11,25.16,70,49.47,81.74,49.04,32.7,Normal,32.27,Normal
2026-09-15 10:00:00,Feeder_3,678.23,27.39,70,47.02,80.05,48.03,32.02,Normal,33.03,Normal
2026-09-15 11:00:00,Feeder_3,965.93,28.97,70,66.54,69.52,41.71,27.81,Normal,2.98,Normal
2026-09-15 12:00:00,Feeder_3,977.17,29.46,70,67.18,67.99,40.79,27.2,Normal,0.81,Normal
2026-09-15 13:00:00,Feeder_3,930.73,30.57,70,63.7,64.72,38.83,25.89,Normal,1.02,Normal
2026-09-15 14:00:00,Feeder_3,736.93,30.55,70,50.44,56.73,34.04,22.69,Normal,6.29,Normal
2026-09-15 15:00:00,Feeder_3,701.35,30.93,70,47.93,61.45,36.87,24.58,Normal,13.52,Normal
2026-09-15 16:00:00,Feeder_3,500.0,29.16,70,34.42,62.96,37.78,25.18,Normal,28.54,Normal
2026-09-15 17:00:00,Feeder_3,241.52,28.72,70,16.65,65.26,39.16,26.1,Normal,48.61,Normal
2026-09-15 18:00:00,Feeder_3,0.0,28.17,70,0.0,79.08,47.45,31.63,Normal,79.08,Normal
2026-09-15 19:00:00,Feeder_3,0.0,26.35,70,0.0,84.85,50.91,33.94,Normal,84.85,Normal
2026-09-15 20:00:00,Feeder_3,0.0,23.13,70,0.0,92.25,55.35,36.9,Normal,92.25,Normal
2026-09-15 21:00:00,Feeder_3,0.0,22.23,70,0.0,89.0,53.4,35.6,Normal,89.0,Normal
2026-09-15 22:00:00,Feeder_3,0.0,20.82,70,0.0,77.57,46.54,31.03,Normal,77.57,Normal
2026-09-15 23:00:00,Feeder_3,0.0,18.29,70,0.0,67.59,40.55,27.04,Normal,67.59,Normal
2026-09-16 00:00:00,Feeder_3,0.0,17.78,70,0.0,60.34,36.2,24.14,Normal,60.34,Normal
2026-09-16 01:00:00,Feeder_3,0.0,16.9,70,0.0,59.02,35.41,23.61,Normal,59.02,Normal
2026-09-16 02:00:00,Feeder_3,0.0,17.46,70,0.0,58.49,35.09,23.4,Normal,58.49,Normal
2026-09-16 03:00:00,Feeder_3,0.0,17.03,70,0.0,57.75,34.65,23.1,Normal,57.75,Normal
2026-09-16 04:00:00,Feeder_3,0.0,18.29,70,0.0,57.61,34.57,23.04,Normal,57.61,Normal
2026-09-16 05:00:00,Feeder_3,0.0,18.9,70,0.0,55.8,33.48,22.32,Normal,55.8,Normal
2026-09-16 06:00:00,Feeder_3,0.0,20.03,70,0.0,64.66,38.8,25.86,Normal,64.66,Normal
2026-09-16 07:00:00,Feeder_3,221.85,22.56,70,15.68,71.61,42.97,28.64,Normal,55.93,Normal
2026-09-16 08:00:00,Feeder_3,489.34,24.26,70,34.36,82.57,49.54,33.03,Normal,48.21,Normal
2026-09-16 09:00:00,Feeder_3,705.4,25.5,70,49.28,79.57,47.74,31.83,Normal,30.29,Normal
2026-09-16 10:00:00,Feeder_3,794.73,27.25,70,55.13,80.43,48.26,32.17,Normal,25.3,Normal
2026-09-16 11:00:00,Feeder_3,925.92,29.22,70,63.72,70.3,42.18,28.12,Normal,6.58,Normal
2026-09-16 12:00:00,Feeder_3,993.16,30.54,70,67.98,65.43,39.26,26.17,Normal,-2.55,Normal
2026-09-16 13:00:00,Feeder_3,958.97,30.52,70,65.65,59.16,35.5,23.66,Normal,-6.49,Normal
2026-09-16 14:00:00,Feeder_3,777.63,30.78,70,53.18,61.36,36.82,24.54,Normal,8.18,Normal
2026-09-16 15:00:00,Feeder_3,688.28,30.22,70,47.17,64.03,38.42,25.61,Normal,16.86,Normal
2026-09-16 16:00:00,Feeder_3,500.0,29.5,70,34.37,60.33,36.2,24.13,Normal,25.96,Normal
2026-09-16 17:00:00,Feeder_3,258.82,29.63,70,17.78,64.04,38.42,25.62,Normal,46.26,Normal
2026-09-16 18:00:00,Feeder_3,0.0,28.06,70,0.0,75.4,45.24,30.16,Normal,75.4,Normal
2026-09-16 19:00:00,Feeder_3,0.0,25.4,70,0.0,88.12,52.87,35.25,Normal,88.12,Normal
2026-09-16 20:00:00,Feeder_3,0.0,24.26,70,0.0,96.73,58.04,38.69,Normal,96.73,Normal
2026-09-16 21:00:00,Feeder_3,0.0,21.4,70,0.0,88.57,53.14,35.43,Normal,88.57,Normal
2026-09-16 22:00:00,Feeder_3,0.0,20.6,70,0.0,76.15,45.69,30.46,Normal,76.15,Normal
2026-09-16 23:00:00,Feeder_3,0.0,19.66,70,0.0,67.76,40.66,27.1,Normal,67.76,Normal
2026-09-17 00:00:00,Feeder_3,0.0,17.74,70,0.0,58.58,35.15,23.43,Normal,58.58,Normal
2026-09-17 01:00:00,Feeder_3,0.0,17.17,70,0.0,58.95,35.37,23.58,Normal,58.95,Normal
2026-09-17 02:00:00,Feeder_3,0.0,17.44,70,0.0,63.91,38.35,25.56,Normal,63.91,Normal
2026-09-17 03:00:00,Feeder_3,0.0,17.27,70,0.0,59.15,35.49,23.66,Normal,59.15,Normal
2026-09-17 04:00:00,Feeder_3,0.0,18.24,70,0.0,59.72,35.83,23.89,Normal,59.72,Normal
2026-09-17 05:00:00,Feeder_3,0.0,18.77,70,0.0,59.78,35.87,23.91,Normal,59.78,Normal
2026-09-17 06:00:00,Feeder_3,0.0,20.91,70,0.0,63.63,38.18,25.45,Normal,63.63,Normal
2026-09-17 07:00:00,Feeder_3,258.82,22.36,70,18.31,68.65,41.19,27.46,Normal,50.34,Normal
2026-09-17 08:00:00,Feeder_3,492.29,23.74,70,34.63,74.68,44.81,29.87,Normal,40.05,Normal
2026-09-17 09:00:00,Feeder_3,707.11,26.09,70,49.28,85.33,51.2,34.13,Normal,36.05,Normal
2026-09-17 10:00:00,Feeder_3,866.03,26.95,70,60.15,78.95,47.37,31.58,Normal,18.8,Normal
2026-09-17 11:00:00,Feeder_3,965.93,28.53,70,66.66,65.51,39.31,26.2,Normal,-1.15,Normal
2026-09-17 12:00:00,Feeder_3,972.75,30.01,70,66.73,64.92,38.95,25.97,Normal,-1.81,Normal
2026-09-17 13:00:00,Feeder_3,965.93,31.02,70,65.99,61.39,36.83,24.56,Normal,-4.6,Normal
2026-09-17 14:00:00,Feeder_3,866.03,30.39,70,59.32,60.74,36.44,24.3,Normal,1.42,Normal
2026-09-17 15:00:00,Feeder_3,707.11,30.27,70,48.45,55.85,33.51,22.34,Normal,7.4,Normal
2026-09-17 16:00:00,Feeder_3,455.24,29.8,70,31.25,63.32,37.99,25.33,Normal,32.07,Normal
2026-09-17 17:00:00,Feeder_3,239.73,28.61,70,16.54,65.28,39.17,26.11,Normal,48.74,Normal
2026-09-17 18:00:00,Feeder_3,0.0,27.51,70,0.0,76.52,45.91,30.61,Normal,76.52,Normal
2026-09-17 19:00:00,Feeder_3,0.0,26.33,70,0.0,86.75,52.05,34.7,Normal,86.75,Normal
2026-09-17 20:00:00,Feeder_3,0.0,24.08,70,0.0,93.6,56.16,37.44,Normal,93.6,Normal
2026-09-17 21:00:00,Feeder_3,0.0,21.77,70,0.0,87.74,52.64,35.1,Normal,87.74,Normal
2026-09-17 22:00:00,Feeder_3,0.0,20.88,70,0.0,81.19,48.71,32.48,Normal,81.19,Normal
2026-09-17 23:00:00,Feeder_3,0.0,19.54,70,0.0,66.32,39.79,26.53,Normal,66.32,Normal
2026-09-18 00:00:00,Feeder_3,0.0,17.27,70,0.0,64.09,38.45,25.64,Normal,64.09,Normal
2026-09-18 01:00:00,Feeder_3,0.0,17.04,70,0.0,62.32,37.39,24.93,Normal,62.32,Normal
2026-09-18 02:00:00,Feeder_3,0.0,17.16,70,0.0,58.58,35.15,23.43,Normal,58.58,Normal
2026-09-18 03:00:00,Feeder_3,0.0,17.21,70,0.0,55.43,33.26,22.17,Normal,55.43,Normal
2026-09-18 04:00:00,Feeder_3,0.0,18.36,70,0.0,59.31,35.59,23.72,Normal,59.31,Normal
2026-09-18 05:00:00,Feeder_3,0.0,18.63,70,0.0,60.67,36.4,24.27,Normal,60.67,Normal
2026-09-18 06:00:00,Feeder_3,0.0,20.8,70,0.0,64.66,38.8,25.86,Normal,64.66,Normal
2026-09-18 07:00:00,Feeder_3,258.82,22.62,70,18.29,73.56,44.14,29.42,Normal,55.27,Normal
2026-09-18 08:00:00,Feeder_3,500.0,23.6,70,35.2,80.16,48.1,32.06,Normal,44.96,Normal
2026-09-18 09:00:00,Feeder_3,661.87,25.67,70,46.21,83.06,49.84,33.22,Normal,36.85,Normal
2026-09-18 10:00:00,Feeder_3,764.19,26.72,70,53.13,78.49,47.09,31.4,Normal,25.36,Normal
2026-09-18 11:00:00,Feeder_3,965.93,28.41,70,66.69,71.87,43.12,28.75,Normal,5.18,Normal
2026-09-18 12:00:00,Feeder_3,1000.0,30.47,70,68.47,68.69,41.21,27.48,Normal,0.22,Normal
2026-09-18 13:00:00,Feeder_3,965.93,31.23,70,65.93,58.94,35.36,23.58,Normal,-6.99,Normal
2026-09-18 14:00:00,Feeder_3,799.06,29.9,70,54.84,62.44,37.46,24.98,Normal,7.6,Normal
2026-09-18 15:00:00,Feeder_3,707.11,30.54,70,48.4,58.97,35.38,23.59,Normal,10.57,Normal
2026-09-18 16:00:00,Feeder_3,454.77,30.22,70,31.17,64.25,38.55,25.7,Normal,33.08,Normal
2026-09-18 17:00:00,Feeder_3,204.69,29.11,70,14.09,66.12,39.67,26.45,Normal,52.03,Normal
2026-09-18 18:00:00,Feeder_3,0.0,27.68,70,0.0,76.5,45.9,30.6,Normal,76.5,Normal
2026-09-18 19:00:00,Feeder_3,0.0,25.73,70,0.0,91.05,54.63,36.42,Normal,91.05,Normal
2026-09-18 20:00:00,Feeder_3,0.0,24.09,70,0.0,90.82,54.49,36.33,Normal,90.82,Normal
2026-09-18 21:00:00,Feeder_3,0.0,22.55,70,0.0,88.72,53.23,35.49,Normal,88.72,Normal
2026-09-18 22:00:00,Feeder_3,0.0,21.21,70,0.0,79.57,47.74,31.83,Normal,79.57,Normal
2026-09-18 23:00:00,Feeder_3,0.0,18.85,70,0.0,60.43,36.26,24.17,Normal,60.43,Normal
2026-09-19 00:00:00,Feeder_3,0.0,17.81,70,0.0,59.98,35.99,23.99,Normal,59.98,Normal
2026-09-19 01:00:00,Feeder_3,0.0,17.11,70,0.0,54.55,32.73,21.82,Normal,54.55,Normal
2026-09-19 02:00:00,Feeder_3,0.0,17.19,70,0.0,63.3,37.98,25.32,Normal,63.3,Normal
2026-09-19 03:00:00,Feeder_3,0.0,17.37,70,0.0,61.44,36.86,24.58,Normal,61.44,Normal
2026-09-19 04:00:00,Feeder_3,0.0,18.08,70,0.0,57.54,34.52,23.02,Normal,57.54,Normal
2026-09-19 05:00:00,Feeder_3,0.0,19.11,70,0.0,61.48,36.89,24.59,Normal,61.48,Normal
2026-09-19 06:00:00,Feeder_3,0.0,20.78,70,0.0,69.79,41.87,27.92,Normal,69.79,Normal
2026-09-19 07:00:00,Feeder_3,227.52,22.05,70,16.11,72.41,43.45,28.96,Normal,56.3,Normal
2026-09-19 08:00:00,Feeder_3,500.0,23.78,70,35.17,73.08,43.85,29.23,Normal,37.91,Normal
2026-09-19 09:00:00,Feeder_3,707.11,26.12,70,49.28,79.64,47.78,31.86,Normal,30.36,Normal
2026-09-19 10:00:00,Feeder_3,802.89,28.13,70,55.5,83.78,50.27,33.51,Normal,28.28,Normal
2026-09-19 11:00:00,Feeder_3,965.93,28.88,70,66.57,72.04,43.22,28.82,Normal,5.47,Normal
2026-09-19 12:00:00,Feeder_3,984.29,30.51,70,67.38,62.39,37.43,24.96,Normal,-4.99,Normal
2026-09-19 13:00:00,Feeder_3,872.52,31.17,70,59.57,60.64,36.38,24.26,Normal,1.07,Normal
2026-09-19 14:00:00,Feeder_3,866.03,30.73,70,59.23,59.34,35.6,23.74,Normal,0.11,Normal
2026-09-19 15:00:00,Feeder_3,628.84,30.76,70,43.0,55.91,33.55,22.36,Normal,12.91,Normal
2026-09-19 16:00:00,Feeder_3,470.74,29.49,70,32.36,63.17,37.9,25.27,Normal,30.81,Normal
2026-09-19 17:00:00,Feeder_3,258.82,28.26,70,17.88,70.14,42.08,28.06,Normal,52.26,Normal
2026-09-19 18:00:00,Feeder_3,0.0,27.52,70,0.0,75.37,45.22,30.15,Normal,75.37,Normal
2026-09-19 19:00:00,Feeder_3,0.0,25.28,70,0.0,88.68,53.21,35.47,Normal,88.68,Normal
2026-09-19 20:00:00,Feeder_3,0.0,24.54,70,0.0,94.9,56.94,37.96,Normal,94.9,Normal
2026-09-19 21:00:00,Feeder_3,0.0,21.81,70,0.0,87.77,52.66,35.11,Normal,87.77,Normal
2026-09-19 22:00:00,Feeder_3,0.0,20.52,70,0.0,75.56,45.34,30.22,Normal,75.56,Normal
2026-09-19 23:00:00,Feeder_3,0.0,19.55,70,0.0,65.57,39.34,26.23,Normal,65.57,Normal
2026-09-20 00:00:00,Feeder_3,0.0,17.87,70,0.0,59.17,35.5,23.67,Normal,59.17,Normal
2026-09-20 01:00:00,Feeder_3,0.0,17.37,70,0.0,56.38,33.83,22.55,Normal,56.38,Normal
2026-09-20 02:00:00,Feeder_3,0.0,17.21,70,0.0,58.01,34.81,23.2,Normal,58.01,Normal
2026-09-20 03:00:00,Feeder_3,0.0,17.2,70,0.0,60.59,36.35,24.24,Normal,60.59,Normal
2026-09-20 04:00:00,Feeder_3,0.0,17.85,70,0.0,59.53,35.72,23.81,Normal,59.53,Normal
2026-09-20 05:00:00,Feeder_3,0.0,18.91,70,0.0,55.52,33.31,22.21,Normal,55.52,Normal
2026-09-20 06:00:00,Feeder_3,0.0,20.62,70,0.0,62.64,37.58,25.06,Normal,62.64,Normal
2026-09-20 07:00:00,Feeder_3,258.82,22.22,70,18.32,69.25,41.55,27.7,Normal,50.93,Normal
2026-09-20 08:00:00,Feeder_3,500.0,24.16,70,35.12,81.15,48.69,32.46,Normal,46.03,Normal
2026-09-20 09:00:00,Feeder_3,670.98,25.99,70,46.78,83.35,50.01,33.34,Normal,36.57,Normal
2026-09-20 10:00:00,Feeder_3,866.03,26.74,70,60.2,79.08,47.45,31.63,Normal,18.88,Normal
2026-09-20 11:00:00,Feeder_3,965.93,28.64,70,66.63,70.33,42.2,28.13,Normal,3.7,Normal
2026-09-20 12:00:00,Feeder_3,946.24,29.58,70,65.02,59.06,35.44,23.62,Normal,-5.96,Normal
2026-09-20 13:00:00,Feeder_3,939.2,30.82,70,64.21,60.62,36.37,24.25,Normal,-3.59,Normal
2026-09-20 14:00:00,Feeder_3,850.97,31.02,70,58.13,62.03,37.22,24.81,Normal,3.9,Normal
2026-09-20 15:00:00,Feeder_3,690.95,30.53,70,47.3,58.9,35.34,23.56,Normal,11.6,Normal
2026-09-20 16:00:00,Feeder_3,500.0,30.63,70,34.21,59.87,35.92,23.95,Normal,25.66,Normal
2026-09-20 17:00:00,Feeder_3,258.82,29.09,70,17.82,64.33,38.6,25.73,Normal,46.51,Normal
2026-09-20 18:00:00,Feeder_3,0.0,26.91,70,0.0,72.55,43.53,29.02,Normal,72.55,Normal
2026-09-20 19:00:00,Feeder_3,0.0,25.66,70,0.0,89.13,53.48,35.65,Normal,89.13,Normal
2026-09-20 20:00:00,Feeder_3,0.0,23.61,70,0.0,93.89,56.33,37.56,Normal,93.89,Normal
2026-09-20 21:00:00,Feeder_3,0.0,22.74,70,0.0,85.24,51.14,34.1,Normal,85.24,Normal
2026-09-20 22:00:00,Feeder_3,0.0,20.08,70,0.0,78.4,47.04,31.36,Normal,78.4,Normal
2026-09-20 23:00:00,Feeder_3,0.0,18.84,70,0.0,68.94,41.36,27.58,Normal,68.94,Normal
2026-09-21 00:00:00,Feeder_3,0.0,18.14,70,0.0,56.55,33.93,22.62,Normal,56.55,Normal
2026-09-21 01:00:00,Feeder_3,0.0,17.28,70,0.0,58.2,34.92,23.28,Normal,58.2,Normal
2026-09-21 02:00:00,Feeder_3,0.0,16.97,70,0.0,59.52,35.71,23.81,Normal,59.52,Normal
2026-09-21 03:00:00,Feeder_3,0.0,17.99,70,0.0,58.65,35.19,23.46,Normal,58.65,Normal
2026-09-21 04:00:00,Feeder_3,0.0,17.6,70,0.0,60.16,36.1,24.06,Normal,60.16,Normal
2026-09-21 05:00:00,Feeder_3,0.0,19.23,70,0.0,59.85,35.91,23.94,Normal,59.85,Normal
2026-09-21 06:00:00,Feeder_3,0.0,20.78,70,0.0,61.5,36.9,24.6,Normal,61.5,Normal
2026-09-21 07:00:00,Feeder_3,237.56,22.37,70,16.8,77.08,46.25,30.83,Normal,60.28,Normal
2026-09-21 08:00:00,Feeder_3,491.72,24.24,70,34.53,79.89,47.93,31.96,Normal,45.36,Normal
2026-09-21 09:00:00,Feeder_3,707.11,25.11,70,49.48,84.24,50.54,33.7,Normal,34.76,Normal
2026-09-21 10:00:00,Feeder_3,697.09,26.5,70,48.5,80.91,48.55,32.36,Normal,32.41,Normal
2026-09-21 11:00:00,Feeder_3,965.93,28.84,70,66.58,71.57,42.94,28.63,Normal,4.99,Normal
2026-09-21 12:00:00,Feeder_3,1000.0,29.96,70,68.61,65.85,39.51,26.34,Normal,-2.76,Normal
2026-09-21 13:00:00,Feeder_3,890.66,30.88,70,60.88,60.15,36.09,24.06,Normal,-0.73,Normal
2026-09-21 14:00:00,Feeder_3,823.36,31.73,70,56.08,62.42,37.45,24.97,Normal,6.34,Normal
2026-09-21 15:00:00,Feeder_3,707.11,29.84,70,48.54,58.7,35.22,23.48,Normal,10.16,Normal
2026-09-21 16:00:00,Feeder_3,500.0,29.97,70,34.3,64.2,38.52,25.68,Normal,29.9,Normal
2026-09-21 17:00:00,Feeder_3,258.82,29.04,70,17.82,64.71,38.83,25.88,Normal,46.89,Normal
2026-09-21 18:00:00,Feeder_3,0.0,27.77,70,0.0,74.93,44.96,29.97,Normal,74.93,Normal
2026-09-21 19:00:00,Feeder_3,0.0,25.31,70,0.0,87.96,52.78,35.18,Normal,87.96,Normal
2026-09-21 20:00:00,Feeder_3,0.0,24.11,70,0.0,91.21,54.73,36.48,Normal,91.21,Normal
2026-09-21 21:00:00,Feeder_3,0.0,21.95,70,0.0,84.44,50.66,33.78,Normal,84.44,Normal
2026-09-21 22:00:00,Feeder_3,0.0,20.51,70,0.0,77.37,46.42,30.95,Normal,77.37,Normal
2026-09-21 23:00:00,Feeder_3,0.0,18.96,70,0.0,66.51,39.91,26.6,Normal,66.51,Normal
2026-09-22 00:00:00,Feeder_3,0.0,18.27,70,0.0,59.46,35.68,23.78,Normal,59.46,Normal
2026-09-22 01:00:00,Feeder_3,0.0,16.48,70,0.0,62.61,37.57,25.04,Normal,62.61,Normal
2026-09-22 02:00:00,Feeder_3,0.0,16.76,70,0.0,59.9,35.94,23.96,Normal,59.9,Normal
2026-09-22 03:00:00,Feeder_3,0.0,16.64,70,0.0,53.75,32.25,21.5,Normal,53.75,Normal
2026-09-22 04:00:00,Feeder_3,0.0,17.72,70,0.0,66.71,40.03,26.68,Normal,66.71,Normal
2026-09-22 05:00:00,Feeder_3,0.0,18.68,70,0.0,59.32,35.59,23.73,Normal,59.32,Normal
2026-09-22 06:00:00,Feeder_3,0.0,20.31,70,0.0,66.11,39.67,26.44,Normal,66.11,Normal
2026-09-22 07:00:00,Feeder_3,228.43,21.64,70,16.21,67.34,40.4,26.94,Normal,51.13,Normal
2026-09-22 08:00:00,Feeder_3,366.59,23.79,70,25.79,79.41,47.65,31.76,Normal,53.62,Normal
2026-09-22 09:00:00,Feeder_3,653.53,26.31,70,45.51,87.07,52.24,34.83,Normal,41.56,Normal
2026-09-22 10:00:00,Feeder_3,831.23,26.78,70,57.77,78.75,47.25,31.5,Normal,20.98,Normal
2026-09-22 11:00:00,Feeder_3,896.4,28.69,70,61.82,70.09,42.05,28.04,Normal,8.27,Normal
2026-09-22 12:00:00,Feeder_3,921.58,29.91,70,63.24,62.99,37.79,25.2,Normal,-0.25,Normal
2026-09-22 13:00:00,Feeder_3,965.93,30.91,70,66.02,58.47,35.08,23.39,Normal,-7.55,Normal
2026-09-22 14:00:00,Feeder_3,866.03,30.61,70,59.26,55.43,33.26,22.17,Normal,-3.83,Normal
2026-09-22 15:00:00,Feeder_3,707.11,30.43,70,48.42,60.41,36.25,24.16,Normal,11.99,Normal
2026-09-22 16:00:00,Feeder_3,355.78,30.62,70,24.34,63.12,37.87,25.25,Normal,38.78,Normal
2026-09-22 17:00:00,Feeder_3,212.22,28.36,70,14.66,70.99,42.59,28.4,Normal,56.33,Normal
2026-09-22 18:00:00,Feeder_3,0.0,27.17,70,0.0,71.3,42.78,28.52,Normal,71.3,Normal
2026-09-22 19:00:00,Feeder_3,0.0,25.72,70,0.0,90.42,54.25,36.17,Normal,90.42,Normal
2026-09-22 20:00:00,Feeder_3,0.0,23.39,70,0.0,95.13,57.08,38.05,Normal,95.13,Normal
2026-09-22 21:00:00,Feeder_3,0.0,21.56,70,0.0,91.33,54.8,36.53,Normal,91.33,Normal
2026-09-22 22:00:00,Feeder_3,0.0,20.94,70,0.0,76.79,46.07,30.72,Normal,76.79,Normal
2026-09-22 23:00:00,Feeder_3,0.0,18.99,70,0.0,69.46,41.68,27.78,Normal,69.46,Normal
2026-09-23 00:00:00,Feeder_3,0.0,17.78,70,0.0,58.56,35.14,23.42,Normal,58.56,Normal
2026-09-23 01:00:00,Feeder_3,0.0,17.91,70,0.0,56.75,34.05,22.7,Normal,56.75,Normal
2026-09-23 02:00:00,Feeder_3,0.0,16.97,70,0.0,62.15,37.29,24.86,Normal,62.15,Normal
2026-09-23 03:00:00,Feeder_3,0.0,17.14,70,0.0,56.83,34.1,22.73,Normal,56.83,Normal
2026-09-23 04:00:00,Feeder_3,0.0,17.19,70,0.0,61.0,36.6,24.4,Normal,61.0,Normal
2026-09-23 05:00:00,Feeder_3,0.0,19.55,70,0.0,61.14,36.68,24.46,Normal,61.14,Normal
2026-09-23 06:00:00,Feeder_3,0.0,20.53,70,0.0,60.2,36.12,24.08,Normal,60.2,Normal
2026-09-23 07:00:00,Feeder_3,232.09,22.46,70,16.41,72.25,43.35,28.9,Normal,55.84,Normal
2026-09-23 08:00:00,Feeder_3,500.0,24.16,70,35.12,77.75,46.65,31.1,Normal,42.63,Normal
2026-09-23 09:00:00,Feeder_3,639.56,25.85,70,44.62,78.21,46.93,31.28,Normal,33.59,Normal
2026-09-23 10:00:00,Feeder_3,866.03,27.68,70,59.97,83.23,49.94,33.29,Normal,23.26,Normal
2026-09-23 11:00:00,Feeder_3,782.72,29.45,70,53.82,77.41,46.45,30.96,Normal,23.59,Normal
2026-09-23 12:00:00,Feeder_3,841.49,30.37,70,57.64,64.58,38.75,25.83,Normal,6.94,Normal
2026-09-23 13:00:00,Feeder_3,786.91,30.96,70,53.77,62.83,37.7,25.13,Normal,9.06,Normal
2026-09-23 14:00:00,Feeder_3,803.55,31.47,70,54.79,55.31,33.19,22.12,Normal,0.52,Normal
2026-09-23 15:00:00,Feeder_3,580.27,30.82,70,39.67,59.67,35.8,23.87,Normal,20.0,Normal
2026-09-23 16:00:00,Feeder_3,457.01,30.39,70,31.3,62.77,37.66,25.11,Normal,31.47,Normal
2026-09-23 17:00:00,Feeder_3,258.82,28.9,70,17.83,68.32,40.99,27.33,Normal,50.49,Normal
2026-09-23 18:00:00,Feeder_3,0.0,28.32,70,0.0,74.94,44.96,29.98,Normal,74.94,Normal
2026-09-23 19:00:00,Feeder_3,0.0,25.83,70,0.0,85.19,51.11,34.08,Normal,85.19,Normal
2026-09-23 20:00:00,Feeder_3,0.0,24.05,70,0.0,96.13,57.68,38.45,Normal,96.13,Normal
2026-09-23 21:00:00,Feeder_3,0.0,22.32,70,0.0,87.15,52.29,34.86,Normal,87.15,Normal
2026-09-23 22:00:00,Feeder_3,0.0,20.5,70,0.0,78.68,47.21,31.47,Normal,78.68,Normal
2026-09-23 23:00:00,Feeder_3,0.0,19.23,70,0.0,65.21,39.13,26.08,Normal,65.21,Normal
2026-09-24 00:00:00,Feeder_3,0.0,18.19,70,0.0,59.6,35.76,23.84,Normal,59.6,Normal
2026-09-24 01:00:00,Feeder_3,0.0,16.84,70,0.0,63.06,37.84,25.22,Normal,63.06,Normal
2026-09-24 02:00:00,Feeder_3,0.0,17.16,70,0.0,62.98,37.79,25.19,Normal,62.98,Normal
2026-09-24 03:00:00,Feeder_3,0.0,16.92,70,0.0,59.16,35.5,23.66,Normal,59.16,Normal
2026-09-24 04:00:00,Feeder_3,0.0,17.78,70,0.0,60.73,36.44,24.29,Normal,60.73,Normal
2026-09-24 05:00:00,Feeder_3,0.0,18.65,70,0.0,62.03,37.22,24.81,Normal,62.03,Normal
2026-09-24 06:00:00,Feeder_3,0.0,20.57,70,0.0,67.46,40.48,26.98,Normal,67.46,Normal
2026-09-24 07:00:00,Feeder_3,221.01,22.38,70,15.63,68.91,41.35,27.56,Normal,53.28,Normal
2026-09-24 08:00:00,Feeder_3,433.16,23.75,70,30.47,77.81,46.69,31.12,Normal,47.34,Normal
2026-09-24 09:00:00,Feeder_3,660.61,25.73,70,46.11,86.09,51.65,34.44,Normal,39.98,Normal
2026-09-24 10:00:00,Feeder_3,832.65,26.87,70,57.85,83.01,49.81,33.2,Normal,25.16,Normal
2026-09-24 11:00:00,Feeder_3,868.9,28.93,70,59.87,72.95,43.77,29.18,Normal,13.08,Normal
2026-09-24 12:00:00,Feeder_3,1000.0,30.5,70,68.46,65.78,39.47,26.31,Normal,-2.68,Normal
2026-09-24 13:00:00,Feeder_3,866.09,31.63,70,59.02,61.23,36.74,24.49,Normal,2.21,Normal
2026-09-24 14:00:00,Feeder_3,850.71,31.39,70,58.03,60.1,36.06,24.04,Normal,2.07,Normal
2026-09-24 15:00:00,Feeder_3,707.11,31.76,70,48.16,58.92,35.35,23.57,Normal,10.76,Normal
2026-09-24 16:00:00,Feeder_3,480.93,30.11,70,32.98,64.12,38.47,25.65,Normal,31.14,Normal
2026-09-24 17:00:00,Feeder_3,212.03,28.16,70,14.65,65.34,39.2,26.14,Normal,50.69,Normal
2026-09-24 18:00:00,Feeder_3,0.0,27.33,70,0.0,78.23,46.94,31.29,Normal,78.23,Normal
2026-09-24 19:00:00,Feeder_3,0.0,25.24,70,0.0,88.8,53.28,35.52,Normal,88.8,Normal
2026-09-24 20:00:00,Feeder_3,0.0,23.32,70,0.0,96.05,57.63,38.42,Normal,96.05,Normal
2026-09-24 21:00:00,Feeder_3,0.0,22.57,70,0.0,91.67,55.0,36.67,Normal,91.67,Normal
2026-09-24 22:00:00,Feeder_3,0.0,20.36,70,0.0,77.24,46.34,30.9,Normal,77.24,Normal
2026-09-24 23:00:00,Feeder_3,0.0,19.05,70,0.0,70.64,42.38,28.26,Normal,70.64,Normal
2026-09-25 00:00:00,Feeder_3,0.0,17.59,70,0.0,62.44,37.46,24.98,Normal,62.44,Normal
2026-09-25 01:00:00,Feeder_3,0.0,17.09,70,0.0,61.14,36.68,24.46,Normal,61.14,Normal
2026-09-25 02:00:00,Feeder_3,0.0,17.6,70,0.0,59.19,35.51,23.68,Normal,59.19,Normal
2026-09-25 03:00:00,Feeder_3,0.0,18.3,70,0.0,60.56,36.34,24.22,Normal,60.56,Normal
2026-09-25 04:00:00,Feeder_3,0.0,18.23,70,0.0,58.47,35.08,23.39,Normal,58.47,Normal
2026-09-25 05:00:00,Feeder_3,0.0,19.12,70,0.0,60.05,36.03,24.02,Normal,60.05,Normal
2026-09-25 06:00:00,Feeder_3,0.0,20.94,70,0.0,66.75,40.05,26.7,Normal,66.75,Normal
2026-09-25 07:00:00,Feeder_3,243.37,22.42,70,17.21,68.06,40.84,27.22,Normal,50.85,Normal
2026-09-25 08:00:00,Feeder_3,500.0,24.18,70,35.11,84.43,50.66,33.77,Normal,49.32,Normal
2026-09-25 09:00:00,Feeder_3,641.7,25.3,70,44.87,81.76,49.06,32.7,Normal,36.89,Normal
2026-09-25 10:00:00,Feeder_3,727.13,28.03,70,50.28,84.03,50.42,33.61,Normal,33.75,Normal
2026-09-25 11:00:00,Feeder_3,965.93,29.44,70,66.41,72.17,43.3,28.87,Normal,5.76,Normal
2026-09-25 12:00:00,Feeder_3,988.59,29.93,70,67.84,63.8,38.28,25.52,Normal,-4.04,Normal
2026-09-25 13:00:00,Feeder_3,786.52,30.87,70,53.76,60.65,36.39,24.26,Normal,6.89,Normal
2026-09-25 14:00:00,Feeder_3,866.03,31.04,70,59.16,59.07,35.44,23.63,Normal,-0.09,Normal
2026-09-25 15:00:00,Feeder_3,633.18,30.79,70,43.3,61.45,36.87,24.58,Normal,18.15,Normal
2026-09-25 16:00:00,Feeder_3,431.4,30.1,70,29.58,62.02,37.21,24.81,Normal,32.44,Normal
2026-09-25 17:00:00,Feeder_3,236.52,28.71,70,16.31,67.39,40.43,26.96,Normal,51.08,Normal
2026-09-25 18:00:00,Feeder_3,0.0,27.64,70,0.0,74.73,44.84,29.89,Normal,74.73,Normal
2026-09-25 19:00:00,Feeder_3,0.0,26.75,70,0.0,86.47,51.88,34.59,Normal,86.47,Normal
2026-09-25 20:00:00,Feeder_3,0.0,23.71,70,0.0,96.6,57.96,38.64,Normal,96.6,Normal
2026-09-25 21:00:00,Feeder_3,0.0,22.38,70,0.0,86.44,51.86,34.58,Normal,86.44,Normal
2026-09-25 22:00:00,Feeder_3,0.0,20.09,70,0.0,79.03,47.42,31.61,Normal,79.03,Normal
2026-09-25 23:00:00,Feeder_3,0.0,19.27,70,0.0,65.95,39.57,26.38,Normal,65.95,Normal
2026-09-26 00:00:00,Feeder_3,0.0,18.0,70,0.0,57.1,34.26,22.84,Normal,57.1,Normal
2026-09-26 01:00:00,Feeder_3,0.0,17.85,70,0.0,57.06,34.24,22.82,Normal,57.06,Normal
2026-09-26 02:00:00,Feeder_3,0.0,17.6,70,0.0,56.97,34.18,22.79,Normal,56.97,Normal
2026-09-26 03:00:00,Feeder_3,0.0,17.36,70,0.0,57.69,34.61,23.08,Normal,57.69,Normal
2026-09-26 04:00:00,Feeder_3,0.0,17.95,70,0.0,57.38,34.43,22.95,Normal,57.38,Normal
2026-09-26 05:00:00,Feeder_3,0.0,19.49,70,0.0,59.31,35.59,23.72,Normal,59.31,Normal
2026-09-26 06:00:00,Feeder_3,0.0,20.88,70,0.0,63.37,38.02,25.35,Normal,63.37,Normal
2026-09-26 07:00:00,Feeder_3,257.39,22.18,70,18.22,73.54,44.12,29.42,Normal,55.32,Normal
2026-09-26 08:00:00,Feeder_3,500.0,23.91,70,35.15,80.32,48.19,32.13,Normal,45.17,Normal
2026-09-26 09:00:00,Feeder_3,675.56,25.22,70,47.25,84.64,50.78,33.86,Normal,37.39,Normal
2026-09-26 10:00:00,Feeder_3,866.03,27.15,70,60.1,78.23,46.94,31.29,Normal,18.13,Normal
2026-09-26 11:00:00,Feeder_3,865.0,29.24,70,59.52,72.96,43.78,29.18,Normal,13.44,Normal
2026-09-26 12:00:00,Feeder_3,980.98,29.69,70,67.38,64.81,38.89,25.92,Normal,-2.57,Normal
2026-09-26 13:00:00,Feeder_3,784.57,30.82,70,53.64,62.93,37.76,25.17,Normal,9.29,Normal
2026-09-26 14:00:00,Feeder_3,736.0,30.39,70,50.41,63.42,38.05,25.37,Normal,13.01,Normal
2026-09-26 15:00:00,Feeder_3,655.2,31.22,70,44.72,59.22,35.53,23.69,Normal,14.5,Normal
2026-09-26 16:00:00,Feeder_3,490.28,30.24,70,33.6,59.23,35.54,23.69,Normal,25.63,Normal
2026-09-26 17:00:00,Feeder_3,258.82,28.8,70,17.84,63.51,38.11,25.4,Normal,45.67,Normal
2026-09-26 18:00:00,Feeder_3,0.0,27.39,70,0.0,76.58,45.95,30.63,Normal,76.58,Normal
2026-09-26 19:00:00,Feeder_3,0.0,26.45,70,0.0,90.82,54.49,36.33,Normal,90.82,Normal
2026-09-26 20:00:00,Feeder_3,0.0,23.88,70,0.0,89.68,53.81,35.87,Normal,89.68,Normal
2026-09-26 21:00:00,Feeder_3,0.0,22.16,70,0.0,86.75,52.05,34.7,Normal,86.75,Normal
2026-09-26 22:00:00,Feeder_3,0.0,20.97,70,0.0,76.91,46.15,30.76,Normal,76.91,Normal
2026-09-26 23:00:00,Feeder_3,0.0,19.48,70,0.0,64.12,38.47,25.65,Normal,64.12,Normal
2026-09-27 00:00:00,Feeder_3,0.0,18.32,70,0.0,52.22,31.33,20.89,Normal,52.22,Normal
2026-09-27 01:00:00,Feeder_3,0.0,16.67,70,0.0,57.81,34.69,23.12,Normal,57.81,Normal
2026-09-27 02:00:00,Feeder_3,0.0,16.86,70,0.0,57.63,34.58,23.05,Normal,57.63,Normal
2026-09-27 03:00:00,Feeder_3,0.0,18.16,70,0.0,63.73,38.24,25.49,Normal,63.73,Normal
2026-09-27 04:00:00,Feeder_3,0.0,18.57,70,0.0,58.39,35.03,23.36,Normal,58.39,Normal
2026-09-27 05:00:00,Feeder_3,0.0,19.02,70,0.0,59.09,35.45,23.64,Normal,59.09,Normal
2026-09-27 06:00:00,Feeder_3,0.0,20.55,70,0.0,63.39,38.03,25.36,Normal,63.39,Normal
2026-09-27 07:00:00,Feeder_3,218.3,21.83,70,15.47,67.73,40.64,27.09,Normal,52.26,Normal
2026-09-27 08:00:00,Feeder_3,500.0,23.52,70,35.21,79.5,47.7,31.8,Normal,44.29,Normal
2026-09-27 09:00:00,Feeder_3,707.11,26.29,70,49.24,83.92,50.35,33.57,Normal,34.68,Normal
2026-09-27 10:00:00,Feeder_3,856.98,28.25,70,59.21,81.46,48.88,32.58,Normal,22.25,Normal
2026-09-27 11:00:00,Feeder_3,927.93,28.38,70,64.08,72.82,43.69,29.13,Normal,8.74,Normal
2026-09-27 12:00:00,Feeder_3,1000.0,29.81,70,68.65,65.31,39.19,26.12,Normal,-3.34,Normal
2026-09-27 13:00:00,Feeder_3,923.78,30.69,70,63.19,54.53,32.72,21.81,Normal,-8.66,Normal
2026-09-27 14:00:00,Feeder_3,842.98,31.39,70,57.5,57.9,34.74,23.16,Normal,0.4,Normal
2026-09-27 15:00:00,Feeder_3,707.11,30.46,70,48.42,60.51,36.31,24.2,Normal,12.09,Normal
2026-09-27 16:00:00,Feeder_3,487.01,29.69,70,33.45,64.77,38.86,25.91,Normal,31.32,Normal
2026-09-27 17:00:00,Feeder_3,258.82,28.71,70,17.85,68.05,40.83,27.22,Normal,50.2,Normal
2026-09-27 18:00:00,Feeder_3,0.0,27.76,70,0.0,72.73,43.64,29.09,Normal,72.73,Normal
2026-09-27 19:00:00,Feeder_3,0.0,25.58,70,0.0,87.73,52.64,35.09,Normal,87.73,Normal
2026-09-27 20:00:00,Feeder_3,0.0,24.12,70,0.0,93.03,55.82,37.21,Normal,93.03,Normal
2026-09-27 21:00:00,Feeder_3,0.0,22.74,70,0.0,85.26,51.16,34.1,Normal,85.26,Normal
2026-09-27 22:00:00,Feeder_3,0.0,20.37,70,0.0,80.51,48.31,32.2,Normal,80.51,Normal
2026-09-27 23:00:00,Feeder_3,0.0,18.99,70,0.0,67.58,40.55,27.03,Normal,67.58,Normal
2026-09-28 00:00:00,Feeder_3,0.0,17.99,70,0.0,59.18,35.51,23.67,Normal,59.18,Normal
2026-09-28 01:00:00,Feeder_3,0.0,17.63,70,0.0,60.24,36.14,24.1,Normal,60.24,Normal
2026-09-28 02:00:00,Feeder_3,0.0,17.3,70,0.0,58.78,35.27,23.51,Normal,58.78,Normal
2026-09-28 03:00:00,Feeder_3,0.0,17.08,70,0.0,59.27,35.56,23.71,Normal,59.27,Normal
2026-09-28 04:00:00,Feeder_3,0.0,17.86,70,0.0,56.36,33.82,22.54,Normal,56.36,Normal
2026-09-28 05:00:00,Feeder_3,0.0,19.1,70,0.0,61.2,36.72,24.48,Normal,61.2,Normal
2026-09-28 06:00:00,Feeder_3,0.0,20.91,70,0.0,63.09,37.85,25.24,Normal,63.09,Normal
2026-09-28 07:00:00,Feeder_3,239.68,21.77,70,16.99,73.58,44.15,29.43,Normal,56.59,Normal
2026-09-28 08:00:00,Feeder_3,500.0,23.87,70,35.16,79.56,47.74,31.82,Normal,44.4,Normal
2026-09-28 09:00:00,Feeder_3,707.11,26.01,70,49.3,85.09,51.05,34.04,Normal,35.79,Normal
2026-09-28 10:00:00,Feeder_3,742.26,27.77,70,51.38,77.84,46.7,31.14,Normal,26.46,Normal
2026-09-28 11:00:00,Feeder_3,834.48,28.81,70,57.52,70.37,42.22,28.15,Normal,12.85,Normal
2026-09-28 12:00:00,Feeder_3,973.41,29.49,70,66.91,66.98,40.19,26.79,Normal,0.07,Normal
2026-09-28 13:00:00,Feeder_3,965.93,29.98,70,66.27,63.19,37.91,25.28,Normal,-3.08,Normal
2026-09-28 14:00:00,Feeder_3,781.79,31.34,70,53.34,59.3,35.58,23.72,Normal,5.96,Normal
2026-09-28 15:00:00,Feeder_3,707.11,30.69,70,48.37,62.63,37.58,25.05,Normal,14.26,Normal
2026-09-28 16:00:00,Feeder_3,425.62,30.31,70,29.16,64.19,38.51,25.68,Normal,35.03,Normal
2026-09-28 17:00:00,Feeder_3,258.82,29.88,70,17.76,65.49,39.29,26.2,Normal,47.73,Normal
2026-09-28 18:00:00,Feeder_3,0.0,27.46,70,0.0,80.05,48.03,32.02,Normal,80.05,Normal
2026-09-28 19:00:00,Feeder_3,0.0,25.66,70,0.0,91.89,55.13,36.76,Normal,91.89,Normal
2026-09-28 20:00:00,Feeder_3,0.0,23.43,70,0.0,92.71,55.63,37.08,Normal,92.71,Normal
2026-09-28 21:00:00,Feeder_3,0.0,22.75,70,0.0,88.9,53.34,35.56,Normal,88.9,Normal
2026-09-28 22:00:00,Feeder_3,0.0,19.96,70,0.0,75.86,45.52,30.34,Normal,75.86,Normal
2026-09-28 23:00:00,Feeder_3,0.0,19.0,70,0.0,67.02,40.21,26.81,Normal,67.02,Normal
2026-09-29 00:00:00,Feeder_3,0.0,17.76,70,0.0,59.35,35.61,23.74,Normal,59.35,Normal
2026-09-29 01:00:00,Feeder_3,0.0,16.87,70,0.0,58.72,35.23,23.49,Normal,58.72,Normal
2026-09-29 02:00:00,Feeder_3,0.0,16.93,70,0.0,59.09,35.45,23.64,Normal,59.09,Normal
2026-09-29 03:00:00,Feeder_3,0.0,17.07,70,0.0,62.24,37.34,24.9,Normal,62.24,Normal
2026-09-29 04:00:00,Feeder_3,0.0,17.65,70,0.0,66.34,39.8,26.54,Normal,66.34,Normal
2026-09-29 05:00:00,Feeder_3,0.0,18.51,70,0.0,62.57,37.54,25.03,Normal,62.57,Normal
2026-09-29 06:00:00,Feeder_3,0.0,20.41,70,0.0,69.94,41.96,27.98,Normal,69.94,Normal
2026-09-29 07:00:00,Feeder_3,210.84,21.4,70,14.97,68.09,40.85,27.24,Normal,53.12,Normal
2026-09-29 08:00:00,Feeder_3,500.0,24.45,70,35.08,78.88,47.33,31.55,Normal,43.8,Normal
2026-09-29 09:00:00,Feeder_3,707.11,26.37,70,49.23,88.47,53.08,35.39,Normal,39.24,Normal
2026-09-29 10:00:00,Feeder_3,840.43,26.58,70,58.46,78.11,46.87,31.24,Normal,19.65,Normal
2026-09-29 11:00:00,Feeder_3,916.45,28.85,70,63.16,71.37,42.82,28.55,Normal,8.21,Normal
2026-09-29 12:00:00,Feeder_3,1000.0,30.57,70,68.44,64.15,38.49,25.66,Normal,-4.29,Normal
2026-09-29 13:00:00,Feeder_3,965.93,30.9,70,66.02,60.91,36.55,24.36,Normal,-5.11,Normal
2026-09-29 14:00:00,Feeder_3,866.03,31.03,70,59.16,64.62,38.77,25.85,Normal,5.46,Normal
2026-09-29 15:00:00,Feeder_3,585.05,30.56,70,40.04,59.29,35.57,23.72,Normal,19.25,Normal
2026-09-29 16:00:00,Feeder_3,500.0,30.57,70,34.22,61.38,36.83,24.55,Normal,27.16,Normal
2026-09-29 17:00:00,Feeder_3,214.65,29.29,70,14.77,68.7,41.22,27.48,Normal,53.93,Normal
2026-09-29 18:00:00,Feeder_3,0.0,27.5,70,0.0,72.99,43.79,29.2,Normal,72.99,Normal
2026-09-29 19:00:00,Feeder_3,0.0,25.45,70,0.0,90.65,54.39,36.26,Normal,90.65,Normal
2026-09-29 20:00:00,Feeder_3,0.0,23.49,70,0.0,96.2,57.72,38.48,Normal,96.2,Normal
2026-09-29 21:00:00,Feeder_3,0.0,22.32,70,0.0,86.59,51.95,34.64,Normal,86.59,Normal
2026-09-29 22:00:00,Feeder_3,0.0,20.7,70,0.0,78.27,46.96,31.31,Normal,78.27,Normal
2026-09-29 23:00:00,Feeder_3,0.0,19.02,70,0.0,67.58,40.55,27.03,Normal,67.58,Normal
2026-09-30 00:00:00,Feeder_3,0.0,18.01,70,0.0,60.1,36.06,24.04,Normal,60.1,Normal
2026-09-30 01:00:00,Feeder_3,0.0,16.52,70,0.0,59.83,35.9,23.93,Normal,59.83,Normal
2026-09-30 02:00:00,Feeder_3,0.0,16.73,70,0.0,55.8,33.48,22.32,Normal,55.8,Normal
2026-09-30 03:00:00,Feeder_3,0.0,17.44,70,0.0,58.49,35.09,23.4,Normal,58.49,Normal
2026-09-30 04:00:00,Feeder_3,0.0,17.61,70,0.0,62.64,37.58,25.06,Normal,62.64,Normal
2026-09-30 05:00:00,Feeder_3,0.0,18.83,70,0.0,62.01,37.21,24.8,Normal,62.01,Normal
2026-09-30 06:00:00,Feeder_3,0.0,21.1,70,0.0,67.96,40.78,27.18,Normal,67.96,Normal
2026-09-30 07:00:00,Feeder_3,244.33,21.94,70,17.31,65.29,39.17,26.12,Normal,47.98,Normal
2026-09-30 08:00:00,Feeder_3,411.11,23.46,70,28.95,80.5,48.3,32.2,Normal,51.55,Normal
2026-09-30 09:00:00,Feeder_3,679.42,25.27,70,47.51,83.3,49.98,33.32,Normal,35.79,Normal
2026-09-30 10:00:00,Feeder_3,866.03,27.71,70,59.96,75.41,45.25,30.16,Normal,15.45,Normal
2026-09-30 11:00:00,Feeder_3,951.06,28.4,70,65.67,74.09,44.45,29.64,Normal,8.42,Normal
2026-09-30 12:00:00,Feeder_3,1000.0,29.7,70,68.68,62.66,37.6,25.06,Normal,-6.02,Normal
2026-09-30 13:00:00,Feeder_3,912.46,29.86,70,62.63,61.59,36.95,24.64,Normal,-1.04,Normal
2026-09-30 14:00:00,Feeder_3,837.67,31.39,70,57.14,56.73,34.04,22.69,Normal,-0.41,Normal
2026-09-30 15:00:00,Feeder_3,654.57,30.16,70,44.87,57.09,34.25,22.84,Normal,12.22,Normal
2026-09-30 16:00:00,Feeder_3,429.08,30.46,70,29.38,59.69,35.81,23.88,Normal,30.31,Normal
2026-09-30 17:00:00,Feeder_3,258.82,28.8,70,17.84,63.64,38.18,25.46,Normal,45.8,Normal
2026-09-30 18:00:00,Feeder_3,0.0,27.74,70,0.0,73.95,44.37,29.58,Normal,73.95,Normal
2026-09-30 19:00:00,Feeder_3,0.0,25.47,70,0.0,87.42,52.45,34.97,Normal,87.42,Normal
2026-09-30 20:00:00,Feeder_3,0.0,23.73,70,0.0,94.09,56.45,37.64,Normal,94.09,Normal
2026-09-30 21:00:00,Feeder_3,0.0,22.24,70,0.0,82.68,49.61,33.07,Normal,82.68,Normal
2026-09-30 22:00:00,Feeder_3,0.0,20.75,70,0.0,79.56,47.74,31.82,Normal,79.56,Normal
2026-09-30 23:00:00,Feeder_3,0.0,18.95,70,0.0,67.55,40.53,27.02,Normal,67.55,Normal
2026-09-01 00:00:00,Feeder_4,0.0,17.13,80,0.0,64.78,38.87,25.91,Normal,64.78,Normal
2026-09-01 01:00:00,Feeder_4,0.0,17.52,80,0.0,73.25,43.95,29.3,Normal,73.25,Normal
2026-09-01 02:00:00,Feeder_4,0.0,16.44,80,0.0,68.01,40.81,27.2,Normal,68.01,Normal
2026-09-01 03:00:00,Feeder_4,0.0,17.28,80,0.0,64.8,38.88,25.92,Normal,64.8,Normal
2026-09-01 04:00:00,Feeder_4,0.0,18.2,80,0.0,64.82,38.89,25.93,Normal,64.82,Normal
2026-09-01 05:00:00,Feeder_4,0.0,19.45,80,0.0,71.69,43.01,28.68,Normal,71.69,Normal
2026-09-01 06:00:00,Feeder_4,0.0,20.36,80,0.0,75.65,45.39,30.26,Normal,75.65,Normal
2026-09-01 07:00:00,Feeder_4,221.23,22.36,80,17.89,76.41,45.85,30.56,Normal,58.52,Normal
2026-09-01 08:00:00,Feeder_4,500.0,23.9,80,40.18,91.33,54.8,36.53,Normal,51.15,Normal
2026-09-01 09:00:00,Feeder_4,707.11,25.32,80,56.5,95.56,57.34,38.22,Normal,39.06,Normal
2026-09-01 10:00:00,Feeder_4,866.03,27.85,80,68.49,86.26,51.76,34.5,Normal,17.77,Normal
2026-09-01 11:00:00,Feeder_4,930.46,29.01,80,73.24,78.08,46.85,31.23,Normal,4.84,Normal
2026-09-01 12:00:00,Feeder_4,1000.0,30.12,80,78.36,65.82,39.49,26.33,Normal,-12.54,Normal
2026-09-01 13:00:00,Feeder_4,965.93,30.62,80,75.54,68.56,41.14,27.42,Normal,-6.98,Normal
2026-09-01 14:00:00,Feeder_4,827.72,31.32,80,64.54,70.27,42.16,28.11,Normal,5.73,Normal
2026-09-01 15:00:00,Feeder_4,707.11,30.63,80,55.29,67.5,40.5,27.0,Normal,12.21,Normal
2026-09-01 16:00:00,Feeder_4,500.0,29.74,80,39.24,70.89,42.53,28.36,Normal,31.65,Normal
2026-09-01 17:00:00,Feeder_4,258.82,29.57,80,20.33,77.95,46.77,31.18,Normal,57.62,Normal
2026-09-01 18:00:00,Feeder_4,0.0,27.83,80,0.0,82.59,49.55,33.04,Normal,82.59,Normal
2026-09-01 19:00:00,Feeder_4,0.0,25.61,80,0.0,94.07,56.44,37.63,Normal,94.07,Normal
2026-09-01 20:00:00,Feeder_4,0.0,22.93,80,0.0,97.62,58.57,39.05,Normal,97.62,Normal
2026-09-01 21:00:00,Feeder_4,0.0,22.22,80,0.0,95.7,57.42,38.28,Normal,95.7,Normal
2026-09-01 22:00:00,Feeder_4,0.0,20.17,80,0.0,85.95,51.57,34.38,Normal,85.95,Normal
2026-09-01 23:00:00,Feeder_4,0.0,19.04,80,0.0,77.7,46.62,31.08,Normal,77.7,Normal
2026-09-02 00:00:00,Feeder_4,0.0,17.64,80,0.0,66.3,39.78,26.52,Normal,66.3,Normal
2026-09-02 01:00:00,Feeder_4,0.0,17.2,80,0.0,69.78,41.87,27.91,Normal,69.78,Normal
2026-09-02 02:00:00,Feeder_4,0.0,17.56,80,0.0,66.25,39.75,26.5,Normal,66.25,Normal
2026-09-02 03:00:00,Feeder_4,0.0,17.16,80,0.0,70.74,42.44,28.3,Normal,70.74,Normal
2026-09-02 04:00:00,Feeder_4,0.0,18.22,80,0.0,71.08,42.65,28.43,Normal,71.08,Normal
2026-09-02 05:00:00,Feeder_4,0.0,19.14,80,0.0,71.96,43.18,28.78,Normal,71.96,Normal
2026-09-02 06:00:00,Feeder_4,0.0,19.97,80,0.0,77.94,46.76,31.18,Normal,77.94,Normal
2026-09-02 07:00:00,Feeder_4,244.23,22.25,80,19.75,82.73,49.64,33.09,Normal,62.98,Normal
2026-09-02 08:00:00,Feeder_4,463.49,23.6,80,37.29,88.8,53.28,35.52,Normal,51.51,Normal
2026-09-02 09:00:00,Feeder_4,554.96,25.7,80,44.27,92.61,55.57,37.04,Normal,48.34,Normal
2026-09-02 10:00:00,Feeder_4,837.97,26.88,80,66.53,92.15,55.29,36.86,Normal,25.62,Normal
2026-09-02 11:00:00,Feeder_4,965.93,29.52,80,75.88,79.19,47.51,31.68,Normal,3.31,Normal
2026-09-02 12:00:00,Feeder_4,894.4,30.17,80,70.07,72.04,43.22,28.82,Normal,1.97,Normal
2026-09-02 13:00:00,Feeder_4,829.41,31.35,80,64.67,67.19,40.31,26.88,Normal,2.52,Normal
2026-09-02 14:00:00,Feeder_4,674.78,31.53,80,52.57,66.21,39.73,26.48,Normal,13.64,Normal
2026-09-02 15:00:00,Feeder_4,655.53,30.06,80,51.38,71.96,43.18,28.78,Normal,20.58,Normal
2026-09-02 16:00:00,Feeder_4,422.63,30.09,80,33.12,71.72,43.03,28.69,Normal,38.6,Normal
2026-09-02 17:00:00,Feeder_4,258.82,28.93,80,20.38,70.56,42.34,28.22,Normal,50.18,Normal
2026-09-02 18:00:00,Feeder_4,0.0,27.58,80,0.0,83.0,49.8,33.2,Normal,83.0,Normal
2026-09-02 19:00:00,Feeder_4,0.0,26.08,80,0.0,99.03,59.42,39.61,Normal,99.03,Normal
2026-09-02 20:00:00,Feeder_4,0.0,24.88,80,0.0,103.92,62.35,41.57,Normal,103.92,Normal
2026-09-02 21:00:00,Feeder_4,0.0,22.62,80,0.0,102.54,61.52,41.02,Normal,102.54,Normal
2026-09-02 22:00:00,Feeder_4,0.0,20.41,80,0.0,79.02,47.41,31.61,Normal,79.02,Normal
2026-09-02 23:00:00,Feeder_4,0.0,19.2,80,0.0,74.71,44.83,29.88,Normal,74.71,Normal
2026-09-03 00:00:00,Feeder_4,0.0,17.12,80,0.0,67.93,40.76,27.17,Normal,67.93,Normal
2026-09-03 01:00:00,Feeder_4,0.0,17.0,80,0.0,68.1,40.86,27.24,Normal,68.1,Normal
2026-09-03 02:00:00,Feeder_4,0.0,17.18,80,0.0,66.02,39.61,26.41,Normal,66.02,Normal
2026-09-03 03:00:00,Feeder_4,0.0,16.93,80,0.0,66.08,39.65,26.43,Normal,66.08,Normal
2026-09-03 04:00:00,Feeder_4,0.0,17.41,80,0.0,66.39,39.83,26.56,Normal,66.39,Normal
2026-09-03 05:00:00,Feeder_4,0.0,18.61,80,0.0,73.23,43.94,29.29,Normal,73.23,Normal
2026-09-03 06:00:00,Feeder_4,0.0,20.23,80,0.0,70.13,42.08,28.05,Normal,70.13,Normal
2026-09-03 07:00:00,Feeder_4,258.82,22.41,80,20.92,77.49,46.49,31.0,Normal,56.57,Normal
2026-09-03 08:00:00,Feeder_4,500.0,24.08,80,40.15,88.81,53.29,35.52,Normal,48.66,Normal
2026-09-03 09:00:00,Feeder_4,677.88,25.51,80,54.12,92.84,55.7,37.14,Normal,38.72,Normal
2026-09-03 10:00:00,Feeder_4,809.38,28.23,80,63.91,84.99,50.99,34.0,Normal,21.08,Normal
2026-09-03 11:00:00,Feeder_4,965.93,28.91,80,76.07,80.58,48.35,32.23,Normal,4.51,Normal
2026-09-03 12:00:00,Feeder_4,1000.0,29.81,80,78.46,74.74,44.84,29.9,Normal,-3.72,Normal
2026-09-03 13:00:00,Feeder_4,652.09,30.47,80,51.03,66.44,39.86,26.58,Normal,15.41,Normal
2026-09-03 14:00:00,Feeder_4,735.76,30.91,80,57.47,68.44,41.06,27.38,Normal,10.97,Normal
2026-09-03 15:00:00,Feeder_4,707.11,30.86,80,55.24,65.94,39.56,26.38,Normal,10.7,Normal
2026-09-03 16:00:00,Feeder_4,500.0,30.11,80,39.18,71.78,43.07,28.71,Normal,32.6,Normal
2026-09-03 17:00:00,Feeder_4,258.82,28.96,80,20.38,72.57,43.54,29.03,Normal,52.19,Normal
2026-09-03 18:00:00,Feeder_4,0.0,27.28,80,0.0,84.18,50.51,33.67,Normal,84.18,Normal
2026-09-03 19:00:00,Feeder_4,0.0,26.1,80,0.0,96.5,57.9,38.6,Normal,96.5,Normal
2026-09-03 20:00:00,Feeder_4,0.0,24.06,80,0.0,100.71,60.43,40.28,Normal,100.71,Normal
2026-09-03 21:00:00,Feeder_4,0.0,21.49,80,0.0,94.89,56.93,37.96,Normal,94.89,Normal
2026-09-03 22:00:00,Feeder_4,0.0,20.22,80,0.0,84.38,50.63,33.75,Normal,84.38,Normal
2026-09-03 23:00:00,Feeder_4,0.0,19.26,80,0.0,72.11,43.27,28.84,Normal,72.11,Normal
2026-09-04 00:00:00,Feeder_4,0.0,18.39,80,0.0,64.18,38.51,25.67,Normal,64.18,Normal
2026-09-04 01:00:00,Feeder_4,0.0,17.71,80,0.0,66.63,39.98,26.65,Normal,66.63,Normal
2026-09-04 02:00:00,Feeder_4,0.0,16.44,80,0.0,66.38,39.83,26.55,Normal,66.38,Normal
2026-09-04 03:00:00,Feeder_4,0.0,17.07,80,0.0,67.14,40.28,26.86,Normal,67.14,Normal
2026-09-04 04:00:00,Feeder_4,0.0,17.82,80,0.0,70.07,42.04,28.03,Normal,70.07,Normal
2026-09-04 05:00:00,Feeder_4,0.0,19.62,80,0.0,69.45,41.67,27.78,Normal,69.45,Normal
2026-09-04 06:00:00,Feeder_4,0.0,20.68,80,0.0,75.2,45.12,30.08,Normal,75.2,Normal
2026-09-04 07:00:00,Feeder_4,256.3,22.89,80,20.68,81.99,49.19,32.8,Normal,61.31,Normal
2026-09-04 08:00:00,Feeder_4,500.0,24.43,80,40.09,89.0,53.4,35.6,Normal,48.91,Normal
2026-09-04 09:00:00,Feeder_4,495.58,25.61,80,39.55,94.99,56.99,38.0,Normal,55.44,Normal
2026-09-04 10:00:00,Feeder_4,782.1,27.41,80,61.96,85.55,51.33,34.22,Normal,23.59,Normal
2026-09-04 11:00:00,Feeder_4,965.93,29.62,80,75.85,77.63,46.58,31.05,Normal,1.78,Normal
2026-09-04 12:00:00,Feeder_4,1000.0,29.79,80,78.47,74.12,44.47,29.65,Normal,-4.35,Normal
2026-09-04 13:00:00,Feeder_4,965.93,31.09,80,75.39,69.58,41.75,27.83,Normal,-5.81,Normal
2026-09-04 14:00:00,Feeder_4,866.03,30.59,80,67.73,63.2,37.92,25.28,Normal,-4.53,Normal
2026-09-04 15:00:00,Feeder_4,673.75,30.13,80,52.79,63.87,38.32,25.55,Normal,11.08,Normal
2026-09-04 16:00:00,Feeder_4,439.92,29.69,80,34.53,67.05,40.23,26.82,Normal,32.52,Normal
2026-09-04 17:00:00,Feeder_4,258.82,28.75,80,20.4,74.36,44.62,29.74,Normal,53.96,Normal
2026-09-04 18:00:00,Feeder_4,0.0,27.19,80,0.0,84.31,50.59,33.72,Normal,84.31,Normal
2026-09-04 19:00:00,Feeder_4,0.0,25.04,80,0.0,90.66,54.4,36.26,Normal,90.66,Normal
2026-09-04 20:00:00,Feeder_4,0.0,24.2,80,0.0,107.16,64.3,42.86,Normal,107.16,Normal
2026-09-04 21:00:00,Feeder_4,0.0,22.52,80,0.0,96.14,57.68,38.46,Normal,96.14,Normal
2026-09-04 22:00:00,Feeder_4,0.0,21.17,80,0.0,79.66,47.8,31.86,Normal,79.66,Normal
2026-09-04 23:00:00,Feeder_4,0.0,19.9,80,0.0,75.51,45.31,30.2,Normal,75.51,Normal
2026-09-05 00:00:00,Feeder_4,0.0,17.69,80,0.0,66.92,40.15,26.77,Normal,66.92,Normal
2026-09-05 01:00:00,Feeder_4,0.0,16.35,80,0.0,64.08,38.45,25.63,Normal,64.08,Normal
2026-09-05 02:00:00,Feeder_4,0.0,17.33,80,0.0,69.19,41.51,27.68,Normal,69.19,Normal
2026-09-05 03:00:00,Feeder_4,0.0,17.57,80,0.0,66.65,39.99,26.66,Normal,66.65,Normal
2026-09-05 04:00:00,Feeder_4,0.0,17.94,80,0.0,67.53,40.52,27.01,Normal,67.53,Normal
2026-09-05 05:00:00,Feeder_4,0.0,19.32,80,0.0,67.68,40.61,27.07,Normal,67.68,Normal
2026-09-05 06:00:00,Feeder_4,0.0,20.05,80,0.0,69.83,41.9,27.93,Normal,69.83,Normal
2026-09-05 07:00:00,Feeder_4,258.82,22.15,80,20.94,78.7,47.22,31.48,Normal,57.76,Normal
2026-09-05 08:00:00,Feeder_4,500.0,23.76,80,40.2,87.66,52.6,35.06,Normal,47.46,Normal
2026-09-05 09:00:00,Feeder_4,707.11,26.43,80,56.25,95.93,57.56,38.37,Normal,39.68,Normal
2026-09-05 10:00:00,Feeder_4,836.71,27.99,80,66.14,85.79,51.47,34.32,Normal,19.65,Normal
2026-09-05 11:00:00,Feeder_4,860.81,28.01,80,68.04,84.02,50.41,33.61,Normal,15.98,Normal
2026-09-05 12:00:00,Feeder_4,896.32,30.01,80,70.27,70.3,42.18,28.12,Normal,0.03,Normal
2026-09-05 13:00:00,Feeder_4,965.93,30.61,80,75.54,65.48,39.29,26.19,Normal,-10.06,Normal
2026-09-05 14:00:00,Feeder_4,866.03,30.43,80,67.78,65.38,39.23,26.15,Normal,-2.4,Normal
2026-09-05 15:00:00,Feeder_4,528.33,30.19,80,41.39,68.05,40.83,27.22,Normal,26.66,Normal
2026-09-05 16:00:00,Feeder_4,382.13,29.47,80,30.02,69.43,41.66,27.77,Normal,39.41,Normal
2026-09-05 17:00:00,Feeder_4,241.94,29.75,80,18.99,79.39,47.63,31.76,Normal,60.4,Normal
2026-09-05 18:00:00,Feeder_4,0.0,27.72,80,0.0,86.84,52.1,34.74,Normal,86.84,Normal
2026-09-05 19:00:00,Feeder_4,0.0,25.21,80,0.0,96.6,57.96,38.64,Normal,96.6,Normal
2026-09-05 20:00:00,Feeder_4,0.0,23.83,80,0.0,103.11,61.87,41.24,Normal,103.11,Normal
2026-09-05 21:00:00,Feeder_4,0.0,21.73,80,0.0,96.9,58.14,38.76,Normal,96.9,Normal
2026-09-05 22:00:00,Feeder_4,0.0,20.03,80,0.0,87.29,52.37,34.92,Normal,87.29,Normal
2026-09-05 23:00:00,Feeder_4,0.0,18.82,80,0.0,74.16,44.5,29.66,Normal,74.16,Normal
2026-09-06 00:00:00,Feeder_4,0.0,17.71,80,0.0,71.68,43.01,28.67,Normal,71.68,Normal
2026-09-06 01:00:00,Feeder_4,0.0,18.22,80,0.0,68.09,40.85,27.24,Normal,68.09,Normal
2026-09-06 02:00:00,Feeder_4,0.0,17.19,80,0.0,73.33,44.0,29.33,Normal,73.33,Normal
2026-09-06 03:00:00,Feeder_4,0.0,16.79,80,0.0,65.17,39.1,26.07,Normal,65.17,Normal
2026-09-06 04:00:00,Feeder_4,0.0,17.25,80,0.0,67.44,40.46,26.98,Normal,67.44,Normal
2026-09-06 05:00:00,Feeder_4,0.0,19.11,80,0.0,68.01,40.81,27.2,Normal,68.01,Normal
2026-09-06 06:00:00,Feeder_4,0.0,20.86,80,0.0,70.51,42.31,28.2,Normal,70.51,Normal
2026-09-06 07:00:00,Feeder_4,258.82,22.96,80,20.87,80.48,48.29,32.19,Normal,59.61,Normal
2026-09-06 08:00:00,Feeder_4,499.31,24.41,80,40.04,90.9,54.54,36.36,Normal,50.86,Normal
2026-09-06 09:00:00,Feeder_4,638.72,25.6,80,50.97,88.69,53.21,35.48,Normal,37.72,Normal
2026-09-06 10:00:00,Feeder_4,866.03,27.77,80,68.51,84.79,50.87,33.92,Normal,16.28,Normal
2026-09-06 11:00:00,Feeder_4,182.63,28.41,80,14.41,77.59,46.55,31.04,Weather Dip,63.18,Weather Dip
2026-09-06 12:00:00,Feeder_4,200.0,29.77,80,15.69,71.83,43.1,28.73,Weather Dip,56.14,Weather Dip
2026-09-06 13:00:00,Feeder_4,155.46,30.84,80,12.15,68.64,41.18,27.46,Weather Dip,56.49,Weather Dip
2026-09-06 14:00:00,Feeder_4,158.05,30.92,80,12.34,67.93,40.76,27.17,Weather Dip,55.59,Weather Dip
2026-09-06 15:00:00,Feeder_4,637.96,30.17,80,49.98,72.12,43.27,28.85,Normal,22.14,Normal
2026-09-06 16:00:00,Feeder_4,462.0,30.02,80,36.22,71.97,43.18,28.79,Normal,35.75,Normal
2026-09-06 17:00:00,Feeder_4,258.82,28.45,80,20.42,75.93,45.56,30.37,Normal,55.51,Normal
2026-09-06 18:00:00,Feeder_4,0.0,27.28,80,0.0,83.17,49.9,33.27,Normal,83.17,Normal
2026-09-06 19:00:00,Feeder_4,0.0,25.8,80,0.0,92.94,55.76,37.18,Normal,92.94,Normal
2026-09-06 20:00:00,Feeder_4,0.0,24.02,80,0.0,103.06,61.84,41.22,Normal,103.06,Normal
2026-09-06 21:00:00,Feeder_4,0.0,22.04,80,0.0,97.35,58.41,38.94,Normal,97.35,Normal
2026-09-06 22:00:00,Feeder_4,0.0,20.36,80,0.0,82.82,49.69,33.13,Normal,82.82,Normal
2026-09-06 23:00:00,Feeder_4,0.0,18.21,80,0.0,78.16,46.9,31.26,Normal,78.16,Normal
2026-09-07 00:00:00,Feeder_4,0.0,18.4,80,0.0,69.67,41.8,27.87,Normal,69.67,Normal
2026-09-07 01:00:00,Feeder_4,0.0,16.8,80,0.0,73.4,44.04,29.36,Normal,73.4,Normal
2026-09-07 02:00:00,Feeder_4,0.0,16.99,80,0.0,67.65,40.59,27.06,Normal,67.65,Normal
2026-09-07 03:00:00,Feeder_4,0.0,17.41,80,0.0,65.27,39.16,26.11,Normal,65.27,Normal
2026-09-07 04:00:00,Feeder_4,0.0,17.41,80,0.0,67.44,40.46,26.98,Normal,67.44,Normal
2026-09-07 05:00:00,Feeder_4,0.0,19.02,80,0.0,66.05,39.63,26.42,Normal,66.05,Normal
2026-09-07 06:00:00,Feeder_4,0.0,20.84,80,0.0,73.2,43.92,29.28,Normal,73.2,Normal
2026-09-07 07:00:00,Feeder_4,258.52,22.54,80,20.89,81.04,48.62,32.42,Normal,60.15,Normal
2026-09-07 08:00:00,Feeder_4,500.0,23.82,80,40.19,87.09,52.25,34.84,Normal,46.9,Normal
2026-09-07 09:00:00,Feeder_4,596.7,25.64,80,47.61,94.41,56.65,37.76,Normal,46.8,Normal
2026-09-07 10:00:00,Feeder_4,866.03,27.88,80,68.48,83.68,50.21,33.47,Normal,15.2,Normal
2026-09-07 11:00:00,Feeder_4,965.93,28.21,80,76.28,82.08,49.25,32.83,Normal,5.8,Normal
2026-09-07 12:00:00,Feeder_4,955.87,30.34,80,74.84,69.25,41.55,27.7,Normal,-5.59,Normal
2026-09-07 13:00:00,Feeder_4,965.93,30.18,80,75.67,67.08,40.25,26.83,Normal,-8.59,Normal
2026-09-07 14:00:00,Feeder_4,762.3,30.3,80,59.69,67.71,40.63,27.08,Normal,8.02,Normal
2026-09-07 15:00:00,Feeder_4,707.11,31.83,80,55.02,67.85,40.71,27.14,Normal,12.83,Normal
2026-09-07 16:00:00,Feeder_4,500.0,30.16,80,39.17,70.69,42.41,28.28,Normal,31.52,Normal
2026-09-07 17:00:00,Feeder_4,248.19,29.03,80,19.54,76.15,45.69,30.46,Normal,56.61,Normal
2026-09-07 18:00:00,Feeder_4,0.0,27.47,80,0.0,84.82,50.89,33.93,Normal,84.82,Normal
2026-09-07 19:00:00,Feeder_4,0.0,25.39,80,0.0,96.5,57.9,38.6,Normal,96.5,Normal
2026-09-07 20:00:00,Feeder_4,0.0,24.47,80,0.0,105.37,63.22,42.15,Normal,105.37,Normal
2026-09-07 21:00:00,Feeder_4,0.0,22.32,80,0.0,99.13,59.48,39.65,Normal,99.13,Normal
2026-09-07 22:00:00,Feeder_4,0.0,19.72,80,0.0,81.68,49.01,32.67,Normal,81.68,Normal
2026-09-07 23:00:00,Feeder_4,0.0,18.94,80,0.0,73.13,43.88,29.25,Normal,73.13,Normal
2026-09-08 00:00:00,Feeder_4,0.0,17.72,80,0.0,63.49,38.09,25.4,Normal,63.49,Normal
2026-09-08 01:00:00,Feeder_4,0.0,17.23,80,0.0,66.86,40.12,26.74,Normal,66.86,Normal
2026-09-08 02:00:00,Feeder_4,0.0,17.38,80,0.0,69.37,41.62,27.75,Normal,69.37,Normal
2026-09-08 03:00:00,Feeder_4,0.0,16.99,80,0.0,66.32,39.79,26.53,Normal,66.32,Normal
2026-09-08 04:00:00,Feeder_4,0.0,17.73,80,0.0,67.37,40.42,26.95,Normal,67.37,Normal
2026-09-08 05:00:00,Feeder_4,0.0,19.36,80,0.0,64.29,38.57,25.72,Normal,64.29,Normal
2026-09-08 06:00:00,Feeder_4,0.0,20.41,80,0.0,74.35,44.61,29.74,Normal,74.35,Normal
2026-09-08 07:00:00,Feeder_4,258.82,22.83,80,20.89,83.22,49.93,33.29,Normal,62.33,Normal
2026-09-08 08:00:00,Feeder_4,500.0,24.58,80,40.07,88.89,53.33,35.56,Normal,48.82,Normal
2026-09-08 09:00:00,Feeder_4,707.11,26.16,80,56.31,93.83,56.3,37.53,Normal,37.52,Normal
2026-09-08 10:00:00,Feeder_4,833.91,27.66,80,66.0,88.07,52.84,35.23,Normal,22.07,Normal
2026-09-08 11:00:00,Feeder_4,866.95,29.47,80,68.12,79.97,47.98,31.99,Normal,11.85,Normal
2026-09-08 12:00:00,Feeder_4,1000.0,29.41,80,78.59,71.19,42.71,28.48,Normal,-7.4,Normal
2026-09-08 13:00:00,Feeder_4,965.93,31.22,80,75.35,69.75,41.85,27.9,Normal,-5.6,Normal
2026-09-08 14:00:00,Feeder_4,866.03,30.55,80,67.74,64.58,38.75,25.83,Normal,-3.16,Normal
2026-09-08 15:00:00,Feeder_4,707.11,30.22,80,55.39,66.27,39.76,26.51,Normal,10.88,Normal
2026-09-08 16:00:00,Feeder_4,500.0,29.67,80,39.25,73.45,44.07,29.38,Normal,34.2,Normal
2026-09-08 17:00:00,Feeder_4,258.82,28.32,80,20.43,72.48,43.49,28.99,Normal,52.05,Normal
2026-09-08 18:00:00,Feeder_4,0.0,27.19,80,0.0,86.89,52.13,34.76,Normal,86.89,Normal
2026-09-08 19:00:00,Feeder_4,0.0,26.0,80,0.0,92.82,55.69,37.13,Normal,92.82,Normal
2026-09-08 20:00:00,Feeder_4,0.0,23.78,80,0.0,102.03,61.22,40.81,Normal,102.03,Normal
2026-09-08 21:00:00,Feeder_4,0.0,21.68,80,0.0,93.74,56.24,37.5,Normal,93.74,Normal
2026-09-08 22:00:00,Feeder_4,0.0,20.66,80,0.0,87.59,52.55,35.04,Normal,87.59,Normal
2026-09-08 23:00:00,Feeder_4,0.0,19.11,80,0.0,70.49,42.29,28.2,Normal,70.49,Normal
2026-09-09 00:00:00,Feeder_4,0.0,17.93,80,0.0,71.88,43.13,28.75,Normal,71.88,Normal
2026-09-09 01:00:00,Feeder_4,0.0,17.85,80,0.0,68.49,41.09,27.4,Normal,68.49,Normal
2026-09-09 02:00:00,Feeder_4,0.0,17.05,80,0.0,67.6,40.56,27.04,Normal,67.6,Normal
2026-09-09 03:00:00,Feeder_4,0.0,17.08,80,0.0,66.55,39.93,26.62,Normal,66.55,Normal
2026-09-09 04:00:00,Feeder_4,0.0,17.11,80,0.0,70.4,42.24,28.16,Normal,70.4,Normal
2026-09-09 05:00:00,Feeder_4,0.0,18.5,80,0.0,71.69,43.01,28.68,Normal,71.69,Normal
2026-09-09 06:00:00,Feeder_4,0.0,21.0,80,0.0,74.58,44.75,29.83,Normal,74.58,Normal
2026-09-09 07:00:00,Feeder_4,258.82,22.41,80,20.92,79.44,47.66,31.78,Normal,58.52,Normal
2026-09-09 08:00:00,Feeder_4,500.0,24.5,80,40.08,86.21,51.73,34.48,Normal,46.13,Normal
2026-09-09 09:00:00,Feeder_4,651.79,25.69,80,52.0,86.74,52.04,34.7,Normal,34.74,Normal
2026-09-09 10:00:00,Feeder_4,866.03,26.75,80,68.8,88.29,52.97,35.32,Normal,19.49,Normal
2026-09-09 11:00:00,Feeder_4,965.93,28.76,80,76.11,84.03,50.42,33.61,Normal,7.92,Normal
2026-09-09 12:00:00,Feeder_4,824.74,30.54,80,64.52,74.27,44.56,29.71,Normal,9.75,Normal
2026-09-09 13:00:00,Feeder_4,767.02,31.85,80,59.68,68.59,41.15,27.44,Normal,8.91,Normal
2026-09-09 14:00:00,Feeder_4,774.83,30.44,80,60.64,66.92,40.15,26.77,Normal,6.28,Normal
2026-09-09 15:00:00,Feeder_4,696.3,30.8,80,54.41,66.86,40.12,26.74,Normal,12.45,Normal
2026-09-09 16:00:00,Feeder_4,500.0,29.91,80,39.21,64.6,38.76,25.84,Normal,25.39,Normal
2026-09-09 17:00:00,Feeder_4,254.18,28.0,80,20.09,75.69,45.41,30.28,Normal,55.6,Normal
2026-09-09 18:00:00,Feeder_4,0.0,27.57,80,0.0,88.25,52.95,35.3,Normal,88.25,Normal
2026-09-09 19:00:00,Feeder_4,0.0,26.24,80,0.0,95.54,57.32,38.22,Normal,95.54,Normal
2026-09-09 20:00:00,Feeder_4,0.0,23.85,80,0.0,99.9,59.94,39.96,Normal,99.9,Normal
2026-09-09 21:00:00,Feeder_4,0.0,22.01,80,0.0,94.52,56.71,37.81,Normal,94.52,Normal
2026-09-09 22:00:00,Feeder_4,0.0,20.48,80,0.0,88.33,53.0,35.33,Normal,88.33,Normal
2026-09-09 23:00:00,Feeder_4,0.0,19.06,80,0.0,76.37,45.82,30.55,Normal,76.37,Normal
2026-09-10 00:00:00,Feeder_4,0.0,18.46,80,0.0,66.81,40.09,26.72,Normal,66.81,Normal
2026-09-10 01:00:00,Feeder_4,0.0,17.48,80,0.0,67.25,40.35,26.9,Normal,67.25,Normal
2026-09-10 02:00:00,Feeder_4,0.0,17.21,80,0.0,65.38,39.23,26.15,Normal,65.38,Normal
2026-09-10 03:00:00,Feeder_4,0.0,17.03,80,0.0,70.44,42.26,28.18,Normal,70.44,Normal
2026-09-10 04:00:00,Feeder_4,0.0,18.1,80,0.0,67.47,40.48,26.99,Normal,67.47,Normal
2026-09-10 05:00:00,Feeder_4,0.0,19.17,80,0.0,69.93,41.96,27.97,Normal,69.93,Normal
2026-09-10 06:00:00,Feeder_4,0.0,19.44,80,0.0,75.99,45.59,30.4,Normal,75.99,Normal
2026-09-10 07:00:00,Feeder_4,235.91,22.46,80,19.06,81.69,49.01,32.68,Normal,62.63,Normal
2026-09-10 08:00:00,Feeder_4,447.4,24.26,80,35.9,87.2,52.32,34.88,Normal,51.3,Normal
2026-09-10 09:00:00,Feeder_4,531.34,26.28,80,42.29,90.06,54.04,36.02,Normal,47.77,Normal
2026-09-10 10:00:00,Feeder_4,777.22,27.34,80,61.6,88.84,53.3,35.54,Normal,27.24,Normal
2026-09-10 11:00:00,Feeder_4,959.29,29.17,80,75.46,76.49,45.89,30.6,Normal,1.03,Normal
2026-09-10 12:00:00,Feeder_4,910.91,30.02,80,71.41,77.32,46.39,30.93,Normal,5.91,Normal
2026-09-10 13:00:00,Feeder_4,952.73,31.2,80,74.33,68.84,41.3,27.54,Normal,-5.49,Normal
2026-09-10 14:00:00,Feeder_4,815.76,30.9,80,63.72,67.05,40.23,26.82,Normal,3.33,Normal
2026-09-10 15:00:00,Feeder_4,707.11,31.31,80,55.14,68.5,41.1,27.4,Normal,13.36,Normal
2026-09-10 16:00:00,Feeder_4,500.0,29.68,80,39.25,68.4,41.04,27.36,Normal,29.15,Normal
2026-09-10 17:00:00,Feeder_4,236.32,29.08,80,18.6,73.91,44.35,29.56,Normal,55.31,Normal
2026-09-10 18:00:00,Feeder_4,0.0,27.13,80,0.0,85.08,51.05,34.03,Normal,85.08,Normal
2026-09-10 19:00:00,Feeder_4,0.0,24.99,80,0.0,101.93,61.16,40.77,Normal,101.93,Normal
2026-09-10 20:00:00,Feeder_4,0.0,23.19,80,0.0,102.4,61.44,40.96,Normal,102.4,Normal
2026-09-10 21:00:00,Feeder_4,0.0,22.16,80,0.0,99.1,59.46,39.64,Normal,99.1,Normal
2026-09-10 22:00:00,Feeder_4,0.0,20.62,80,0.0,86.09,51.65,34.44,Normal,86.09,Normal
2026-09-10 23:00:00,Feeder_4,0.0,19.76,80,0.0,71.11,42.67,28.44,Normal,71.11,Normal
2026-09-11 00:00:00,Feeder_4,0.0,17.96,80,0.0,69.03,41.42,27.61,Normal,69.03,Normal
2026-09-11 01:00:00,Feeder_4,0.0,16.54,80,0.0,67.39,40.43,26.96,Normal,67.39,Normal
2026-09-11 02:00:00,Feeder_4,0.0,17.6,80,0.0,63.83,38.3,25.53,Normal,63.83,Normal
2026-09-11 03:00:00,Feeder_4,0.0,18.19,80,0.0,66.12,39.67,26.45,Normal,66.12,Normal
2026-09-11 04:00:00,Feeder_4,0.0,17.78,80,0.0,67.42,40.45,26.97,Normal,67.42,Normal
2026-09-11 05:00:00,Feeder_4,0.0,18.81,80,0.0,72.63,43.58,29.05,Normal,72.63,Normal
2026-09-11 06:00:00,Feeder_4,0.0,19.8,80,0.0,75.35,45.21,30.14,Normal,75.35,Normal
2026-09-11 07:00:00,Feeder_4,188.17,22.11,80,15.23,87.63,52.58,35.05,Normal,72.4,Normal
2026-09-11 08:00:00,Feeder_4,499.28,23.55,80,40.17,88.02,52.81,35.21,Normal,47.85,Normal
2026-09-11 09:00:00,Feeder_4,702.8,25.88,80,56.03,93.66,56.2,37.46,Normal,37.63,Normal
2026-09-11 10:00:00,Feeder_4,758.04,28.18,80,59.87,88.77,53.26,35.51,Normal,28.9,Normal
2026-09-11 11:00:00,Feeder_4,965.93,28.7,80,76.13,83.05,49.83,33.22,Normal,6.92,Normal
2026-09-11 12:00:00,Feeder_4,969.15,30.17,80,75.93,70.25,42.15,28.1,Normal,-5.68,Normal
2026-09-11 13:00:00,Feeder_4,850.37,31.04,80,66.39,67.64,40.58,27.06,Normal,1.25,Normal
2026-09-11 14:00:00,Feeder_4,777.29,30.74,80,60.76,69.22,41.53,27.69,Normal,8.46,Normal
2026-09-11 15:00:00,Feeder_4,653.73,30.71,80,51.1,67.64,40.58,27.06,Normal,16.54,Normal
2026-09-11 16:00:00,Feeder_4,384.96,29.47,80,30.25,70.28,42.17,28.11,Normal,40.03,Normal
2026-09-11 17:00:00,Feeder_4,235.93,29.37,80,18.54,77.23,46.34,30.89,Normal,58.69,Normal
2026-09-11 18:00:00,Feeder_4,0.0,28.23,80,0.0,84.76,50.86,33.9,Normal,84.76,Normal
2026-09-11 19:00:00,Feeder_4,0.0,25.58,80,0.0,102.76,61.66,41.1,Normal,102.76,Normal
2026-09-11 20:00:00,Feeder_4,0.0,24.0,80,0.0,102.97,61.78,41.19,Normal,102.97,Normal
2026-09-11 21:00:00,Feeder_4,0.0,22.13,80,0.0,94.99,56.99,38.0,Normal,94.99,Normal
2026-09-11 22:00:00,Feeder_4,0.0,20.53,80,0.0,85.43,51.26,34.17,Normal,85.43,Normal
2026-09-11 23:00:00,Feeder_4,0.0,18.36,80,0.0,75.4,45.24,30.16,Normal,75.4,Normal
2026-09-12 00:00:00,Feeder_4,0.0,17.85,80,0.0,70.59,42.35,28.24,Normal,70.59,Normal
2026-09-12 01:00:00,Feeder_4,0.0,16.82,80,0.0,66.83,40.1,26.73,Normal,66.83,Normal
2026-09-12 02:00:00,Feeder_4,0.0,17.31,80,0.0,65.07,39.04,26.03,Normal,65.07,Normal
2026-09-12 03:00:00,Feeder_4,0.0,18.03,80,0.0,66.96,40.18,26.78,Normal,66.96,Normal
2026-09-12 04:00:00,Feeder_4,0.0,17.52,80,0.0,70.08,42.05,28.03,Normal,70.08,Normal
2026-09-12 05:00:00,Feeder_4,0.0,19.4,80,0.0,68.7,41.22,27.48,Normal,68.7,Normal
2026-09-12 06:00:00,Feeder_4,0.0,20.24,80,0.0,71.01,42.61,28.4,Normal,71.01,Normal
2026-09-12 07:00:00,Feeder_4,228.44,22.24,80,18.48,78.79,47.27,31.52,Normal,60.31,Normal
2026-09-12 08:00:00,Feeder_4,450.52,23.58,80,36.25,86.37,51.82,34.55,Normal,50.12,Normal
2026-09-12 09:00:00,Feeder_4,707.11,25.55,80,56.44,90.71,54.43,36.28,Normal,34.27,Normal
2026-09-12 10:00:00,Feeder_4,818.56,27.64,80,64.79,89.3,53.58,35.72,Normal,24.51,Normal
2026-09-12 11:00:00,Feeder_4,613.02,29.36,80,48.19,83.43,50.06,33.37,Normal,35.24,Normal
2026-09-12 12:00:00,Feeder_4,873.98,29.67,80,68.61,71.45,42.87,28.58,Normal,2.84,Normal
2026-09-12 13:00:00,Feeder_4,878.3,30.85,80,68.62,63.88,38.33,25.55,Normal,-4.74,Normal
2026-09-12 14:00:00,Feeder_4,749.85,31.62,80,58.4,65.15,39.09,26.06,Normal,6.75,Normal
2026-09-12 15:00:00,Feeder_4,707.11,30.9,80,55.23,63.08,37.85,25.23,Normal,7.85,Normal
2026-09-12 16:00:00,Feeder_4,500.0,30.02,80,39.2,68.3,40.98,27.32,Normal,29.1,Normal
2026-09-12 17:00:00,Feeder_4,258.82,29.14,80,20.36,76.58,45.95,30.63,Normal,56.22,Normal
2026-09-12 18:00:00,Feeder_4,0.0,27.66,80,0.0,81.53,48.92,32.61,Normal,81.53,Normal
2026-09-12 19:00:00,Feeder_4,0.0,26.99,80,0.0,98.44,59.06,39.38,Normal,98.44,Normal
2026-09-12 20:00:00,Feeder_4,0.0,24.56,80,0.0,102.6,61.56,41.04,Normal,102.6,Normal
2026-09-12 21:00:00,Feeder_4,0.0,22.17,80,0.0,92.28,55.37,36.91,Normal,92.28,Normal
2026-09-12 22:00:00,Feeder_4,0.0,20.98,80,0.0,83.47,50.08,33.39,Normal,83.47,Normal
2026-09-12 23:00:00,Feeder_4,0.0,19.39,80,0.0,72.54,43.52,29.02,Normal,72.54,Normal
2026-09-13 00:00:00,Feeder_4,0.0,17.53,80,0.0,64.94,38.96,25.98,Normal,64.94,Normal
2026-09-13 01:00:00,Feeder_4,0.0,16.88,80,0.0,70.55,42.33,28.22,Normal,70.55,Normal
2026-09-13 02:00:00,Feeder_4,0.0,17.05,80,0.0,65.75,39.45,26.3,Normal,65.75,Normal
2026-09-13 03:00:00,Feeder_4,0.0,17.76,80,0.0,69.22,41.53,27.69,Normal,69.22,Normal
2026-09-13 04:00:00,Feeder_4,0.0,17.85,80,0.0,64.41,38.65,25.76,Normal,64.41,Normal
2026-09-13 05:00:00,Feeder_4,0.0,18.75,80,0.0,70.4,42.24,28.16,Normal,70.4,Normal
2026-09-13 06:00:00,Feeder_4,0.0,20.28,80,0.0,75.17,45.1,30.07,Normal,75.17,Normal
2026-09-13 07:00:00,Feeder_4,258.82,22.88,80,20.88,78.66,47.2,31.46,Normal,57.78,Normal
2026-09-13 08:00:00,Feeder_4,422.85,23.8,80,33.99,88.68,53.21,35.47,Normal,54.69,Normal
2026-09-13 09:00:00,Feeder_4,707.11,25.65,80,56.42,87.23,52.34,34.89,Normal,30.81,Normal
2026-09-13 10:00:00,Feeder_4,866.03,28.29,80,68.37,89.32,53.59,35.73,Normal,20.95,Normal
2026-09-13 11:00:00,Feeder_4,965.93,29.18,80,75.98,80.83,48.5,32.33,Normal,4.85,Normal
2026-09-13 12:00:00,Feeder_4,1000.0,30.22,80,78.33,71.8,43.08,28.72,Normal,-6.53,Normal
2026-09-13 13:00:00,Feeder_4,873.66,30.66,80,68.31,69.53,41.72,27.81,Normal,1.22,Normal
2026-09-13 14:00:00,Feeder_4,833.18,31.13,80,65.02,68.57,41.14,27.43,Normal,3.55,Normal
2026-09-13 15:00:00,Feeder_4,707.11,31.27,80,55.15,67.8,40.68,27.12,Normal,12.65,Normal
2026-09-13 16:00:00,Feeder_4,421.53,29.92,80,33.06,69.55,41.73,27.82,Normal,36.49,Normal
2026-09-13 17:00:00,Feeder_4,201.8,29.51,80,15.85,75.17,45.1,30.07,Normal,59.32,Normal
2026-09-13 18:00:00,Feeder_4,0.0,28.05,80,0.0,83.39,50.03,33.36,Normal,83.39,Normal
2026-09-13 19:00:00,Feeder_4,0.0,25.77,80,0.0,96.17,57.7,38.47,Normal,96.17,Normal
2026-09-13 20:00:00,Feeder_4,0.0,24.67,80,0.0,101.06,60.64,40.42,Normal,101.06,Normal
2026-09-13 21:00:00,Feeder_4,0.0,21.44,80,0.0,99.58,59.75,39.83,Normal,99.58,Normal
2026-09-13 22:00:00,Feeder_4,0.0,20.54,80,0.0,84.4,50.64,33.76,Normal,84.4,Normal
2026-09-13 23:00:00,Feeder_4,0.0,19.97,80,0.0,70.4,42.24,28.16,Normal,70.4,Normal
2026-09-14 00:00:00,Feeder_4,0.0,17.57,80,0.0,66.95,40.17,26.78,Normal,66.95,Normal
2026-09-14 01:00:00,Feeder_4,0.0,17.07,80,0.0,66.97,40.18,26.79,Normal,66.97,Normal
2026-09-14 02:00:00,Feeder_4,0.0,17.41,80,0.0,62.52,37.51,25.01,Normal,62.52,Normal
2026-09-14 03:00:00,Feeder_4,0.0,17.11,80,0.0,64.13,38.48,25.65,Normal,64.13,Normal
2026-09-14 04:00:00,Feeder_4,0.0,17.32,80,0.0,67.49,40.49,27.0,Normal,67.49,Normal
2026-09-14 05:00:00,Feeder_4,0.0,19.23,80,0.0,66.43,39.86,26.57,Normal,66.43,Normal
2026-09-14 06:00:00,Feeder_4,0.0,20.62,80,0.0,70.65,42.39,28.26,Normal,70.65,Normal
2026-09-14 07:00:00,Feeder_4,257.02,21.58,80,20.84,81.41,48.85,32.56,Normal,60.57,Normal
2026-09-14 08:00:00,Feeder_4,500.0,25.12,80,39.98,88.39,53.03,35.36,Normal,48.41,Normal
2026-09-14 09:00:00,Feeder_4,707.11,25.1,80,56.55,95.76,57.46,38.3,Normal,39.21,Normal
2026-09-14 10:00:00,Feeder_4,866.03,27.31,80,68.64,91.25,54.75,36.5,Normal,22.61,Normal
2026-09-14 11:00:00,Feeder_4,936.43,28.77,80,73.78,81.02,48.61,32.41,Normal,7.24,Normal
2026-09-14 12:00:00,Feeder_4,872.4,30.47,80,68.26,69.94,41.96,27.98,Normal,1.68,Normal
2026-09-14 13:00:00,Feeder_4,844.21,30.4,80,66.08,70.65,42.39,28.26,Normal,4.57,Normal
2026-09-14 14:00:00,Feeder_4,801.93,30.46,80,62.75,65.96,39.58,26.38,Normal,3.21,Normal
2026-09-14 15:00:00,Feeder_4,704.39,30.29,80,55.16,64.73,38.84,25.89,Normal,9.57,Normal
2026-09-14 16:00:00,Feeder_4,500.0,29.72,80,39.24,68.63,41.18,27.45,Normal,29.39,Normal
2026-09-14 17:00:00,Feeder_4,247.41,28.78,80,19.49,76.36,45.82,30.54,Normal,56.87,Normal
2026-09-14 18:00:00,Feeder_4,0.0,27.38,80,0.0,81.88,49.13,32.75,Normal,81.88,Normal
2026-09-14 19:00:00,Feeder_4,0.0,25.77,80,0.0,100.95,60.57,40.38,Normal,100.95,Normal
2026-09-14 20:00:00,Feeder_4,0.0,24.08,80,0.0,106.8,64.08,42.72,Normal,106.8,Normal
2026-09-14 21:00:00,Feeder_4,0.0,22.1,80,0.0,97.37,58.42,38.95,Normal,97.37,Normal
2026-09-14 22:00:00,Feeder_4,0.0,20.38,80,0.0,84.13,50.48,33.65,Normal,84.13,Normal
2026-09-14 23:00:00,Feeder_4,0.0,19.54,80,0.0,75.96,45.58,30.38,Normal,75.96,Normal
2026-09-15 00:00:00,Feeder_4,0.0,18.26,80,0.0,66.34,39.8,26.54,Normal,66.34,Normal
2026-09-15 01:00:00,Feeder_4,0.0,17.0,80,0.0,67.01,40.21,26.8,Normal,67.01,Normal
2026-09-15 02:00:00,Feeder_4,0.0,16.8,80,0.0,65.72,39.43,26.29,Normal,65.72,Normal
2026-09-15 03:00:00,Feeder_4,0.0,16.13,80,0.0,66.61,39.97,26.64,Normal,66.61,Normal
2026-09-15 04:00:00,Feeder_4,0.0,17.99,80,0.0,69.27,41.56,27.71,Normal,69.27,Normal
2026-09-15 05:00:00,Feeder_4,0.0,18.78,80,0.0,63.13,37.88,25.25,Normal,63.13,Normal
2026-09-15 06:00:00,Feeder_4,0.0,20.19,80,0.0,70.58,42.35,28.23,Normal,70.58,Normal
2026-09-15 07:00:00,Feeder_4,243.32,22.89,80,19.63,85.85,51.51,34.34,Normal,66.22,Normal
2026-09-15 08:00:00,Feeder_4,500.0,23.81,80,40.19,85.22,51.13,34.09,Normal,45.03,Normal
2026-09-15 09:00:00,Feeder_4,707.11,26.52,80,56.22,91.38,54.83,36.55,Normal,35.16,Normal
2026-09-15 10:00:00,Feeder_4,618.79,27.77,80,48.95,90.63,54.38,36.25,Normal,41.68,Normal
2026-09-15 11:00:00,Feeder_4,782.11,29.02,80,61.56,80.96,48.58,32.38,Normal,19.4,Normal
2026-09-15 12:00:00,Feeder_4,991.23,29.75,80,77.79,75.12,45.07,30.05,Normal,-2.67,Normal
2026-09-15 13:00:00,Feeder_4,919.17,30.17,80,72.01,63.62,38.17,25.45,Normal,-8.39,Normal
2026-09-15 14:00:00,Feeder_4,866.03,31.25,80,67.55,67.69,40.61,27.08,Normal,0.14,Normal
2026-09-15 15:00:00,Feeder_4,669.75,30.55,80,52.39,64.92,38.95,25.97,Normal,12.53,Normal
2026-09-15 16:00:00,Feeder_4,474.11,29.21,80,37.29,67.6,40.56,27.04,Normal,30.31,Normal
2026-09-15 17:00:00,Feeder_4,249.16,29.19,80,19.6,74.71,44.83,29.88,Normal,55.11,Normal
2026-09-15 18:00:00,Feeder_4,0.0,28.04,80,0.0,87.62,52.57,35.05,Normal,87.62,Normal
2026-09-15 19:00:00,Feeder_4,0.0,25.82,80,0.0,94.17,56.5,37.67,Normal,94.17,Normal
2026-09-15 20:00:00,Feeder_4,0.0,24.67,80,0.0,102.86,61.72,41.14,Normal,102.86,Normal
2026-09-15 21:00:00,Feeder_4,0.0,21.58,80,0.0,93.74,56.24,37.5,Normal,93.74,Normal
2026-09-15 22:00:00,Feeder_4,0.0,20.61,80,0.0,88.25,52.95,35.3,Normal,88.25,Normal
2026-09-15 23:00:00,Feeder_4,0.0,18.7,80,0.0,74.28,44.57,29.71,Normal,74.28,Normal
2026-09-16 00:00:00,Feeder_4,0.0,17.49,80,0.0,69.43,41.66,27.77,Normal,69.43,Normal
2026-09-16 01:00:00,Feeder_4,0.0,17.38,80,0.0,62.7,37.62,25.08,Normal,62.7,Normal
2026-09-16 02:00:00,Feeder_4,0.0,16.51,80,0.0,69.95,41.97,27.98,Normal,69.95,Normal
2026-09-16 03:00:00,Feeder_4,0.0,16.8,80,0.0,67.14,40.28,26.86,Normal,67.14,Normal
2026-09-16 04:00:00,Feeder_4,0.0,18.53,80,0.0,65.55,39.33,26.22,Normal,65.55,Normal
2026-09-16 05:00:00,Feeder_4,0.0,18.19,80,0.0,68.66,41.2,27.46,Normal,68.66,Normal
2026-09-16 06:00:00,Feeder_4,0.0,19.93,80,0.0,75.55,45.33,30.22,Normal,75.55,Normal
2026-09-16 07:00:00,Feeder_4,258.82,22.18,80,20.94,83.25,49.95,33.3,Normal,62.31,Normal
2026-09-16 08:00:00,Feeder_4,500.0,23.67,80,40.21,85.56,51.34,34.22,Normal,45.35,Normal
2026-09-16 09:00:00,Feeder_4,707.11,25.97,80,56.35,92.42,55.45,36.97,Normal,36.07,Normal
2026-09-16 10:00:00,Feeder_4,778.05,27.74,80,61.56,86.27,51.76,34.51,Normal,24.71,Normal
2026-09-16 11:00:00,Feeder_4,954.1,29.53,80,74.94,78.18,46.91,31.27,Normal,3.24,Normal
2026-09-16 12:00:00,Feeder_4,811.24,29.64,80,63.69,75.06,45.04,30.02,Normal,11.37,Normal
2026-09-16 13:00:00,Feeder_4,965.93,30.71,80,75.51,67.47,40.48,26.99,Normal,-8.04,Normal
2026-09-16 14:00:00,Feeder_4,866.03,30.66,80,67.71,68.24,40.94,27.3,Normal,0.53,Normal
2026-09-16 15:00:00,Feeder_4,645.06,30.4,80,50.49,66.01,39.61,26.4,Normal,15.52,Normal
2026-09-16 16:00:00,Feeder_4,477.48,30.04,80,37.43,70.03,42.02,28.01,Normal,32.6,Normal
2026-09-16 17:00:00,Feeder_4,144.26,28.63,80,11.37,73.83,44.3,29.53,Normal,62.46,Normal
2026-09-16 18:00:00,Feeder_4,0.0,27.07,80,0.0,85.38,51.23,34.15,Normal,85.38,Normal
2026-09-16 19:00:00,Feeder_4,0.0,25.29,80,0.0,97.61,58.57,39.04,Normal,97.61,Normal
2026-09-16 20:00:00,Feeder_4,0.0,23.8,80,0.0,99.99,59.99,40.0,Normal,99.99,Normal
2026-09-16 21:00:00,Feeder_4,0.0,23.28,80,0.0,98.74,59.24,39.5,Normal,98.74,Normal
2026-09-16 22:00:00,Feeder_4,0.0,20.7,80,0.0,80.95,48.57,32.38,Normal,80.95,Normal
2026-09-16 23:00:00,Feeder_4,0.0,19.48,80,0.0,72.68,43.61,29.07,Normal,72.68,Normal
2026-09-17 00:00:00,Feeder_4,0.0,18.22,80,0.0,71.63,42.98,28.65,Normal,71.63,Normal
2026-09-17 01:00:00,Feeder_4,0.0,16.8,80,0.0,66.1,39.66,26.44,Normal,66.1,Normal
2026-09-17 02:00:00,Feeder_4,0.0,16.27,80,0.0,61.84,37.1,24.74,Normal,61.84,Normal
2026-09-17 03:00:00,Feeder_4,0.0,17.06,80,0.0,67.08,40.25,26.83,Normal,67.08,Normal
2026-09-17 04:00:00,Feeder_4,0.0,17.72,80,0.0,62.71,37.63,25.08,Normal,62.71,Normal
2026-09-17 05:00:00,Feeder_4,0.0,18.65,80,0.0,66.09,39.65,26.44,Normal,66.09,Normal
2026-09-17 06:00:00,Feeder_4,0.0,20.35,80,0.0,72.42,43.45,28.97,Normal,72.42,Normal
2026-09-17 07:00:00,Feeder_4,258.82,22.62,80,20.9,79.0,47.4,31.6,Normal,58.1,Normal
2026-09-17 08:00:00,Feeder_4,500.0,23.15,80,40.3,90.06,54.04,36.02,Normal,49.76,Normal
2026-09-17 09:00:00,Feeder_4,635.87,26.36,80,50.59,92.36,55.42,36.94,Normal,41.77,Normal
2026-09-17 10:00:00,Feeder_4,796.1,27.77,80,62.98,90.4,54.24,36.16,Normal,27.42,Normal
2026-09-17 11:00:00,Feeder_4,965.93,28.54,80,76.18,78.63,47.18,31.45,Normal,2.45,Normal
2026-09-17 12:00:00,Feeder_4,999.51,30.05,80,78.35,74.45,44.67,29.78,Normal,-3.9,Normal
2026-09-17 13:00:00,Feeder_4,732.38,30.9,80,57.21,68.02,40.81,27.21,Normal,10.81,Normal
2026-09-17 14:00:00,Feeder_4,778.89,30.7,80,60.89,66.94,40.16,26.78,Normal,6.05,Normal
2026-09-17 15:00:00,Feeder_4,401.54,30.48,80,31.42,65.42,39.25,26.17,Normal,34.0,Normal
2026-09-17 16:00:00,Feeder_4,500.0,29.74,80,39.24,68.9,41.34,27.56,Normal,29.66,Normal
2026-09-17 17:00:00,Feeder_4,258.82,29.35,80,20.35,77.07,46.24,30.83,Normal,56.72,Normal
2026-09-17 18:00:00,Feeder_4,0.0,27.72,80,0.0,84.38,50.63,33.75,Normal,84.38,Normal
2026-09-17 19:00:00,Feeder_4,0.0,25.98,80,0.0,95.13,57.08,38.05,Normal,95.13,Normal
2026-09-17 20:00:00,Feeder_4,0.0,23.94,80,0.0,103.55,62.13,41.42,Normal,103.55,Normal
2026-09-17 21:00:00,Feeder_4,0.0,22.6,80,0.0,93.1,55.86,37.24,Normal,93.1,Normal
2026-09-17 22:00:00,Feeder_4,0.0,20.84,80,0.0,87.2,52.32,34.88,Normal,87.2,Normal
2026-09-17 23:00:00,Feeder_4,0.0,18.79,80,0.0,77.3,46.38,30.92,Normal,77.3,Normal
2026-09-18 00:00:00,Feeder_4,0.0,17.82,80,0.0,70.94,42.56,28.38,Normal,70.94,Normal
2026-09-18 01:00:00,Feeder_4,0.0,16.95,80,0.0,64.81,38.89,25.92,Normal,64.81,Normal
2026-09-18 02:00:00,Feeder_4,0.0,16.47,80,0.0,66.39,39.83,26.56,Normal,66.39,Normal
2026-09-18 03:00:00,Feeder_4,0.0,17.76,80,0.0,68.73,41.24,27.49,Normal,68.73,Normal
2026-09-18 04:00:00,Feeder_4,0.0,18.41,80,0.0,66.64,39.98,26.66,Normal,66.64,Normal
2026-09-18 05:00:00,Feeder_4,0.0,18.98,80,0.0,72.33,43.4,28.93,Normal,72.33,Normal
2026-09-18 06:00:00,Feeder_4,0.0,20.51,80,0.0,76.67,46.0,30.67,Normal,76.67,Normal
2026-09-18 07:00:00,Feeder_4,214.36,21.67,80,17.38,75.8,45.48,30.32,Normal,58.42,Normal
2026-09-18 08:00:00,Feeder_4,500.0,24.07,80,40.15,92.02,55.21,36.81,Normal,51.87,Normal
2026-09-18 09:00:00,Feeder_4,707.11,25.65,80,56.42,92.0,55.2,36.8,Normal,35.58,Normal
2026-09-18 10:00:00,Feeder_4,866.03,26.83,80,68.78,94.94,56.96,37.98,Normal,26.16,Normal
2026-09-18 11:00:00,Feeder_4,965.93,29.03,80,76.03,81.37,48.82,32.55,Normal,5.34,Normal
2026-09-18 12:00:00,Feeder_4,1000.0,30.01,80,78.4,71.0,42.6,28.4,Normal,-7.4,Normal
2026-09-18 13:00:00,Feeder_4,965.93,30.92,80,75.44,66.72,40.03,26.69,Normal,-8.72,Normal
2026-09-18 14:00:00,Feeder_4,866.03,31.12,80,67.59,69.3,41.58,27.72,Normal,1.71,Normal
2026-09-18 15:00:00,Feeder_4,707.11,30.77,80,55.26,68.4,41.04,27.36,Normal,13.14,Normal
2026-09-18 16:00:00,Feeder_4,500.0,29.77,80,39.24,69.57,41.74,27.83,Normal,30.33,Normal
2026-09-18 17:00:00,Feeder_4,258.82,28.57,80,20.41,80.6,48.36,32.24,Normal,60.19,Normal
2026-09-18 18:00:00,Feeder_4,0.0,26.98,80,0.0,88.26,52.96,35.3,Normal,88.26,Normal
2026-09-18 19:00:00,Feeder_4,0.0,25.4,80,0.0,98.15,58.89,39.26,Normal,98.15,Normal
2026-09-18 20:00:00,Feeder_4,0.0,23.99,80,0.0,108.5,65.1,43.4,Normal,108.5,Normal
2026-09-18 21:00:00,Feeder_4,0.0,22.47,80,0.0,99.54,59.72,39.82,Normal,99.54,Normal
2026-09-18 22:00:00,Feeder_4,0.0,20.42,80,0.0,84.24,50.54,33.7,Normal,84.24,Normal
2026-09-18 23:00:00,Feeder_4,0.0,19.38,80,0.0,76.32,45.79,30.53,Normal,76.32,Normal
2026-09-19 00:00:00,Feeder_4,0.0,17.53,80,0.0,66.43,39.86,26.57,Normal,66.43,Normal
2026-09-19 01:00:00,Feeder_4,0.0,17.08,80,0.0,69.54,41.72,27.82,Normal,69.54,Normal
2026-09-19 02:00:00,Feeder_4,0.0,18.04,80,0.0,67.49,40.49,27.0,Normal,67.49,Normal
2026-09-19 03:00:00,Feeder_4,0.0,17.28,80,0.0,65.47,39.28,26.19,Normal,65.47,Normal
2026-09-19 04:00:00,Feeder_4,0.0,18.39,80,0.0,67.67,40.6,27.07,Normal,67.67,Normal
2026-09-19 05:00:00,Feeder_4,0.0,18.68,80,0.0,67.61,40.57,27.04,Normal,67.61,Normal
2026-09-19 06:00:00,Feeder_4,0.0,20.98,80,0.0,69.23,41.54,27.69,Normal,69.23,Normal
2026-09-19 07:00:00,Feeder_4,248.89,22.25,80,20.13,75.25,45.15,30.1,Normal,55.12,Normal
2026-09-19 08:00:00,Feeder_4,449.98,23.73,80,36.18,86.17,51.7,34.47,Normal,49.99,Normal
2026-09-19 09:00:00,Feeder_4,707.11,25.75,80,56.4,90.61,54.37,36.24,Normal,34.21,Normal
2026-09-19 10:00:00,Feeder_4,866.03,28.19,80,68.4,92.26,55.36,36.9,Normal,23.86,Normal
2026-09-19 11:00:00,Feeder_4,743.06,29.18,80,58.45,79.39,47.63,31.76,Normal,20.94,Normal
2026-09-19 12:00:00,Feeder_4,1000.0,29.9,80,78.43,72.87,43.72,29.15,Normal,-5.56,Normal
2026-09-19 13:00:00,Feeder_4,965.93,30.53,80,75.57,66.51,39.91,26.6,Normal,-9.06,Normal
2026-09-19 14:00:00,Feeder_4,819.4,31.09,80,63.96,68.97,41.38,27.59,Normal,5.01,Normal
2026-09-19 15:00:00,Feeder_4,707.11,30.56,80,55.31,68.31,40.99,27.32,Normal,13.0,Normal
2026-09-19 16:00:00,Feeder_4,500.0,30.53,80,39.12,69.29,41.57,27.72,Normal,30.17,Normal
2026-09-19 17:00:00,Feeder_4,251.96,29.03,80,19.83,71.94,43.16,28.78,Normal,52.11,Normal
2026-09-19 18:00:00,Feeder_4,0.0,27.8,80,0.0,86.57,51.94,34.63,Normal,86.57,Normal
2026-09-19 19:00:00,Feeder_4,0.0,25.9,80,0.0,94.57,56.74,37.83,Normal,94.57,Normal
2026-09-19 20:00:00,Feeder_4,0.0,23.97,80,0.0,101.31,60.79,40.52,Normal,101.31,Normal
2026-09-19 21:00:00,Feeder_4,0.0,22.16,80,0.0,95.51,57.31,38.2,Normal,95.51,Normal
2026-09-19 22:00:00,Feeder_4,0.0,20.34,80,0.0,88.95,53.37,35.58,Normal,88.95,Normal
2026-09-19 23:00:00,Feeder_4,0.0,18.69,80,0.0,74.98,44.99,29.99,Normal,74.98,Normal
2026-09-20 00:00:00,Feeder_4,0.0,17.81,80,0.0,72.01,43.21,28.8,Normal,72.01,Normal
2026-09-20 01:00:00,Feeder_4,0.0,17.38,80,0.0,68.35,41.01,27.34,Normal,68.35,Normal
2026-09-20 02:00:00,Feeder_4,0.0,16.66,80,0.0,63.99,38.39,25.6,Normal,63.99,Normal
2026-09-20 03:00:00,Feeder_4,0.0,16.1,80,0.0,68.42,41.05,27.37,Normal,68.42,Normal
2026-09-20 04:00:00,Feeder_4,0.0,18.0,80,0.0,63.85,38.31,25.54,Normal,63.85,Normal
2026-09-20 05:00:00,Feeder_4,0.0,18.87,80,0.0,66.19,39.71,26.48,Normal,66.19,Normal
2026-09-20 06:00:00,Feeder_4,0.0,20.82,80,0.0,69.69,41.81,27.88,Normal,69.69,Normal
2026-09-20 07:00:00,Feeder_4,258.82,22.8,80,20.89,84.59,50.75,33.84,Normal,63.7,Normal
2026-09-20 08:00:00,Feeder_4,500.0,23.64,80,40.22,95.22,57.13,38.09,Normal,55.0,Normal
2026-09-20 09:00:00,Feeder_4,677.05,25.57,80,54.04,92.82,55.69,37.13,Normal,38.78,Normal
2026-09-20 10:00:00,Feeder_4,805.54,27.66,80,63.76,84.86,50.92,33.94,Normal,21.1,Normal
2026-09-20 11:00:00,Feeder_4,938.25,29.46,80,73.72,79.69,47.81,31.88,Normal,5.97,Normal
2026-09-20 12:00:00,Feeder_4,1000.0,30.25,80,78.32,75.51,45.31,30.2,Normal,-2.81,Normal
2026-09-20 13:00:00,Feeder_4,774.07,31.0,80,60.44,68.08,40.85,27.23,Normal,7.64,Normal
2026-09-20 14:00:00,Feeder_4,866.03,31.42,80,67.5,64.49,38.69,25.8,Normal,-3.01,Normal
2026-09-20 15:00:00,Feeder_4,621.18,29.99,80,48.7,66.23,39.74,26.49,Normal,17.53,Normal
2026-09-20 16:00:00,Feeder_4,500.0,30.01,80,39.2,66.09,39.65,26.44,Normal,26.89,Normal
2026-09-20 17:00:00,Feeder_4,243.73,28.35,80,19.24,72.0,43.2,28.8,Normal,52.76,Normal
2026-09-20 18:00:00,Feeder_4,0.0,27.03,80,0.0,87.75,52.65,35.1,Normal,87.75,Normal
2026-09-20 19:00:00,Feeder_4,0.0,25.85,80,0.0,95.93,57.56,38.37,Normal,95.93,Normal
2026-09-20 20:00:00,Feeder_4,0.0,24.31,80,0.0,102.84,61.7,41.14,Normal,102.84,Normal
2026-09-20 21:00:00,Feeder_4,0.0,22.1,80,0.0,97.98,58.79,39.19,Normal,97.98,Normal
2026-09-20 22:00:00,Feeder_4,0.0,20.5,80,0.0,84.28,50.57,33.71,Normal,84.28,Normal
2026-09-20 23:00:00,Feeder_4,0.0,18.77,80,0.0,75.98,45.59,30.39,Normal,75.98,Normal
2026-09-21 00:00:00,Feeder_4,0.0,18.41,80,0.0,63.86,38.32,25.54,Normal,63.86,Normal
2026-09-21 01:00:00,Feeder_4,0.0,17.11,80,0.0,68.5,41.1,27.4,Normal,68.5,Normal
2026-09-21 02:00:00,Feeder_4,0.0,17.06,80,0.0,67.79,40.67,27.12,Normal,67.79,Normal
2026-09-21 03:00:00,Feeder_4,0.0,17.48,80,0.0,70.43,42.26,28.17,Normal,70.43,Normal
2026-09-21 04:00:00,Feeder_4,0.0,18.48,80,0.0,66.91,40.15,26.76,Normal,66.91,Normal
2026-09-21 05:00:00,Feeder_4,0.0,18.16,80,0.0,74.78,44.87,29.91,Normal,74.78,Normal
2026-09-21 06:00:00,Feeder_4,0.0,20.39,80,0.0,67.65,40.59,27.06,Normal,67.65,Normal
2026-09-21 07:00:00,Feeder_4,258.82,21.61,80,20.99,80.95,48.57,32.38,Normal,59.96,Normal
2026-09-21 08:00:00,Feeder_4,500.0,23.62,80,40.22,90.96,54.58,36.38,Normal,50.74,Normal
2026-09-21 09:00:00,Feeder_4,707.11,26.2,80,56.3,92.02,55.21,36.81,Normal,35.72,Normal
2026-09-21 10:00:00,Feeder_4,718.92,27.89,80,56.85,87.49,52.49,35.0,Normal,30.64,Normal
2026-09-21 11:00:00,Feeder_4,804.83,29.49,80,63.23,85.08,51.05,34.03,Normal,21.85,Normal
2026-09-21 12:00:00,Feeder_4,995.05,30.93,80,77.72,72.81,43.69,29.12,Normal,-4.91,Normal
2026-09-21 13:00:00,Feeder_4,921.83,30.51,80,72.12,72.84,43.7,29.14,Normal,0.72,Normal
2026-09-21 14:00:00,Feeder_4,784.95,31.29,80,61.22,66.08,39.65,26.43,Normal,4.86,Normal
2026-09-21 15:00:00,Feeder_4,668.05,31.17,80,52.13,66.65,39.99,26.66,Normal,14.52,Normal
2026-09-21 16:00:00,Feeder_4,475.71,30.52,80,37.22,73.43,44.06,29.37,Normal,36.21,Normal
2026-09-21 17:00:00,Feeder_4,258.82,28.69,80,20.4,73.53,44.12,29.41,Normal,53.13,Normal
2026-09-21 18:00:00,Feeder_4,0.0,27.63,80,0.0,82.5,49.5,33.0,Normal,82.5,Normal
2026-09-21 19:00:00,Feeder_4,0.0,25.85,80,0.0,92.34,55.4,36.94,Normal,92.34,Normal
2026-09-21 20:00:00,Feeder_4,0.0,23.8,80,0.0,101.82,61.09,40.73,Normal,101.82,Normal
2026-09-21 21:00:00,Feeder_4,0.0,22.28,80,0.0,94.52,56.71,37.81,Normal,94.52,Normal
2026-09-21 22:00:00,Feeder_4,0.0,20.36,80,0.0,85.78,51.47,34.31,Normal,85.78,Normal
2026-09-21 23:00:00,Feeder_4,0.0,19.53,80,0.0,74.75,44.85,29.9,Normal,74.75,Normal
2026-09-22 00:00:00,Feeder_4,0.0,18.3,80,0.0,65.23,39.14,26.09,Normal,65.23,Normal
2026-09-22 01:00:00,Feeder_4,0.0,17.37,80,0.0,64.91,38.95,25.96,Normal,64.91,Normal
2026-09-22 02:00:00,Feeder_4,0.0,17.83,80,0.0,66.92,40.15,26.77,Normal,66.92,Normal
2026-09-22 03:00:00,Feeder_4,0.0,17.17,80,0.0,68.85,41.31,27.54,Normal,68.85,Normal
2026-09-22 04:00:00,Feeder_4,0.0,18.17,80,0.0,67.64,40.58,27.06,Normal,67.64,Normal
2026-09-22 05:00:00,Feeder_4,0.0,18.93,80,0.0,71.31,42.79,28.52,Normal,71.31,Normal
2026-09-22 06:00:00,Feeder_4,0.0,20.67,80,0.0,72.29,43.37,28.92,Normal,72.29,Normal
2026-09-22 07:00:00,Feeder_4,257.08,22.04,80,20.81,83.2,49.92,33.28,Normal,62.39,Normal
2026-09-22 08:00:00,Feeder_4,456.02,23.7,80,36.67,93.46,56.08,37.38,Normal,56.79,Normal
2026-09-22 09:00:00,Feeder_4,707.11,24.86,80,56.6,90.59,54.35,36.24,Normal,33.99,Normal
2026-09-22 10:00:00,Feeder_4,677.72,27.12,80,53.76,80.32,48.19,32.13,Normal,26.56,Normal
2026-09-22 11:00:00,Feeder_4,950.05,28.49,80,74.94,79.99,47.99,32.0,Normal,5.05,Normal
2026-09-22 12:00:00,Feeder_4,804.99,30.1,80,63.09,71.54,42.92,28.62,Normal,8.45,Normal
2026-09-22 13:00:00,Feeder_4,965.93,31.33,80,75.32,70.71,42.43,28.28,Normal,-4.61,Normal
2026-09-22 14:00:00,Feeder_4,832.08,31.79,80,64.76,63.59,38.15,25.44,Normal,-1.17,Normal
2026-09-22 15:00:00,Feeder_4,588.01,30.73,80,45.96,73.24,43.94,29.3,Normal,27.28,Normal
2026-09-22 16:00:00,Feeder_4,487.86,29.99,80,38.25,65.83,39.5,26.33,Normal,27.58,Normal
2026-09-22 17:00:00,Feeder_4,258.82,29.33,80,20.35,76.78,46.07,30.71,Normal,56.43,Normal
2026-09-22 18:00:00,Feeder_4,0.0,27.22,80,0.0,81.74,49.04,32.7,Normal,81.74,Normal
2026-09-22 19:00:00,Feeder_4,0.0,25.38,80,0.0,93.68,56.21,37.47,Normal,93.68,Normal
2026-09-22 20:00:00,Feeder_4,0.0,23.8,80,0.0,100.66,60.4,40.26,Normal,100.66,Normal
2026-09-22 21:00:00,Feeder_4,0.0,22.22,80,0.0,95.91,57.55,38.36,Normal,95.91,Normal
2026-09-22 22:00:00,Feeder_4,0.0,20.1,80,0.0,85.23,51.14,34.09,Normal,85.23,Normal
2026-09-22 23:00:00,Feeder_4,0.0,18.45,80,0.0,77.3,46.38,30.92,Normal,77.3,Normal
2026-09-23 00:00:00,Feeder_4,0.0,17.97,80,0.0,69.91,41.95,27.96,Normal,69.91,Normal
2026-09-23 01:00:00,Feeder_4,0.0,17.25,80,0.0,66.09,39.65,26.44,Normal,66.09,Normal
2026-09-23 02:00:00,Feeder_4,0.0,17.27,80,0.0,65.46,39.28,26.18,Normal,65.46,Normal
2026-09-23 03:00:00,Feeder_4,0.0,16.41,80,0.0,67.45,40.47,26.98,Normal,67.45,Normal
2026-09-23 04:00:00,Feeder_4,0.0,18.39,80,0.0,68.29,40.97,27.32,Normal,68.29,Normal
2026-09-23 05:00:00,Feeder_4,0.0,18.77,80,0.0,71.58,42.95,28.63,Normal,71.58,Normal
2026-09-23 06:00:00,Feeder_4,0.0,20.81,80,0.0,68.93,41.36,27.57,Normal,68.93,Normal
2026-09-23 07:00:00,Feeder_4,258.82,21.39,80,21.0,79.17,47.5,31.67,Normal,58.17,Normal
2026-09-23 08:00:00,Feeder_4,500.0,23.79,80,40.19,85.54,51.32,34.22,Normal,45.35,Normal
2026-09-23 09:00:00,Feeder_4,707.11,25.77,80,56.39,90.78,54.47,36.31,Normal,34.39,Normal
2026-09-23 10:00:00,Feeder_4,866.03,28.55,80,68.3,91.05,54.63,36.42,Normal,22.75,Normal
2026-09-23 11:00:00,Feeder_4,965.93,29.12,80,76.0,80.25,48.15,32.1,Normal,4.25,Normal
2026-09-23 12:00:00,Feeder_4,712.47,29.79,80,55.91,71.38,42.83,28.55,Normal,15.47,Normal
2026-09-23 13:00:00,Feeder_4,748.61,30.3,80,58.62,63.79,38.27,25.52,Normal,5.17,Normal
2026-09-23 14:00:00,Feeder_4,862.04,31.33,80,67.22,70.24,42.14,28.1,Normal,3.02,Normal
2026-09-23 15:00:00,Feeder_4,707.11,30.38,80,55.35,62.77,37.66,25.11,Normal,7.42,Normal
2026-09-23 16:00:00,Feeder_4,394.59,29.55,80,30.99,67.22,40.33,26.89,Normal,36.23,Normal
2026-09-23 17:00:00,Feeder_4,253.86,28.54,80,20.02,75.66,45.4,30.26,Normal,55.64,Normal
2026-09-23 18:00:00,Feeder_4,0.0,27.5,80,0.0,87.82,52.69,35.13,Normal,87.82,Normal
2026-09-23 19:00:00,Feeder_4,0.0,25.98,80,0.0,96.59,57.95,38.64,Normal,96.59,Normal
2026-09-23 20:00:00,Feeder_4,0.0,24.35,80,0.0,104.2,62.52,41.68,Normal,104.2,Normal
2026-09-23 21:00:00,Feeder_4,0.0,22.12,80,0.0,97.33,58.4,38.93,Normal,97.33,Normal
2026-09-23 22:00:00,Feeder_4,0.0,20.73,80,0.0,85.67,51.4,34.27,Normal,85.67,Normal
2026-09-23 23:00:00,Feeder_4,0.0,18.44,80,0.0,74.5,44.7,29.8,Normal,74.5,Normal
2026-09-24 00:00:00,Feeder_4,0.0,18.18,80,0.0,62.96,37.78,25.18,Normal,62.96,Normal
2026-09-24 01:00:00,Feeder_4,0.0,16.99,80,0.0,65.17,39.1,26.07,Normal,65.17,Normal
2026-09-24 02:00:00,Feeder_4,0.0,16.81,80,0.0,69.72,41.83,27.89,Normal,69.72,Normal
2026-09-24 03:00:00,Feeder_4,0.0,17.49,80,0.0,71.22,42.73,28.49,Normal,71.22,Normal
2026-09-24 04:00:00,Feeder_4,0.0,17.71,80,0.0,68.56,41.14,27.42,Normal,68.56,Normal
2026-09-24 05:00:00,Feeder_4,0.0,18.85,80,0.0,64.94,38.96,25.98,Normal,64.94,Normal
2026-09-24 06:00:00,Feeder_4,0.0,20.35,80,0.0,73.03,43.82,29.21,Normal,73.03,Normal
2026-09-24 07:00:00,Feeder_4,226.64,22.36,80,18.32,77.93,46.76,31.17,Normal,59.61,Normal
2026-09-24 08:00:00,Feeder_4,491.5,24.35,80,39.42,90.14,54.08,36.06,Normal,50.72,Normal
2026-09-24 09:00:00,Feeder_4,705.24,25.1,80,56.4,99.48,59.69,39.79,Normal,43.08,Normal
2026-09-24 10:00:00,Feeder_4,866.03,27.79,80,68.51,86.28,51.77,34.51,Normal,17.77,Normal
2026-09-24 11:00:00,Feeder_4,952.76,28.73,80,75.08,83.0,49.8,33.2,Normal,7.92,Normal
2026-09-24 12:00:00,Feeder_4,1000.0,29.75,80,78.48,71.4,42.84,28.56,Normal,-7.08,Normal
2026-09-24 13:00:00,Feeder_4,965.93,31.4,80,75.3,72.57,43.54,29.03,Normal,-2.73,Normal
2026-09-24 14:00:00,Feeder_4,866.03,30.9,80,67.65,59.37,35.62,23.75,Normal,-8.28,Normal
2026-09-24 15:00:00,Feeder_4,707.11,30.76,80,55.27,67.95,40.77,27.18,Normal,12.68,Normal
2026-09-24 16:00:00,Feeder_4,500.0,29.53,80,39.28,70.83,42.5,28.33,Normal,31.55,Normal
2026-09-24 17:00:00,Feeder_4,258.82,29.22,80,20.36,77.18,46.31,30.87,Normal,56.82,Normal
2026-09-24 18:00:00,Feeder_4,0.0,27.34,80,0.0,84.79,50.87,33.92,Normal,84.79,Normal
2026-09-24 19:00:00,Feeder_4,0.0,25.85,80,0.0,99.12,59.47,39.65,Normal,99.12,Normal
2026-09-24 20:00:00,Feeder_4,0.0,24.83,80,0.0,107.52,64.51,43.01,Normal,107.52,Normal
2026-09-24 21:00:00,Feeder_4,0.0,20.65,80,0.0,99.72,59.83,39.89,Normal,99.72,Normal
2026-09-24 22:00:00,Feeder_4,0.0,20.18,80,0.0,83.97,50.38,33.59,Normal,83.97,Normal
2026-09-24 23:00:00,Feeder_4,0.0,19.3,80,0.0,70.91,42.55,28.36,Normal,70.91,Normal
2026-09-25 00:00:00,Feeder_4,0.0,18.08,80,0.0,68.56,41.14,27.42,Normal,68.56,Normal
2026-09-25 01:00:00,Feeder_4,0.0,16.92,80,0.0,64.55,38.73,25.82,Normal,64.55,Normal
2026-09-25 02:00:00,Feeder_4,0.0,17.1,80,0.0,70.72,42.43,28.29,Normal,70.72,Normal
2026-09-25 03:00:00,Feeder_4,0.0,17.15,80,0.0,63.73,38.24,25.49,Normal,63.73,Normal
2026-09-25 04:00:00,Feeder_4,0.0,18.32,80,0.0,68.75,41.25,27.5,Normal,68.75,Normal
2026-09-25 05:00:00,Feeder_4,0.0,19.42,80,0.0,67.54,40.52,27.02,Normal,67.54,Normal
2026-09-25 06:00:00,Feeder_4,0.0,21.37,80,0.0,71.96,43.18,28.78,Normal,71.96,Normal
2026-09-25 07:00:00,Feeder_4,258.82,22.19,80,20.94,75.21,45.13,30.08,Normal,54.27,Normal
2026-09-25 08:00:00,Feeder_4,377.32,23.77,80,30.33,90.8,54.48,36.32,Normal,60.47,Normal
2026-09-25 09:00:00,Feeder_4,707.11,26.18,80,56.3,89.53,53.72,35.81,Normal,33.23,Normal
2026-09-25 10:00:00,Feeder_4,866.03,27.11,80,68.7,88.69,53.21,35.48,Normal,19.99,Normal
2026-09-25 11:00:00,Feeder_4,964.73,28.88,80,75.98,83.18,49.91,33.27,Normal,7.2,Normal
2026-09-25 12:00:00,Feeder_4,915.39,29.52,80,71.91,72.63,43.58,29.05,Normal,0.72,Normal
2026-09-25 13:00:00,Feeder_4,919.58,32.11,80,71.47,70.44,42.26,28.18,Normal,-1.03,Normal
2026-09-25 14:00:00,Feeder_4,823.49,30.58,80,64.41,62.77,37.66,25.11,Normal,-1.64,Normal
2026-09-25 15:00:00,Feeder_4,620.11,30.81,80,48.46,71.17,42.7,28.47,Normal,22.71,Normal
2026-09-25 16:00:00,Feeder_4,500.0,30.15,80,39.18,68.63,41.18,27.45,Normal,29.45,Normal
2026-09-25 17:00:00,Feeder_4,258.82,28.74,80,20.4,79.11,47.47,31.64,Normal,58.71,Normal
2026-09-25 18:00:00,Feeder_4,0.0,27.47,80,0.0,79.43,47.66,31.77,Normal,79.43,Normal
2026-09-25 19:00:00,Feeder_4,0.0,26.15,80,0.0,93.96,56.38,37.58,Normal,93.96,Normal
2026-09-25 20:00:00,Feeder_4,0.0,24.32,80,0.0,98.31,58.99,39.32,Normal,98.31,Normal
2026-09-25 21:00:00,Feeder_4,0.0,21.98,80,0.0,95.66,57.4,38.26,Normal,95.66,Normal
2026-09-25 22:00:00,Feeder_4,0.0,20.65,80,0.0,91.12,54.67,36.45,Normal,91.12,Normal
2026-09-25 23:00:00,Feeder_4,0.0,18.7,80,0.0,77.65,46.59,31.06,Normal,77.65,Normal
2026-09-26 00:00:00,Feeder_4,0.0,18.49,80,0.0,69.02,41.41,27.61,Normal,69.02,Normal
2026-09-26 01:00:00,Feeder_4,0.0,16.84,80,0.0,69.36,41.62,27.74,Normal,69.36,Normal
2026-09-26 02:00:00,Feeder_4,0.0,16.59,80,0.0,65.42,39.25,26.17,Normal,65.42,Normal
2026-09-26 03:00:00,Feeder_4,0.0,17.2,80,0.0,72.59,43.55,29.04,Normal,72.59,Normal
2026-09-26 04:00:00,Feeder_4,0.0,18.81,80,0.0,69.59,41.75,27.84,Normal,69.59,Normal
2026-09-26 05:00:00,Feeder_4,0.0,19.84,80,0.0,69.68,41.81,27.87,Normal,69.68,Normal
2026-09-26 06:00:00,Feeder_4,0.0,20.91,80,0.0,76.21,45.73,30.48,Normal,76.21,Normal
2026-09-26 07:00:00,Feeder_4,243.91,21.9,80,19.75,80.18,48.11,32.07,Normal,60.43,Normal
2026-09-26 08:00:00,Feeder_4,500.0,24.32,80,40.11,84.6,50.76,33.84,Normal,44.49,Normal
2026-09-26 09:00:00,Feeder_4,707.11,25.56,80,56.44,91.34,54.8,36.54,Normal,34.9,Normal
2026-09-26 10:00:00,Feeder_4,772.22,28.58,80,60.89,88.77,53.26,35.51,Normal,27.88,Normal
2026-09-26 11:00:00,Feeder_4,867.29,29.3,80,68.19,81.76,49.06,32.7,Normal,13.57,Normal
2026-09-26 12:00:00,Feeder_4,977.47,30.4,80,76.51,70.52,42.31,28.21,Normal,-5.99,Normal
2026-09-26 13:00:00,Feeder_4,908.79,29.96,80,71.26,65.44,39.26,26.18,Normal,-5.82,Normal
2026-09-26 14:00:00,Feeder_4,866.03,31.66,80,67.44,67.64,40.58,27.06,Normal,0.2,Normal
2026-09-26 15:00:00,Feeder_4,707.11,30.7,80,55.28,67.0,40.2,26.8,Normal,11.72,Normal
2026-09-26 16:00:00,Feeder_4,500.0,30.01,80,39.2,68.9,41.34,27.56,Normal,29.7,Normal
2026-09-26 17:00:00,Feeder_4,258.82,29.01,80,20.37,76.59,45.95,30.64,Normal,56.22,Normal
2026-09-26 18:00:00,Feeder_4,0.0,27.66,80,0.0,82.54,49.52,33.02,Normal,82.54,Normal
2026-09-26 19:00:00,Feeder_4,0.0,25.87,80,0.0,96.2,57.72,38.48,Normal,96.2,Normal
2026-09-26 20:00:00,Feeder_4,0.0,23.99,80,0.0,108.46,65.08,43.38,Normal,108.46,Normal
2026-09-26 21:00:00,Feeder_4,0.0,21.39,80,0.0,97.46,58.48,38.98,Normal,97.46,Normal
2026-09-26 22:00:00,Feeder_4,0.0,20.63,80,0.0,86.43,51.86,34.57,Normal,86.43,Normal
2026-09-26 23:00:00,Feeder_4,0.0,18.45,80,0.0,73.42,44.05,29.37,Normal,73.42,Normal
2026-09-27 00:00:00,Feeder_4,0.0,18.25,80,0.0,72.48,43.49,28.99,Normal,72.48,Normal
2026-09-27 01:00:00,Feeder_4,0.0,17.22,80,0.0,64.77,38.86,25.91,Normal,64.77,Normal
2026-09-27 02:00:00,Feeder_4,0.0,16.76,80,0.0,68.65,41.19,27.46,Normal,68.65,Normal
2026-09-27 03:00:00,Feeder_4,0.0,16.71,80,0.0,65.97,39.58,26.39,Normal,65.97,Normal
2026-09-27 04:00:00,Feeder_4,0.0,18.08,80,0.0,68.81,41.29,27.52,Normal,68.81,Normal
2026-09-27 05:00:00,Feeder_4,0.0,19.7,80,0.0,69.33,41.6,27.73,Normal,69.33,Normal
2026-09-27 06:00:00,Feeder_4,0.0,20.13,80,0.0,73.2,43.92,29.28,Normal,73.2,Normal
2026-09-27 07:00:00,Feeder_4,183.01,22.11,80,14.81,79.32,47.59,31.73,Normal,64.51,Normal
2026-09-27 08:00:00,Feeder_4,418.13,23.63,80,33.63,90.19,54.11,36.08,Normal,56.56,Normal
2026-09-27 09:00:00,Feeder_4,707.11,25.85,80,56.38,92.77,55.66,37.11,Normal,36.39,Normal
2026-09-27 10:00:00,Feeder_4,866.03,28.0,80,68.45,88.47,53.08,35.39,Normal,20.02,Normal
2026-09-27 11:00:00,Feeder_4,796.9,29.6,80,62.58,80.76,48.46,32.3,Normal,18.18,Normal
2026-09-27 12:00:00,Feeder_4,929.29,29.56,80,72.99,73.57,44.14,29.43,Normal,0.58,Normal
2026-09-27 13:00:00,Feeder_4,952.34,31.39,80,74.24,67.88,40.73,27.15,Normal,-6.36,Normal
2026-09-27 14:00:00,Feeder_4,779.0,31.36,80,60.73,69.79,41.87,27.92,Normal,9.06,Normal
2026-09-27 15:00:00,Feeder_4,707.11,31.03,80,55.2,67.51,40.51,27.0,Normal,12.31,Normal
2026-09-27 16:00:00,Feeder_4,500.0,30.53,80,39.12,71.0,42.6,28.4,Normal,31.88,Normal
2026-09-27 17:00:00,Feeder_4,253.56,29.49,80,19.92,68.9,41.34,27.56,Normal,48.98,Normal
2026-09-27 18:00:00,Feeder_4,0.0,26.82,80,0.0,83.4,50.04,33.36,Normal,83.4,Normal
2026-09-27 19:00:00,Feeder_4,0.0,25.75,80,0.0,99.14,59.48,39.66,Normal,99.14,Normal
2026-09-27 20:00:00,Feeder_4,0.0,24.1,80,0.0,100.55,60.33,40.22,Normal,100.55,Normal
2026-09-27 21:00:00,Feeder_4,0.0,22.16,80,0.0,96.86,58.12,38.74,Normal,96.86,Normal
2026-09-27 22:00:00,Feeder_4,0.0,20.3,80,0.0,85.69,51.41,34.28,Normal,85.69,Normal
2026-09-27 23:00:00,Feeder_4,0.0,18.81,80,0.0,72.64,43.58,29.06,Normal,72.64,Normal
2026-09-28 00:00:00,Feeder_4,0.0,17.92,80,0.0,69.08,41.45,27.63,Normal,69.08,Normal
2026-09-28 01:00:00,Feeder_4,0.0,16.53,80,0.0,65.67,39.4,26.27,Normal,65.67,Normal
2026-09-28 02:00:00,Feeder_4,0.0,16.97,80,0.0,65.41,39.25,26.16,Normal,65.41,Normal
2026-09-28 03:00:00,Feeder_4,0.0,17.12,80,0.0,67.44,40.46,26.98,Normal,67.44,Normal
2026-09-28 04:00:00,Feeder_4,0.0,18.02,80,0.0,67.33,40.4,26.93,Normal,67.33,Normal
2026-09-28 05:00:00,Feeder_4,0.0,18.73,80,0.0,72.24,43.34,28.9,Normal,72.24,Normal
2026-09-28 06:00:00,Feeder_4,0.0,19.98,80,0.0,73.05,43.83,29.22,Normal,73.05,Normal
2026-09-28 07:00:00,Feeder_4,232.38,22.45,80,18.78,85.36,51.22,34.14,Normal,66.58,Normal
2026-09-28 08:00:00,Feeder_4,452.81,24.13,80,36.35,83.77,50.26,33.51,Normal,47.42,Normal
2026-09-28 09:00:00,Feeder_4,707.11,25.46,80,56.46,90.44,54.26,36.18,Normal,33.98,Normal
2026-09-28 10:00:00,Feeder_4,751.58,27.79,80,59.46,90.68,54.41,36.27,Normal,31.22,Normal
2026-09-28 11:00:00,Feeder_4,965.93,28.6,80,76.16,83.81,50.29,33.52,Normal,7.65,Normal
2026-09-28 12:00:00,Feeder_4,909.95,29.2,80,71.57,73.73,44.24,29.49,Normal,2.16,Normal
2026-09-28 13:00:00,Feeder_4,837.87,31.16,80,65.38,67.79,40.67,27.12,Normal,2.41,Normal
2026-09-28 14:00:00,Feeder_4,866.03,31.56,80,67.46,64.45,38.67,25.78,Normal,-3.01,Normal
2026-09-28 15:00:00,Feeder_4,659.09,30.73,80,51.52,71.45,42.87,28.58,Normal,19.93,Normal
2026-09-28 16:00:00,Feeder_4,460.5,29.82,80,36.13,70.63,42.38,28.25,Normal,34.5,Normal
2026-09-28 17:00:00,Feeder_4,240.89,29.01,80,18.96,70.93,42.56,28.37,Normal,51.97,Normal
2026-09-28 18:00:00,Feeder_4,0.0,26.96,80,0.0,84.17,50.5,33.67,Normal,84.17,Normal
2026-09-28 19:00:00,Feeder_4,0.0,26.58,80,0.0,93.31,55.99,37.32,Normal,93.31,Normal
2026-09-28 20:00:00,Feeder_4,0.0,24.3,80,0.0,103.04,61.82,41.22,Normal,103.04,Normal
2026-09-28 21:00:00,Feeder_4,0.0,22.42,80,0.0,94.82,56.89,37.93,Normal,94.82,Normal
2026-09-28 22:00:00,Feeder_4,0.0,20.11,80,0.0,84.69,50.81,33.88,Normal,84.69,Normal
2026-09-28 23:00:00,Feeder_4,0.0,18.66,80,0.0,76.66,46.0,30.66,Normal,76.66,Normal
2026-09-29 00:00:00,Feeder_4,0.0,18.42,80,0.0,62.55,37.53,25.02,Normal,62.55,Normal
2026-09-29 01:00:00,Feeder_4,0.0,18.24,80,0.0,65.87,39.52,26.35,Normal,65.87,Normal
2026-09-29 02:00:00,Feeder_4,0.0,16.89,80,0.0,63.58,38.15,25.43,Normal,63.58,Normal
2026-09-29 03:00:00,Feeder_4,0.0,17.66,80,0.0,64.97,38.98,25.99,Normal,64.97,Normal
2026-09-29 04:00:00,Feeder_4,0.0,18.18,80,0.0,67.4,40.44,26.96,Normal,67.4,Normal
2026-09-29 05:00:00,Feeder_4,0.0,19.15,80,0.0,69.94,41.96,27.98,Normal,69.94,Normal
2026-09-29 06:00:00,Feeder_4,0.0,20.59,80,0.0,70.26,42.16,28.1,Normal,70.26,Normal
2026-09-29 07:00:00,Feeder_4,258.82,21.93,80,20.96,82.66,49.6,33.06,Normal,61.7,Normal
2026-09-29 08:00:00,Feeder_4,485.98,24.08,80,39.02,86.92,52.15,34.77,Normal,47.9,Normal
2026-09-29 09:00:00,Feeder_4,620.9,25.11,80,49.65,89.36,53.62,35.74,Normal,39.71,Normal
2026-09-29 10:00:00,Feeder_4,832.36,27.58,80,65.9,90.69,54.41,36.28,Normal,24.79,Normal
2026-09-29 11:00:00,Feeder_4,914.26,28.6,80,72.09,76.23,45.74,30.49,Normal,4.14,Normal
2026-09-29 12:00:00,Feeder_4,1000.0,30.62,80,78.2,75.74,45.44,30.3,Normal,-2.46,Normal
2026-09-29 13:00:00,Feeder_4,965.93,31.02,80,75.41,72.99,43.79,29.2,Normal,-2.42,Normal
2026-09-29 14:00:00,Feeder_4,866.03,31.26,80,67.55,66.67,40.0,26.67,Normal,-0.88,Normal
2026-09-29 15:00:00,Feeder_4,591.53,30.49,80,46.28,67.58,40.55,27.03,Normal,21.3,Normal
2026-09-29 16:00:00,Feeder_4,500.0,30.83,80,39.07,69.64,41.78,27.86,Normal,30.57,Normal
2026-09-29 17:00:00,Feeder_4,258.82,28.78,80,20.39,74.03,44.42,29.61,Normal,53.64,Normal
2026-09-29 18:00:00,Feeder_4,0.0,27.2,80,0.0,86.29,51.77,34.52,Normal,86.29,Normal
2026-09-29 19:00:00,Feeder_4,0.0,26.19,80,0.0,97.08,58.25,38.83,Normal,97.08,Normal
2026-09-29 20:00:00,Feeder_4,0.0,24.86,80,0.0,101.77,61.06,40.71,Normal,101.77,Normal
2026-09-29 21:00:00,Feeder_4,0.0,22.03,80,0.0,98.4,59.04,39.36,Normal,98.4,Normal
2026-09-29 22:00:00,Feeder_4,0.0,20.58,80,0.0,79.08,47.45,31.63,Normal,79.08,Normal
2026-09-29 23:00:00,Feeder_4,0.0,19.54,80,0.0,76.13,45.68,30.45,Normal,76.13,Normal
2026-09-30 00:00:00,Feeder_4,0.0,17.25,80,0.0,65.2,39.12,26.08,Normal,65.2,Normal
2026-09-30 01:00:00,Feeder_4,0.0,17.4,80,0.0,70.04,42.02,28.02,Normal,70.04,Normal
2026-09-30 02:00:00,Feeder_4,0.0,17.16,80,0.0,67.05,40.23,26.82,Normal,67.05,Normal
2026-09-30 03:00:00,Feeder_4,0.0,16.34,80,0.0,68.14,40.88,27.26,Normal,68.14,Normal
2026-09-30 04:00:00,Feeder_4,0.0,17.69,80,0.0,63.34,38.0,25.34,Normal,63.34,Normal
2026-09-30 05:00:00,Feeder_4,0.0,18.94,80,0.0,70.13,42.08,28.05,Normal,70.13,Normal
2026-09-30 06:00:00,Feeder_4,0.0,19.64,80,0.0,70.83,42.5,28.33,Normal,70.83,Normal
2026-09-30 07:00:00,Feeder_4,252.32,22.77,80,20.37,75.74,45.44,30.3,Normal,55.37,Normal
2026-09-30 08:00:00,Feeder_4,500.0,24.05,80,40.15,87.92,52.75,35.17,Normal,47.77,Normal
2026-09-30 09:00:00,Feeder_4,690.3,25.64,80,55.08,94.62,56.77,37.85,Normal,39.54,Normal
2026-09-30 10:00:00,Feeder_4,754.98,27.64,80,59.76,87.2,52.32,34.88,Normal,27.44,Normal
2026-09-30 11:00:00,Feeder_4,877.59,29.98,80,68.81,80.88,48.53,32.35,Normal,12.07,Normal
2026-09-30 12:00:00,Feeder_4,1000.0,30.52,80,78.23,69.03,41.42,27.61,Normal,-9.2,Normal
2026-09-30 13:00:00,Feeder_4,965.93,29.76,80,75.8,66.83,40.1,26.73,Normal,-8.97,Normal
2026-09-30 14:00:00,Feeder_4,818.32,31.23,80,63.83,68.02,40.81,27.21,Normal,4.19,Normal
2026-09-30 15:00:00,Feeder_4,692.95,30.76,80,54.16,65.16,39.1,26.06,Normal,11.0,Normal
2026-09-30 16:00:00,Feeder_4,410.17,30.35,80,32.11,71.17,42.7,28.47,Normal,39.06,Normal
2026-09-30 17:00:00,Feeder_4,258.82,28.63,80,20.4,76.54,45.92,30.62,Normal,56.14,Normal
2026-09-30 18:00:00,Feeder_4,0.0,27.98,80,0.0,87.52,52.51,35.01,Normal,87.52,Normal
2026-09-30 19:00:00,Feeder_4,0.0,25.68,80,0.0,99.03,59.42,39.61,Normal,99.03,Normal
2026-09-30 20:00:00,Feeder_4,0.0,23.73,80,0.0,98.68,59.21,39.47,Normal,98.68,Normal
2026-09-30 21:00:00,Feeder_4,0.0,22.79,80,0.0,99.49,59.69,39.8,Normal,99.49,Normal
2026-09-30 22:00:00,Feeder_4,0.0,20.03,80,0.0,88.16,52.9,35.26,Normal,88.16,Normal
2026-09-30 23:00:00,Feeder_4,0.0,19.25,80,0.0,73.27,43.96,29.31,Normal,73.27,Normal
2026-09-01 00:00:00,Feeder_5,0.0,17.63,90,0.0,77.86,46.72,31.14,Normal,77.86,Normal
2026-09-01 01:00:00,Feeder_5,0.0,17.34,90,0.0,70.07,42.04,28.03,Normal,70.07,Normal
2026-09-01 02:00:00,Feeder_5,0.0,16.91,90,0.0,75.62,45.37,30.25,Normal,75.62,Normal
2026-09-01 03:00:00,Feeder_5,0.0,16.8,90,0.0,76.47,45.88,30.59,Normal,76.47,Normal
2026-09-01 04:00:00,Feeder_5,0.0,17.88,90,0.0,77.34,46.4,30.94,Normal,77.34,Normal
2026-09-01 05:00:00,Feeder_5,0.0,18.91,90,0.0,80.86,48.52,32.34,Normal,80.86,Normal
2026-09-01 06:00:00,Feeder_5,0.0,20.55,90,0.0,86.34,51.8,34.54,Normal,86.34,Normal
2026-09-01 07:00:00,Feeder_5,215.36,22.51,90,19.58,92.0,55.2,36.8,Normal,72.42,Normal
2026-09-01 08:00:00,Feeder_5,480.51,24.34,90,43.36,93.71,56.23,37.48,Normal,50.35,Normal
2026-09-01 09:00:00,Feeder_5,648.84,25.97,90,58.17,102.0,61.2,40.8,Normal,43.83,Normal
2026-09-01 10:00:00,Feeder_5,866.03,28.13,90,76.97,95.99,57.59,38.4,Normal,19.02,Normal
2026-09-01 11:00:00,Feeder_5,965.93,28.81,90,85.61,90.09,54.05,36.04,Normal,4.48,Normal
2026-09-01 12:00:00,Feeder_5,1000.0,30.24,90,88.11,81.64,48.98,32.66,Normal,-6.47,Normal
2026-09-01 13:00:00,Feeder_5,779.92,30.31,90,68.7,77.0,46.2,30.8,Normal,8.3,Normal
2026-09-01 14:00:00,Feeder_5,690.68,31.33,90,60.59,77.65,46.59,31.06,Normal,17.06,Normal
2026-09-01 15:00:00,Feeder_5,707.11,30.31,90,62.29,79.05,47.43,31.62,Normal,16.76,Normal
2026-09-01 16:00:00,Feeder_5,500.0,30.12,90,44.08,78.72,47.23,31.49,Normal,34.64,Normal
2026-09-01 17:00:00,Feeder_5,258.82,29.16,90,22.91,82.51,49.51,33.0,Normal,59.6,Normal
2026-09-01 18:00:00,Feeder_5,0.0,27.86,90,0.0,98.83,59.3,39.53,Normal,98.83,Normal
2026-09-01 19:00:00,Feeder_5,0.0,25.77,90,0.0,101.68,61.01,40.67,Normal,101.68,Normal
2026-09-01 20:00:00,Feeder_5,0.0,23.76,90,0.0,106.39,63.83,42.56,Normal,106.39,Normal
2026-09-01 21:00:00,Feeder_5,0.0,22.89,90,0.0,106.29,63.77,42.52,Normal,106.29,Normal
2026-09-01 22:00:00,Feeder_5,0.0,20.66,90,0.0,96.51,57.91,38.6,Normal,96.51,Normal
2026-09-01 23:00:00,Feeder_5,0.0,19.01,90,0.0,81.68,49.01,32.67,Normal,81.68,Normal
2026-09-02 00:00:00,Feeder_5,0.0,17.81,90,0.0,77.77,46.66,31.11,Normal,77.77,Normal
2026-09-02 01:00:00,Feeder_5,0.0,17.5,90,0.0,75.37,45.22,30.15,Normal,75.37,Normal
2026-09-02 02:00:00,Feeder_5,0.0,16.68,90,0.0,74.23,44.54,29.69,Normal,74.23,Normal
2026-09-02 03:00:00,Feeder_5,0.0,17.35,90,0.0,75.86,45.52,30.34,Normal,75.86,Normal
2026-09-02 04:00:00,Feeder_5,0.0,17.79,90,0.0,83.28,49.97,33.31,Normal,83.28,Normal
2026-09-02 05:00:00,Feeder_5,0.0,19.22,90,0.0,76.15,45.69,30.46,Normal,76.15,Normal
2026-09-02 06:00:00,Feeder_5,0.0,20.45,90,0.0,81.31,48.79,32.52,Normal,81.31,Normal
2026-09-02 07:00:00,Feeder_5,200.42,21.56,90,18.29,86.24,51.74,34.5,Normal,67.95,Normal
2026-09-02 08:00:00,Feeder_5,500.0,23.9,90,45.2,99.86,59.92,39.94,Normal,54.66,Normal
2026-09-02 09:00:00,Feeder_5,581.32,25.51,90,52.21,103.8,62.28,41.52,Normal,51.59,Normal
2026-09-02 10:00:00,Feeder_5,866.03,27.85,90,77.05,101.29,60.77,40.52,Normal,24.24,Normal
2026-09-02 11:00:00,Feeder_5,885.51,28.91,90,78.45,87.15,52.29,34.86,Normal,8.7,Normal
2026-09-02 12:00:00,Feeder_5,765.45,29.94,90,67.53,82.78,49.67,33.11,Normal,15.25,Normal
2026-09-02 13:00:00,Feeder_5,965.93,31.01,90,84.84,75.81,45.49,30.32,Normal,-9.03,Normal
2026-09-02 14:00:00,Feeder_5,797.84,31.51,90,69.94,74.23,44.54,29.69,Normal,4.29,Normal
2026-09-02 15:00:00,Feeder_5,707.11,30.83,90,62.16,79.26,47.56,31.7,Normal,17.1,Normal
2026-09-02 16:00:00,Feeder_5,500.0,29.54,90,44.18,74.47,44.68,29.79,Normal,30.29,Normal
2026-09-02 17:00:00,Feeder_5,258.82,28.92,90,22.93,81.67,49.0,32.67,Normal,58.74,Normal
2026-09-02 18:00:00,Feeder_5,0.0,27.57,90,0.0,93.1,55.86,37.24,Normal,93.1,Normal
2026-09-02 19:00:00,Feeder_5,0.0,25.66,90,0.0,108.55,65.13,43.42,Normal,108.55,Normal
2026-09-02 20:00:00,Feeder_5,0.0,24.26,90,0.0,113.58,68.15,45.43,Normal,113.58,Normal
2026-09-02 21:00:00,Feeder_5,0.0,22.05,90,0.0,107.48,64.49,42.99,Normal,107.48,Normal
2026-09-02 22:00:00,Feeder_5,0.0,20.43,90,0.0,91.13,54.68,36.45,Normal,91.13,Normal
2026-09-02 23:00:00,Feeder_5,0.0,19.52,90,0.0,79.9,47.94,31.96,Normal,79.9,Normal
2026-09-03 00:00:00,Feeder_5,0.0,18.03,90,0.0,76.57,45.94,30.63,Normal,76.57,Normal
2026-09-03 01:00:00,Feeder_5,0.0,17.51,90,0.0,73.23,43.94,29.29,Normal,73.23,Normal
2026-09-03 02:00:00,Feeder_5,0.0,16.83,90,0.0,75.17,45.1,30.07,Normal,75.17,Normal
2026-09-03 03:00:00,Feeder_5,0.0,16.78,90,0.0,70.52,42.31,28.21,Normal,70.52,Normal
2026-09-03 04:00:00,Feeder_5,0.0,18.3,90,0.0,78.53,47.12,31.41,Normal,78.53,Normal
2026-09-03 05:00:00,Feeder_5,0.0,18.72,90,0.0,73.85,44.31,29.54,Normal,73.85,Normal
2026-09-03 06:00:00,Feeder_5,0.0,20.75,90,0.0,81.58,48.95,32.63,Normal,81.58,Normal
2026-09-03 07:00:00,Feeder_5,196.27,21.84,90,17.89,87.76,52.66,35.1,Normal,69.87,Normal
2026-09-03 08:00:00,Feeder_5,500.0,24.31,90,45.12,96.52,57.91,38.61,Normal,51.4,Normal
2026-09-03 09:00:00,Feeder_5,707.11,25.85,90,63.42,101.71,61.03,40.68,Normal,38.29,Normal
2026-09-03 10:00:00,Feeder_5,866.03,27.53,90,77.15,95.49,57.29,38.2,Normal,18.34,Normal
2026-09-03 11:00:00,Feeder_5,965.93,29.14,90,85.49,88.5,53.1,35.4,Normal,3.01,Normal
2026-09-03 12:00:00,Feeder_5,1000.0,30.6,90,87.98,81.24,48.74,32.5,Normal,-6.74,Normal
2026-09-03 13:00:00,Feeder_5,890.7,31.11,90,78.2,73.33,44.0,29.33,Normal,-4.87,Normal
2026-09-03 14:00:00,Feeder_5,753.64,31.13,90,66.16,76.77,46.06,30.71,Normal,10.61,Normal
2026-09-03 15:00:00,Feeder_5,601.46,30.61,90,52.92,74.09,44.45,29.64,Normal,21.17,Normal
2026-09-03 16:00:00,Feeder_5,470.8,30.44,90,41.45,79.21,47.53,31.68,Normal,37.76,Normal
2026-09-03 17:00:00,Feeder_5,258.23,28.73,90,22.89,79.44,47.66,31.78,Normal,56.55,Normal
2026-09-03 18:00:00,Feeder_5,0.0,27.74,90,0.0,91.2,54.72,36.48,Normal,91.2,Normal
2026-09-03 19:00:00,Feeder_5,0.0,25.78,90,0.0,103.91,62.35,41.56,Normal,103.91,Normal
2026-09-03 20:00:00,Feeder_5,0.0,23.7,90,0.0,109.14,65.48,43.66,Normal,109.14,Normal
2026-09-03 21:00:00,Feeder_5,0.0,21.99,90,0.0,106.3,63.78,42.52,Normal,106.3,Normal
2026-09-03 22:00:00,Feeder_5,0.0,20.2,90,0.0,88.81,53.29,35.52,Normal,88.81,Normal
2026-09-03 23:00:00,Feeder_5,0.0,18.99,90,0.0,81.15,48.69,32.46,Normal,81.15,Normal
2026-09-04 00:00:00,Feeder_5,0.0,17.99,90,0.0,70.99,42.59,28.4,Normal,70.99,Normal
2026-09-04 01:00:00,Feeder_5,0.0,17.36,90,0.0,75.34,45.2,30.14,Normal,75.34,Normal
2026-09-04 02:00:00,Feeder_5,0.0,16.34,90,0.0,76.19,45.71,30.48,Normal,76.19,Normal
2026-09-04 03:00:00,Feeder_5,0.0,17.35,90,0.0,72.94,43.76,29.18,Normal,72.94,Normal
2026-09-04 04:00:00,Feeder_5,0.0,17.39,90,0.0,78.03,46.82,31.21,Normal,78.03,Normal
2026-09-04 05:00:00,Feeder_5,0.0,18.34,90,0.0,75.99,45.59,30.4,Normal,75.99,Normal
2026-09-04 06:00:00,Feeder_5,0.0,20.37,90,0.0,79.89,47.93,31.96,Normal,79.89,Normal
2026-09-04 07:00:00,Feeder_5,220.79,22.41,90,20.08,86.21,51.73,34.48,Normal,66.13,Normal
2026-09-04 08:00:00,Feeder_5,370.61,23.85,90,33.51,98.61,59.17,39.44,Normal,65.1,Normal
2026-09-04 09:00:00,Feeder_5,674.27,26.51,90,60.32,101.07,60.64,40.43,Normal,40.75,Normal
2026-09-04 10:00:00,Feeder_5,866.03,27.45,90,77.18,95.99,57.59,38.4,Normal,18.81,Normal
2026-09-04 11:00:00,Feeder_5,935.39,28.83,90,82.9,89.16,53.5,35.66,Normal,6.26,Normal
2026-09-04 12:00:00,Feeder_5,887.7,29.63,90,78.41,77.77,46.66,31.11,Normal,-0.64,Normal
2026-09-04 13:00:00,Feeder_5,965.93,30.97,90,84.86,77.51,46.51,31.0,Normal,-7.35,Normal
2026-09-04 14:00:00,Feeder_5,756.13,31.25,90,66.35,75.18,45.11,30.07,Normal,8.83,Normal
2026-09-04 15:00:00,Feeder_5,707.11,30.37,90,62.27,76.01,45.61,30.4,Normal,13.74,Normal
2026-09-04 16:00:00,Feeder_5,474.57,29.76,90,41.9,79.27,47.56,31.71,Normal,37.37,Normal
2026-09-04 17:00:00,Feeder_5,211.06,29.18,90,18.68,84.52,50.71,33.81,Normal,65.84,Normal
2026-09-04 18:00:00,Feeder_5,0.0,27.17,90,0.0,92.41,55.45,36.96,Normal,92.41,Normal
2026-09-04 19:00:00,Feeder_5,0.0,25.75,90,0.0,105.71,63.43,42.28,Normal,105.71,Normal
2026-09-04 20:00:00,Feeder_5,0.0,23.8,90,0.0,105.71,63.43,42.28,Normal,105.71,Normal
2026-09-04 21:00:00,Feeder_5,0.0,22.86,90,0.0,105.61,63.37,42.24,Normal,105.61,Normal
2026-09-04 22:00:00,Feeder_5,0.0,20.45,90,0.0,90.17,54.1,36.07,Normal,90.17,Normal
2026-09-04 23:00:00,Feeder_5,0.0,18.51,90,0.0,82.06,49.24,32.82,Normal,82.06,Normal
2026-09-05 00:00:00,Feeder_5,0.0,17.99,90,0.0,74.08,44.45,29.63,Normal,74.08,Normal
2026-09-05 01:00:00,Feeder_5,0.0,17.25,90,0.0,72.53,43.52,29.01,Normal,72.53,Normal
2026-09-05 02:00:00,Feeder_5,0.0,16.98,90,0.0,72.54,43.52,29.02,Normal,72.54,Normal
2026-09-05 03:00:00,Feeder_5,0.0,17.43,90,0.0,74.68,44.81,29.87,Normal,74.68,Normal
2026-09-05 04:00:00,Feeder_5,0.0,18.67,90,0.0,75.02,45.01,30.01,Normal,75.02,Normal
2026-09-05 05:00:00,Feeder_5,0.0,18.66,90,0.0,76.37,45.82,30.55,Normal,76.37,Normal
2026-09-05 06:00:00,Feeder_5,0.0,20.57,90,0.0,81.41,48.85,32.56,Normal,81.41,Normal
2026-09-05 07:00:00,Feeder_5,258.82,22.28,90,23.55,84.81,50.89,33.92,Normal,61.26,Normal
2026-09-05 08:00:00,Feeder_5,443.69,23.78,90,40.13,95.46,57.28,38.18,Normal,55.33,Normal
2026-09-05 09:00:00,Feeder_5,707.11,25.35,90,63.55,99.11,59.47,39.64,Normal,35.56,Normal
2026-09-05 10:00:00,Feeder_5,866.03,27.38,90,77.2,97.31,58.39,38.92,Normal,20.11,Normal
2026-09-05 11:00:00,Feeder_5,949.75,29.05,90,84.09,87.26,52.36,34.9,Normal,3.17,Normal
2026-09-05 12:00:00,Feeder_5,1000.0,29.44,90,88.4,79.67,47.8,31.87,Normal,-8.73,Normal
2026-09-05 13:00:00,Feeder_5,965.93,30.97,90,84.86,80.48,48.29,32.19,Normal,-4.38,Normal
2026-09-05 14:00:00,Feeder_5,825.39,31.59,90,72.33,73.83,44.3,29.53,Normal,1.5,Normal
2026-09-05 15:00:00,Feeder_5,707.11,31.09,90,62.09,73.32,43.99,29.33,Normal,11.23,Normal
2026-09-05 16:00:00,Feeder_5,500.0,30.04,90,44.09,79.0,47.4,31.6,Normal,34.91,Normal
2026-09-05 17:00:00,Feeder_5,251.88,28.83,90,22.32,86.23,51.74,34.49,Normal,63.91,Normal
2026-09-05 18:00:00,Feeder_5,0.0,27.83,90,0.0,92.41,55.45,36.96,Normal,92.41,Normal
2026-09-05 19:00:00,Feeder_5,0.0,25.54,90,0.0,103.09,61.85,41.24,Normal,103.09,Normal
2026-09-05 20:00:00,Feeder_5,0.0,23.82,90,0.0,114.0,68.4,45.6,Normal,114.0,Normal
2026-09-05 21:00:00,Feeder_5,0.0,22.13,90,0.0,100.09,60.05,40.04,Normal,100.09,Normal
2026-09-05 22:00:00,Feeder_5,0.0,20.54,90,0.0,95.89,57.53,38.36,Normal,95.89,Normal
2026-09-05 23:00:00,Feeder_5,0.0,18.78,90,0.0,84.81,50.89,33.92,Normal,84.81,Normal
2026-09-06 00:00:00,Feeder_5,0.0,18.37,90,0.0,76.25,45.75,30.5,Normal,76.25,Normal
2026-09-06 01:00:00,Feeder_5,0.0,17.18,90,0.0,72.11,43.27,28.84,Normal,72.11,Normal
2026-09-06 02:00:00,Feeder_5,0.0,17.39,90,0.0,75.77,45.46,30.31,Normal,75.77,Normal
2026-09-06 03:00:00,Feeder_5,0.0,17.38,90,0.0,71.82,43.09,28.73,Normal,71.82,Normal
2026-09-06 04:00:00,Feeder_5,0.0,18.0,90,0.0,74.85,44.91,29.94,Normal,74.85,Normal
2026-09-06 05:00:00,Feeder_5,0.0,18.37,90,0.0,74.9,44.94,29.96,Normal,74.9,Normal
2026-09-06 06:00:00,Feeder_5,0.0,20.77,90,0.0,81.05,48.63,32.42,Normal,81.05,Normal
2026-09-06 07:00:00,Feeder_5,258.82,21.77,90,23.59,90.04,54.02,36.02,Normal,66.45,Normal
2026-09-06 08:00:00,Feeder_5,500.0,24.28,90,45.13,95.07,57.04,38.03,Normal,49.94,Normal
2026-09-06 09:00:00,Feeder_5,707.11,25.93,90,63.4,98.3,58.98,39.32,Normal,34.9,Normal
2026-09-06 10:00:00,Feeder_5,864.78,27.4,90,77.08,97.38,58.43,38.95,Normal,20.3,Normal
2026-09-06 11:00:00,Feeder_5,165.84,28.94,90,14.69,88.82,53.29,35.53,Weather Dip,74.13,Weather Dip
2026-09-06 12:00:00,Feeder_5,200.0,30.6,90,17.6,82.51,49.51,33.0,Weather Dip,64.91,Weather Dip
2026-09-06 13:00:00,Feeder_5,193.01,30.85,90,16.96,77.49,46.49,31.0,Weather Dip,60.53,Weather Dip
2026-09-06 14:00:00,Feeder_5,173.21,30.27,90,15.26,74.72,44.83,29.89,Weather Dip,59.46,Weather Dip
2026-09-06 15:00:00,Feeder_5,581.15,31.27,90,50.99,75.45,45.27,30.18,Normal,24.46,Normal
2026-09-06 16:00:00,Feeder_5,488.4,30.42,90,43.0,78.49,47.09,31.4,Normal,35.49,Normal
2026-09-06 17:00:00,Feeder_5,223.77,28.92,90,19.82,81.97,49.18,32.79,Normal,62.15,Normal
2026-09-06 18:00:00,Feeder_5,0.0,27.22,90,0.0,92.51,55.51,37.0,Normal,92.51,Normal
2026-09-06 19:00:00,Feeder_5,0.0,25.22,90,0.0,107.51,64.51,43.0,Normal,107.51,Normal
2026-09-06 20:00:00,Feeder_5,0.0,24.02,90,0.0,111.0,66.6,44.4,Normal,111.0,Normal
2026-09-06 21:00:00,Feeder_5,0.0,22.37,90,0.0,103.71,62.23,41.48,Normal,103.71,Normal
2026-09-06 22:00:00,Feeder_5,0.0,20.73,90,0.0,96.7,58.02,38.68,Normal,96.7,Normal
2026-09-06 23:00:00,Feeder_5,0.0,19.42,90,0.0,81.51,48.91,32.6,Normal,81.51,Normal
2026-09-07 00:00:00,Feeder_5,0.0,18.53,90,0.0,80.14,48.08,32.06,Normal,80.14,Normal
2026-09-07 01:00:00,Feeder_5,0.0,17.1,90,0.0,72.11,43.27,28.84,Normal,72.11,Normal
2026-09-07 02:00:00,Feeder_5,0.0,16.33,90,0.0,74.74,44.84,29.9,Normal,74.74,Normal
2026-09-07 03:00:00,Feeder_5,0.0,17.18,90,0.0,75.82,45.49,30.33,Normal,75.82,Normal
2026-09-07 04:00:00,Feeder_5,0.0,17.78,90,0.0,80.48,48.29,32.19,Normal,80.48,Normal
2026-09-07 05:00:00,Feeder_5,0.0,19.0,90,0.0,75.29,45.17,30.12,Normal,75.29,Normal
2026-09-07 06:00:00,Feeder_5,0.0,20.36,90,0.0,77.69,46.61,31.08,Normal,77.69,Normal
2026-09-07 07:00:00,Feeder_5,258.82,22.67,90,23.51,88.22,52.93,35.29,Normal,64.71,Normal
2026-09-07 08:00:00,Feeder_5,424.23,23.51,90,38.41,96.43,57.86,38.57,Normal,58.02,Normal
2026-09-07 09:00:00,Feeder_5,664.69,25.68,90,59.66,102.55,61.53,41.02,Normal,42.89,Normal
2026-09-07 10:00:00,Feeder_5,866.03,28.05,90,76.99,93.69,56.21,37.48,Normal,16.7,Normal
2026-09-07 11:00:00,Feeder_5,926.15,29.25,90,81.94,88.96,53.38,35.58,Normal,7.02,Normal
2026-09-07 12:00:00,Feeder_5,1000.0,30.23,90,88.12,85.2,51.12,34.08,Normal,-2.92,Normal
2026-09-07 13:00:00,Feeder_5,965.93,31.19,90,84.78,75.94,45.56,30.38,Normal,-8.84,Normal
2026-09-07 14:00:00,Feeder_5,866.03,31.36,90,75.96,79.51,47.71,31.8,Normal,3.55,Normal
2026-09-07 15:00:00,Feeder_5,707.11,30.73,90,62.18,79.05,47.43,31.62,Normal,16.87,Normal
2026-09-07 16:00:00,Feeder_5,368.48,29.49,90,32.57,79.14,47.48,31.66,Normal,46.57,Normal
2026-09-07 17:00:00,Feeder_5,258.82,29.19,90,22.9,82.97,49.78,33.19,Normal,60.07,Normal
2026-09-07 18:00:00,Feeder_5,0.0,27.17,90,0.0,94.4,56.64,37.76,Normal,94.4,Normal
2026-09-07 19:00:00,Feeder_5,0.0,26.3,90,0.0,109.66,65.8,43.86,Normal,109.66,Normal
2026-09-07 20:00:00,Feeder_5,0.0,24.11,90,0.0,106.19,63.71,42.48,Normal,106.19,Normal
2026-09-07 21:00:00,Feeder_5,0.0,22.11,90,0.0,107.25,64.35,42.9,Normal,107.25,Normal
2026-09-07 22:00:00,Feeder_5,0.0,20.82,90,0.0,92.97,55.78,37.19,Normal,92.97,Normal
2026-09-07 23:00:00,Feeder_5,0.0,19.15,90,0.0,81.83,49.1,32.73,Normal,81.83,Normal
2026-09-08 00:00:00,Feeder_5,0.0,17.26,90,0.0,74.38,44.63,29.75,Normal,74.38,Normal
2026-09-08 01:00:00,Feeder_5,0.0,17.03,90,0.0,76.04,45.62,30.42,Normal,76.04,Normal
2026-09-08 02:00:00,Feeder_5,0.0,17.09,90,0.0,77.5,46.5,31.0,Normal,77.5,Normal
2026-09-08 03:00:00,Feeder_5,0.0,17.12,90,0.0,73.9,44.34,29.56,Normal,73.9,Normal
2026-09-08 04:00:00,Feeder_5,0.0,18.17,90,0.0,78.88,47.33,31.55,Normal,78.88,Normal
2026-09-08 05:00:00,Feeder_5,0.0,18.83,90,0.0,76.48,45.89,30.59,Normal,76.48,Normal
2026-09-08 06:00:00,Feeder_5,0.0,20.93,90,0.0,82.93,49.76,33.17,Normal,82.93,Normal
2026-09-08 07:00:00,Feeder_5,256.84,21.69,90,23.42,85.34,51.2,34.14,Normal,61.92,Normal
2026-09-08 08:00:00,Feeder_5,500.0,24.14,90,45.15,93.42,56.05,37.37,Normal,48.27,Normal
2026-09-08 09:00:00,Feeder_5,707.11,26.06,90,63.37,97.12,58.27,38.85,Normal,33.75,Normal
2026-09-08 10:00:00,Feeder_5,866.03,27.35,90,77.21,99.31,59.59,39.72,Normal,22.1,Normal
2026-09-08 11:00:00,Feeder_5,904.09,28.54,90,80.22,86.69,52.01,34.68,Normal,6.47,Normal
2026-09-08 12:00:00,Feeder_5,988.58,29.91,90,87.22,80.04,48.02,32.02,Normal,-7.18,Normal
2026-09-08 13:00:00,Feeder_5,965.93,30.69,90,84.96,76.58,45.95,30.63,Normal,-8.38,Normal
2026-09-08 14:00:00,Feeder_5,688.4,31.16,90,60.43,75.25,45.15,30.1,Normal,14.82,Normal
2026-09-08 15:00:00,Feeder_5,707.11,30.39,90,62.27,71.08,42.65,28.43,Normal,8.81,Normal
2026-09-08 16:00:00,Feeder_5,500.0,30.2,90,44.06,74.92,44.95,29.97,Normal,30.86,Normal
2026-09-08 17:00:00,Feeder_5,211.31,29.56,90,18.67,86.35,51.81,34.54,Normal,67.68,Normal
2026-09-08 18:00:00,Feeder_5,0.0,27.32,90,0.0,97.13,58.28,38.85,Normal,97.13,Normal
2026-09-08 19:00:00,Feeder_5,0.0,25.62,90,0.0,103.92,62.35,41.57,Normal,103.92,Normal
2026-09-08 20:00:00,Feeder_5,0.0,23.32,90,0.0,112.63,67.58,45.05,Normal,112.63,Normal
2026-09-08 21:00:00,Feeder_5,0.0,22.29,90,0.0,106.84,64.1,42.74,Normal,106.84,Normal
2026-09-08 22:00:00,Feeder_5,0.0,20.13,90,0.0,96.0,57.6,38.4,Normal,96.0,Normal
2026-09-08 23:00:00,Feeder_5,0.0,18.8,90,0.0,85.82,51.49,34.33,Normal,85.82,Normal
2026-09-09 00:00:00,Feeder_5,0.0,18.05,90,0.0,72.75,43.65,29.1,Normal,72.75,Normal
2026-09-09 01:00:00,Feeder_5,0.0,17.35,90,0.0,74.53,44.72,29.81,Normal,74.53,Normal
2026-09-09 02:00:00,Feeder_5,0.0,16.39,90,0.0,71.27,42.76,28.51,Normal,71.27,Normal
2026-09-09 03:00:00,Feeder_5,0.0,17.04,90,0.0,73.49,44.09,29.4,Normal,73.49,Normal
2026-09-09 04:00:00,Feeder_5,0.0,17.95,90,0.0,75.26,45.16,30.1,Normal,75.26,Normal
2026-09-09 05:00:00,Feeder_5,0.0,19.08,90,0.0,76.41,45.85,30.56,Normal,76.41,Normal
2026-09-09 06:00:00,Feeder_5,0.0,19.98,90,0.0,81.92,49.15,32.77,Normal,81.92,Normal
2026-09-09 07:00:00,Feeder_5,206.92,21.85,90,18.86,84.8,50.88,33.92,Normal,65.94,Normal
2026-09-09 08:00:00,Feeder_5,500.0,23.97,90,45.19,96.13,57.68,38.45,Normal,50.94,Normal
2026-09-09 09:00:00,Feeder_5,613.2,25.69,90,55.04,98.09,58.85,39.24,Normal,43.05,Normal
2026-09-09 10:00:00,Feeder_5,866.03,27.1,90,77.29,99.49,59.69,39.8,Normal,22.2,Normal
2026-09-09 11:00:00,Feeder_5,771.71,28.63,90,68.45,92.03,55.22,36.81,Normal,23.58,Normal
2026-09-09 12:00:00,Feeder_5,947.78,29.54,90,83.75,81.13,48.68,32.45,Normal,-2.62,Normal
2026-09-09 13:00:00,Feeder_5,910.82,30.43,90,80.19,74.01,44.41,29.6,Normal,-6.18,Normal
2026-09-09 14:00:00,Feeder_5,866.03,30.9,90,76.1,70.66,42.4,28.26,Normal,-5.44,Normal
2026-09-09 15:00:00,Feeder_5,707.11,31.01,90,62.11,73.69,44.21,29.48,Normal,11.58,Normal
2026-09-09 16:00:00,Feeder_5,444.01,30.33,90,39.11,76.82,46.09,30.73,Normal,37.71,Normal
2026-09-09 17:00:00,Feeder_5,199.0,29.66,90,17.58,81.73,49.04,32.69,Normal,64.15,Normal
2026-09-09 18:00:00,Feeder_5,0.0,28.01,90,0.0,90.47,54.28,36.19,Normal,90.47,Normal
2026-09-09 19:00:00,Feeder_5,0.0,25.55,90,0.0,99.96,59.98,39.98,Normal,99.96,Normal
2026-09-09 20:00:00,Feeder_5,0.0,24.16,90,0.0,108.84,65.3,43.54,Normal,108.84,Normal
2026-09-09 21:00:00,Feeder_5,0.0,22.65,90,0.0,104.89,62.93,41.96,Normal,104.89,Normal
2026-09-09 22:00:00,Feeder_5,0.0,20.78,90,0.0,93.46,56.08,37.38,Normal,93.46,Normal
2026-09-09 23:00:00,Feeder_5,0.0,19.22,90,0.0,83.79,50.27,33.52,Normal,83.79,Normal
2026-09-10 00:00:00,Feeder_5,0.0,18.29,90,0.0,73.32,43.99,29.33,Normal,73.32,Normal
2026-09-10 01:00:00,Feeder_5,0.0,16.61,90,0.0,76.02,45.61,30.41,Normal,76.02,Normal
2026-09-10 02:00:00,Feeder_5,0.0,16.6,90,0.0,73.11,43.87,29.24,Normal,73.11,Normal
2026-09-10 03:00:00,Feeder_5,0.0,17.29,90,0.0,72.4,43.44,28.96,Normal,72.4,Normal
2026-09-10 04:00:00,Feeder_5,0.0,18.28,90,0.0,76.72,46.03,30.69,Normal,76.72,Normal
2026-09-10 05:00:00,Feeder_5,0.0,19.45,90,0.0,79.08,47.45,31.63,Normal,79.08,Normal
2026-09-10 06:00:00,Feeder_5,0.0,20.65,90,0.0,81.13,48.68,32.45,Normal,81.13,Normal
2026-09-10 07:00:00,Feeder_5,258.82,22.96,90,23.48,85.45,51.27,34.18,Normal,61.97,Normal
2026-09-10 08:00:00,Feeder_5,500.0,23.97,90,45.19,95.84,57.5,38.34,Normal,50.65,Normal
2026-09-10 09:00:00,Feeder_5,576.73,25.7,90,51.76,97.51,58.51,39.0,Normal,45.75,Normal
2026-09-10 10:00:00,Feeder_5,817.82,27.06,90,73.0,95.04,57.02,38.02,Normal,22.04,Normal
2026-09-10 11:00:00,Feeder_5,918.85,28.99,90,81.38,83.8,50.28,33.52,Normal,2.42,Normal
2026-09-10 12:00:00,Feeder_5,826.54,30.21,90,72.84,78.59,47.15,31.44,Normal,5.75,Normal
2026-09-10 13:00:00,Feeder_5,965.93,30.85,90,84.9,78.26,46.96,31.3,Normal,-6.64,Normal
2026-09-10 14:00:00,Feeder_5,866.03,30.88,90,76.11,74.04,44.42,29.62,Normal,-2.07,Normal
2026-09-10 15:00:00,Feeder_5,707.11,30.97,90,62.12,75.14,45.08,30.06,Normal,13.02,Normal
2026-09-10 16:00:00,Feeder_5,500.0,29.98,90,44.1,77.52,46.51,31.01,Normal,33.42,Normal
2026-09-10 17:00:00,Feeder_5,258.82,28.58,90,22.96,83.0,49.8,33.2,Normal,60.04,Normal
2026-09-10 18:00:00,Feeder_5,0.0,27.68,90,0.0,93.05,55.83,37.22,Normal,93.05,Normal
2026-09-10 19:00:00,Feeder_5,0.0,25.94,90,0.0,106.5,63.9,42.6,Normal,106.5,Normal
2026-09-10 20:00:00,Feeder_5,0.0,23.87,90,0.0,110.81,66.49,44.32,Normal,110.81,Normal
2026-09-10 21:00:00,Feeder_5,0.0,21.79,90,0.0,105.05,63.03,42.02,Normal,105.05,Normal
2026-09-10 22:00:00,Feeder_5,0.0,20.69,90,0.0,94.62,56.77,37.85,Normal,94.62,Normal
2026-09-10 23:00:00,Feeder_5,0.0,18.89,90,0.0,83.58,50.15,33.43,Normal,83.58,Normal
2026-09-11 00:00:00,Feeder_5,0.0,18.5,90,0.0,74.93,44.96,29.97,Normal,74.93,Normal
2026-09-11 01:00:00,Feeder_5,0.0,17.68,90,0.0,71.25,42.75,28.5,Normal,71.25,Normal
2026-09-11 02:00:00,Feeder_5,0.0,17.53,90,0.0,77.45,46.47,30.98,Normal,77.45,Normal
2026-09-11 03:00:00,Feeder_5,0.0,16.64,90,0.0,74.94,44.96,29.98,Normal,74.94,Normal
2026-09-11 04:00:00,Feeder_5,0.0,18.07,90,0.0,73.36,44.02,29.34,Normal,73.36,Normal
2026-09-11 05:00:00,Feeder_5,0.0,18.22,90,0.0,79.79,47.87,31.92,Normal,79.79,Normal
2026-09-11 06:00:00,Feeder_5,0.0,20.56,90,0.0,80.57,48.34,32.23,Normal,80.57,Normal
2026-09-11 07:00:00,Feeder_5,225.67,21.68,90,20.58,85.32,51.19,34.13,Normal,64.74,Normal
2026-09-11 08:00:00,Feeder_5,456.61,24.15,90,41.23,94.17,56.5,37.67,Normal,52.94,Normal
2026-09-11 09:00:00,Feeder_5,707.11,26.22,90,63.33,102.02,61.21,40.81,Normal,38.69,Normal
2026-09-11 10:00:00,Feeder_5,853.59,28.11,90,75.87,95.62,57.37,38.25,Normal,19.75,Normal
2026-09-11 11:00:00,Feeder_5,962.3,29.02,90,85.21,89.59,53.75,35.84,Normal,4.38,Normal
2026-09-11 12:00:00,Feeder_5,1000.0,29.87,90,88.25,79.25,47.55,31.7,Normal,-9.0,Normal
2026-09-11 13:00:00,Feeder_5,965.93,31.05,90,84.83,75.76,45.46,30.3,Normal,-9.07,Normal
2026-09-11 14:00:00,Feeder_5,701.08,30.92,90,61.6,77.03,46.22,30.81,Normal,15.43,Normal
2026-09-11 15:00:00,Feeder_5,707.11,30.28,90,62.3,74.54,44.72,29.82,Normal,12.24,Normal
2026-09-11 16:00:00,Feeder_5,476.64,30.6,90,41.94,77.35,46.41,30.94,Normal,35.41,Normal
2026-09-11 17:00:00,Feeder_5,230.64,29.17,90,20.41,81.8,49.08,32.72,Normal,61.39,Normal
2026-09-11 18:00:00,Feeder_5,0.0,27.14,90,0.0,97.3,58.38,38.92,Normal,97.3,Normal
2026-09-11 19:00:00,Feeder_5,0.0,25.85,90,0.0,104.0,62.4,41.6,Normal,104.0,Normal
2026-09-11 20:00:00,Feeder_5,0.0,24.11,90,0.0,110.73,66.44,44.29,Normal,110.73,Normal
2026-09-11 21:00:00,Feeder_5,0.0,22.54,90,0.0,104.68,62.81,41.87,Normal,104.68,Normal
2026-09-11 22:00:00,Feeder_5,0.0,20.26,90,0.0,88.02,52.81,35.21,Normal,88.02,Normal
2026-09-11 23:00:00,Feeder_5,0.0,19.4,90,0.0,80.73,48.44,32.29,Normal,80.73,Normal
2026-09-12 00:00:00,Feeder_5,0.0,17.68,90,0.0,78.86,47.32,31.54,Normal,78.86,Normal
2026-09-12 01:00:00,Feeder_5,0.0,17.28,90,0.0,74.73,44.84,29.89,Normal,74.73,Normal
2026-09-12 02:00:00,Feeder_5,0.0,16.96,90,0.0,70.61,42.37,28.24,Normal,70.61,Normal
2026-09-12 03:00:00,Feeder_5,0.0,16.85,90,0.0,75.26,45.16,30.1,Normal,75.26,Normal
2026-09-12 04:00:00,Feeder_5,0.0,17.24,90,0.0,73.39,44.03,29.36,Normal,73.39,Normal
2026-09-12 05:00:00,Feeder_5,0.0,18.9,90,0.0,78.59,47.15,31.44,Normal,78.59,Normal
2026-09-12 06:00:00,Feeder_5,0.0,20.67,90,0.0,79.01,47.41,31.6,Normal,79.01,Normal
2026-09-12 07:00:00,Feeder_5,258.82,22.5,90,23.53,86.0,51.6,34.4,Normal,62.47,Normal
2026-09-12 08:00:00,Feeder_5,500.0,24.02,90,45.18,98.78,59.27,39.51,Normal,53.6,Normal
2026-09-12 09:00:00,Feeder_5,690.02,25.96,90,61.86,99.9,59.94,39.96,Normal,38.04,Normal
2026-09-12 10:00:00,Feeder_5,856.03,27.6,90,76.24,97.5,58.5,39.0,Normal,21.26,Normal
2026-09-12 11:00:00,Feeder_5,821.09,29.52,90,72.56,83.19,49.91,33.28,Normal,10.63,Normal
2026-09-12 12:00:00,Feeder_5,917.82,30.02,90,80.95,81.61,48.97,32.64,Normal,0.66,Normal
2026-09-12 13:00:00,Feeder_5,965.93,30.02,90,85.19,75.48,45.29,30.19,Normal,-9.71,Normal
2026-09-12 14:00:00,Feeder_5,645.0,31.01,90,56.65,76.15,45.69,30.46,Normal,19.5,Normal
2026-09-12 15:00:00,Feeder_5,707.11,30.81,90,62.16,78.21,46.93,31.28,Normal,16.05,Normal
2026-09-12 16:00:00,Feeder_5,500.0,29.89,90,44.12,73.92,44.35,29.57,Normal,29.8,Normal
2026-09-12 17:00:00,Feeder_5,258.82,28.35,90,22.98,86.05,51.63,34.42,Normal,63.07,Normal
2026-09-12 18:00:00,Feeder_5,0.0,27.98,90,0.0,91.77,55.06,36.71,Normal,91.77,Normal
2026-09-12 19:00:00,Feeder_5,0.0,25.9,90,0.0,104.51,62.71,41.8,Normal,104.51,Normal
2026-09-12 20:00:00,Feeder_5,0.0,24.16,90,0.0,107.68,64.61,43.07,Normal,107.68,Normal
2026-09-12 21:00:00,Feeder_5,0.0,22.69,90,0.0,106.44,63.86,42.58,Normal,106.44,Normal
2026-09-12 22:00:00,Feeder_5,0.0,21.17,90,0.0,92.3,55.38,36.92,Normal,92.3,Normal
2026-09-12 23:00:00,Feeder_5,0.0,19.12,90,0.0,80.25,48.15,32.1,Normal,80.25,Normal
2026-09-13 00:00:00,Feeder_5,0.0,18.33,90,0.0,74.7,44.82,29.88,Normal,74.7,Normal
2026-09-13 01:00:00,Feeder_5,0.0,17.08,90,0.0,77.07,46.24,30.83,Normal,77.07,Normal
2026-09-13 02:00:00,Feeder_5,0.0,16.59,90,0.0,77.46,46.48,30.98,Normal,77.46,Normal
2026-09-13 03:00:00,Feeder_5,0.0,17.32,90,0.0,71.7,43.02,28.68,Normal,71.7,Normal
2026-09-13 04:00:00,Feeder_5,0.0,18.41,90,0.0,74.89,44.93,29.96,Normal,74.89,Normal
2026-09-13 05:00:00,Feeder_5,0.0,19.46,90,0.0,81.69,49.01,32.68,Normal,81.69,Normal
2026-09-13 06:00:00,Feeder_5,0.0,21.37,90,0.0,78.27,46.96,31.31,Normal,78.27,Normal
2026-09-13 07:00:00,Feeder_5,233.37,21.71,90,21.28,88.94,53.36,35.58,Normal,67.66,Normal
2026-09-13 08:00:00,Feeder_5,500.0,23.94,90,45.19,98.19,58.91,39.28,Normal,53.0,Normal
2026-09-13 09:00:00,Feeder_5,707.11,25.2,90,63.59,98.51,59.11,39.4,Normal,34.92,Normal
2026-09-13 10:00:00,Feeder_5,866.03,27.31,90,77.22,94.17,56.5,37.67,Normal,16.95,Normal
2026-09-13 11:00:00,Feeder_5,965.93,28.43,90,85.74,87.08,52.25,34.83,Normal,1.34,Normal
2026-09-13 12:00:00,Feeder_5,1000.0,29.83,90,88.26,82.54,49.52,33.02,Normal,-5.72,Normal
2026-09-13 13:00:00,Feeder_5,899.99,31.32,90,78.95,76.43,45.86,30.57,Normal,-2.52,Normal
2026-09-13 14:00:00,Feeder_5,866.03,31.3,90,75.98,73.91,44.35,29.56,Normal,-2.07,Normal
2026-09-13 15:00:00,Feeder_5,532.86,30.91,90,46.82,75.79,45.47,30.32,Normal,28.97,Normal
2026-09-13 16:00:00,Feeder_5,500.0,29.97,90,44.11,76.36,45.82,30.54,Normal,32.25,Normal
2026-09-13 17:00:00,Feeder_5,258.82,28.36,90,22.98,84.65,50.79,33.86,Normal,61.67,Normal
2026-09-13 18:00:00,Feeder_5,0.0,27.37,90,0.0,92.18,55.31,36.87,Normal,92.18,Normal
2026-09-13 19:00:00,Feeder_5,0.0,26.04,90,0.0,108.1,64.86,43.24,Normal,108.1,Normal
2026-09-13 20:00:00,Feeder_5,0.0,24.04,90,0.0,107.53,64.52,43.01,Normal,107.53,Normal
2026-09-13 21:00:00,Feeder_5,0.0,23.05,90,0.0,103.68,62.21,41.47,Normal,103.68,Normal
2026-09-13 22:00:00,Feeder_5,0.0,20.28,90,0.0,91.75,55.05,36.7,Normal,91.75,Normal
2026-09-13 23:00:00,Feeder_5,0.0,19.21,90,0.0,80.7,48.42,32.28,Normal,80.7,Normal
2026-09-14 00:00:00,Feeder_5,0.0,18.24,90,0.0,72.29,43.37,28.92,Normal,72.29,Normal
2026-09-14 01:00:00,Feeder_5,0.0,17.83,90,0.0,71.48,42.89,28.59,Normal,71.48,Normal
2026-09-14 02:00:00,Feeder_5,0.0,17.11,90,0.0,77.88,46.73,31.15,Normal,77.88,Normal
2026-09-14 03:00:00,Feeder_5,0.0,17.4,90,0.0,76.51,45.91,30.6,Normal,76.51,Normal
2026-09-14 04:00:00,Feeder_5,0.0,18.26,90,0.0,77.58,46.55,31.03,Normal,77.58,Normal
2026-09-14 05:00:00,Feeder_5,0.0,19.55,90,0.0,79.58,47.75,31.83,Normal,79.58,Normal
2026-09-14 06:00:00,Feeder_5,0.0,20.32,90,0.0,78.15,46.89,31.26,Normal,78.15,Normal
2026-09-14 07:00:00,Feeder_5,257.65,22.42,90,23.43,87.02,52.21,34.81,Normal,63.59,Normal
2026-09-14 08:00:00,Feeder_5,368.15,24.51,90,33.2,96.64,57.98,38.66,Normal,63.44,Normal
2026-09-14 09:00:00,Feeder_5,674.89,26.15,90,60.46,103.81,62.29,41.52,Normal,43.35,Normal
2026-09-14 10:00:00,Feeder_5,574.84,27.67,90,51.18,92.6,55.56,37.04,Normal,41.42,Normal
2026-09-14 11:00:00,Feeder_5,965.93,29.0,90,85.54,89.42,53.65,35.77,Normal,3.88,Normal
2026-09-14 12:00:00,Feeder_5,940.09,29.31,90,83.15,79.45,47.67,31.78,Normal,-3.7,Normal
2026-09-14 13:00:00,Feeder_5,965.93,31.17,90,84.79,73.82,44.29,29.53,Normal,-10.97,Normal
2026-09-14 14:00:00,Feeder_5,866.03,30.74,90,76.15,76.38,45.83,30.55,Normal,0.23,Normal
2026-09-14 15:00:00,Feeder_5,663.84,30.83,90,58.35,77.83,46.7,31.13,Normal,19.48,Normal
2026-09-14 16:00:00,Feeder_5,426.38,29.79,90,37.64,77.9,46.74,31.16,Normal,40.26,Normal
2026-09-14 17:00:00,Feeder_5,258.82,28.6,90,22.96,87.91,52.75,35.16,Normal,64.95,Normal
2026-09-14 18:00:00,Feeder_5,0.0,27.46,90,0.0,92.22,55.33,36.89,Normal,92.22,Normal
2026-09-14 19:00:00,Feeder_5,0.0,25.78,90,0.0,101.11,60.67,40.44,Normal,101.11,Normal
2026-09-14 20:00:00,Feeder_5,0.0,24.6,90,0.0,108.47,65.08,43.39,Normal,108.47,Normal
2026-09-14 21:00:00,Feeder_5,0.0,21.51,90,0.0,105.56,63.34,42.22,Normal,105.56,Normal
2026-09-14 22:00:00,Feeder_5,0.0,20.53,90,0.0,92.43,55.46,36.97,Normal,92.43,Normal
2026-09-14 23:00:00,Feeder_5,0.0,19.25,90,0.0,82.74,49.64,33.1,Normal,82.74,Normal
2026-09-15 00:00:00,Feeder_5,0.0,18.02,90,0.0,77.81,46.69,31.12,Normal,77.81,Normal
2026-09-15 01:00:00,Feeder_5,0.0,17.32,90,0.0,78.8,47.28,31.52,Normal,78.8,Normal
2026-09-15 02:00:00,Feeder_5,0.0,17.52,90,0.0,76.52,45.91,30.61,Normal,76.52,Normal
2026-09-15 03:00:00,Feeder_5,0.0,17.76,90,0.0,75.4,45.24,30.16,Normal,75.4,Normal
2026-09-15 04:00:00,Feeder_5,0.0,18.05,90,0.0,74.53,44.72,29.81,Normal,74.53,Normal
2026-09-15 05:00:00,Feeder_5,0.0,18.81,90,0.0,79.92,47.95,31.97,Normal,79.92,Normal
2026-09-15 06:00:00,Feeder_5,0.0,20.35,90,0.0,78.27,46.96,31.31,Normal,78.27,Normal
2026-09-15 07:00:00,Feeder_5,258.82,22.26,90,23.55,88.81,53.29,35.52,Normal,65.26,Normal
2026-09-15 08:00:00,Feeder_5,438.36,23.36,90,39.71,97.73,58.64,39.09,Normal,58.02,Normal
2026-09-15 09:00:00,Feeder_5,707.11,25.4,90,63.54,103.97,62.38,41.59,Normal,40.43,Normal
2026-09-15 10:00:00,Feeder_5,866.03,27.5,90,77.16,95.17,57.1,38.07,Normal,18.01,Normal
2026-09-15 11:00:00,Feeder_5,805.44,29.34,90,71.23,85.9,51.54,34.36,Normal,14.67,Normal
2026-09-15 12:00:00,Feeder_5,906.42,30.46,90,79.8,75.87,45.52,30.35,Normal,-3.93,Normal
2026-09-15 13:00:00,Feeder_5,789.32,30.75,90,69.4,77.48,46.49,30.99,Normal,8.08,Normal
2026-09-15 14:00:00,Feeder_5,866.03,30.88,90,76.11,81.8,49.08,32.72,Normal,5.69,Normal
2026-09-15 15:00:00,Feeder_5,687.77,30.67,90,60.5,73.61,44.17,29.44,Normal,13.11,Normal
2026-09-15 16:00:00,Feeder_5,500.0,30.31,90,44.04,80.45,48.27,32.18,Normal,36.41,Normal
2026-09-15 17:00:00,Feeder_5,212.56,28.85,90,18.84,83.93,50.36,33.57,Normal,65.09,Normal
2026-09-15 18:00:00,Feeder_5,0.0,27.5,90,0.0,94.33,56.6,37.73,Normal,94.33,Normal
2026-09-15 19:00:00,Feeder_5,0.0,26.43,90,0.0,107.11,64.27,42.84,Normal,107.11,Normal
2026-09-15 20:00:00,Feeder_5,0.0,23.57,90,0.0,107.38,64.43,42.95,Normal,107.38,Normal
2026-09-15 21:00:00,Feeder_5,0.0,21.67,90,0.0,103.8,62.28,41.52,Normal,103.8,Normal
2026-09-15 22:00:00,Feeder_5,0.0,20.47,90,0.0,93.62,56.17,37.45,Normal,93.62,Normal
2026-09-15 23:00:00,Feeder_5,0.0,19.29,90,0.0,81.28,48.77,32.51,Normal,81.28,Normal
2026-09-16 00:00:00,Feeder_5,0.0,18.03,90,0.0,75.26,45.16,30.1,Normal,75.26,Normal
2026-09-16 01:00:00,Feeder_5,0.0,16.94,90,0.0,74.25,44.55,29.7,Normal,74.25,Normal
2026-09-16 02:00:00,Feeder_5,0.0,16.45,90,0.0,73.85,44.31,29.54,Normal,73.85,Normal
2026-09-16 03:00:00,Feeder_5,0.0,16.73,90,0.0,77.95,46.77,31.18,Normal,77.95,Normal
2026-09-16 04:00:00,Feeder_5,0.0,17.44,90,0.0,78.78,47.27,31.51,Normal,78.78,Normal
2026-09-16 05:00:00,Feeder_5,0.0,19.22,90,0.0,75.5,45.3,30.2,Normal,75.5,Normal
2026-09-16 06:00:00,Feeder_5,0.0,20.66,90,0.0,78.54,47.12,31.42,Normal,78.54,Normal
2026-09-16 07:00:00,Feeder_5,222.63,21.6,90,20.31,88.31,52.99,35.32,Normal,68.0,Normal
2026-09-16 08:00:00,Feeder_5,500.0,24.26,90,45.13,95.87,57.52,38.35,Normal,50.74,Normal
2026-09-16 09:00:00,Feeder_5,608.93,25.54,90,54.69,102.88,61.73,41.15,Normal,48.19,Normal
2026-09-16 10:00:00,Feeder_5,815.66,27.56,90,72.66,93.47,56.08,37.39,Normal,20.81,Normal
2026-09-16 11:00:00,Feeder_5,965.93,28.77,90,85.62,90.45,54.27,36.18,Normal,4.83,Normal
2026-09-16 12:00:00,Feeder_5,1000.0,29.86,90,88.25,80.26,48.16,32.1,Normal,-7.99,Normal
2026-09-16 13:00:00,Feeder_5,902.05,30.19,90,79.5,74.6,44.76,29.84,Normal,-4.9,Normal
2026-09-16 14:00:00,Feeder_5,866.03,31.13,90,76.03,75.85,45.51,30.34,Normal,-0.18,Normal
2026-09-16 15:00:00,Feeder_5,681.5,31.13,90,59.83,75.76,45.46,30.3,Normal,15.93,Normal
2026-09-16 16:00:00,Feeder_5,500.0,29.35,90,44.22,67.63,40.58,27.05,Normal,23.41,Normal
2026-09-16 17:00:00,Feeder_5,258.82,28.38,90,22.98,82.28,49.37,32.91,Normal,59.3,Normal
2026-09-16 18:00:00,Feeder_5,0.0,28.13,90,0.0,93.97,56.38,37.59,Normal,93.97,Normal
2026-09-16 19:00:00,Feeder_5,0.0,26.15,90,0.0,105.55,63.33,42.22,Normal,105.55,Normal
2026-09-16 20:00:00,Feeder_5,0.0,24.43,90,0.0,107.23,64.34,42.89,Normal,107.23,Normal
2026-09-16 21:00:00,Feeder_5,0.0,21.57,90,0.0,105.14,63.08,42.06,Normal,105.14,Normal
2026-09-16 22:00:00,Feeder_5,0.0,21.17,90,0.0,89.06,53.44,35.62,Normal,89.06,Normal
2026-09-16 23:00:00,Feeder_5,0.0,19.38,90,0.0,83.65,50.19,33.46,Normal,83.65,Normal
2026-09-17 00:00:00,Feeder_5,0.0,17.56,90,0.0,73.52,44.11,29.41,Normal,73.52,Normal
2026-09-17 01:00:00,Feeder_5,0.0,17.22,90,0.0,75.94,45.56,30.38,Normal,75.94,Normal
2026-09-17 02:00:00,Feeder_5,0.0,16.53,90,0.0,77.34,46.4,30.94,Normal,77.34,Normal
2026-09-17 03:00:00,Feeder_5,0.0,18.16,90,0.0,72.52,43.51,29.01,Normal,72.52,Normal
2026-09-17 04:00:00,Feeder_5,0.0,17.41,90,0.0,75.78,45.47,30.31,Normal,75.78,Normal
2026-09-17 05:00:00,Feeder_5,0.0,18.22,90,0.0,76.22,45.73,30.49,Normal,76.22,Normal
2026-09-17 06:00:00,Feeder_5,0.0,20.22,90,0.0,81.54,48.92,32.62,Normal,81.54,Normal
2026-09-17 07:00:00,Feeder_5,258.82,22.13,90,23.56,88.35,53.01,35.34,Normal,64.79,Normal
2026-09-17 08:00:00,Feeder_5,500.0,24.0,90,45.18,93.44,56.06,37.38,Normal,48.26,Normal
2026-09-17 09:00:00,Feeder_5,707.11,25.93,90,63.4,100.99,60.59,40.4,Normal,37.59,Normal
2026-09-17 10:00:00,Feeder_5,782.21,27.32,90,69.75,95.72,57.43,38.29,Normal,25.97,Normal
2026-09-17 11:00:00,Feeder_5,788.1,28.27,90,70.0,86.33,51.8,34.53,Normal,16.33,Normal
2026-09-17 12:00:00,Feeder_5,1000.0,29.8,90,88.27,78.03,46.82,31.21,Normal,-10.24,Normal
2026-09-17 13:00:00,Feeder_5,871.49,30.58,90,76.68,75.86,45.52,30.34,Normal,-0.82,Normal
2026-09-17 14:00:00,Feeder_5,866.03,31.42,90,75.94,78.04,46.82,31.22,Normal,2.1,Normal
2026-09-17 15:00:00,Feeder_5,707.11,30.36,90,62.28,72.55,43.53,29.02,Normal,10.27,Normal
2026-09-17 16:00:00,Feeder_5,433.59,30.6,90,38.15,76.07,45.64,30.43,Normal,37.92,Normal
2026-09-17 17:00:00,Feeder_5,219.95,28.78,90,19.5,82.21,49.33,32.88,Normal,62.71,Normal
2026-09-17 18:00:00,Feeder_5,0.0,27.6,90,0.0,90.9,54.54,36.36,Normal,90.9,Normal
2026-09-17 19:00:00,Feeder_5,0.0,25.56,90,0.0,104.24,62.54,41.7,Normal,104.24,Normal
2026-09-17 20:00:00,Feeder_5,0.0,23.74,90,0.0,108.58,65.15,43.43,Normal,108.58,Normal
2026-09-17 21:00:00,Feeder_5,0.0,21.85,90,0.0,103.66,62.2,41.46,Normal,103.66,Normal
2026-09-17 22:00:00,Feeder_5,0.0,21.32,90,0.0,94.48,56.69,37.79,Normal,94.48,Normal
2026-09-17 23:00:00,Feeder_5,0.0,19.26,90,0.0,80.13,48.08,32.05,Normal,80.13,Normal
2026-09-18 00:00:00,Feeder_5,0.0,17.93,90,0.0,75.8,45.48,30.32,Normal,75.8,Normal
2026-09-18 01:00:00,Feeder_5,0.0,17.39,90,0.0,74.22,44.53,29.69,Normal,74.22,Normal
2026-09-18 02:00:00,Feeder_5,0.0,16.51,90,0.0,74.21,44.53,29.68,Normal,74.21,Normal
2026-09-18 03:00:00,Feeder_5,0.0,17.37,90,0.0,75.01,45.01,30.0,Normal,75.01,Normal
2026-09-18 04:00:00,Feeder_5,0.0,17.39,90,0.0,72.61,43.57,29.04,Normal,72.61,Normal
2026-09-18 05:00:00,Feeder_5,0.0,19.07,90,0.0,76.13,45.68,30.45,Normal,76.13,Normal
2026-09-18 06:00:00,Feeder_5,0.0,20.68,90,0.0,81.94,49.16,32.78,Normal,81.94,Normal
2026-09-18 07:00:00,Feeder_5,224.83,22.13,90,20.47,87.0,52.2,34.8,Normal,66.53,Normal
2026-09-18 08:00:00,Feeder_5,500.0,23.55,90,45.26,99.29,59.57,39.72,Normal,54.03,Normal
2026-09-18 09:00:00,Feeder_5,707.11,25.67,90,63.47,99.46,59.68,39.78,Normal,35.99,Normal
2026-09-18 10:00:00,Feeder_5,851.85,27.19,90,75.99,95.05,57.03,38.02,Normal,19.06,Normal
2026-09-18 11:00:00,Feeder_5,934.6,29.59,90,82.57,90.2,54.12,36.08,Normal,7.63,Normal
2026-09-18 12:00:00,Feeder_5,1000.0,30.21,90,88.12,77.79,46.67,31.12,Normal,-10.33,Normal
2026-09-18 13:00:00,Feeder_5,961.12,31.15,90,84.37,73.6,44.16,29.44,Normal,-10.77,Normal
2026-09-18 14:00:00,Feeder_5,866.03,31.93,90,75.78,78.13,46.88,31.25,Normal,2.35,Normal
2026-09-18 15:00:00,Feeder_5,707.11,30.85,90,62.15,78.02,46.81,31.21,Normal,15.87,Normal
2026-09-18 16:00:00,Feeder_5,456.93,30.38,90,40.24,79.07,47.44,31.63,Normal,38.83,Normal
2026-09-18 17:00:00,Feeder_5,258.82,29.48,90,22.88,81.46,48.88,32.58,Normal,58.58,Normal
2026-09-18 18:00:00,Feeder_5,0.0,27.54,90,0.0,90.4,54.24,36.16,Normal,90.4,Normal
2026-09-18 19:00:00,Feeder_5,0.0,25.12,90,0.0,107.24,64.34,42.9,Normal,107.24,Normal
2026-09-18 20:00:00,Feeder_5,0.0,23.79,90,0.0,107.91,64.75,43.16,Normal,107.91,Normal
2026-09-18 21:00:00,Feeder_5,0.0,22.46,90,0.0,106.0,63.6,42.4,Normal,106.0,Normal
2026-09-18 22:00:00,Feeder_5,0.0,20.16,90,0.0,94.61,56.77,37.84,Normal,94.61,Normal
2026-09-18 23:00:00,Feeder_5,0.0,19.07,90,0.0,83.12,49.87,33.25,Normal,83.12,Normal
2026-09-19 00:00:00,Feeder_5,0.0,18.28,90,0.0,71.84,43.1,28.74,Normal,71.84,Normal
2026-09-19 01:00:00,Feeder_5,0.0,17.01,90,0.0,79.5,47.7,31.8,Normal,79.5,Normal
2026-09-19 02:00:00,Feeder_5,0.0,17.73,90,0.0,74.52,44.71,29.81,Normal,74.52,Normal
2026-09-19 03:00:00,Feeder_5,0.0,16.3,90,0.0,73.53,44.12,29.41,Normal,73.53,Normal
2026-09-19 04:00:00,Feeder_5,0.0,18.46,90,0.0,77.56,46.54,31.02,Normal,77.56,Normal
2026-09-19 05:00:00,Feeder_5,0.0,18.69,90,0.0,74.34,44.6,29.74,Normal,74.34,Normal
2026-09-19 06:00:00,Feeder_5,0.0,20.78,90,0.0,81.56,48.94,32.62,Normal,81.56,Normal
2026-09-19 07:00:00,Feeder_5,226.69,22.45,90,20.61,88.9,53.34,35.56,Normal,68.29,Normal
2026-09-19 08:00:00,Feeder_5,435.76,23.69,90,39.42,97.88,58.73,39.15,Normal,58.46,Normal
2026-09-19 09:00:00,Feeder_5,687.21,26.45,90,61.49,101.25,60.75,40.5,Normal,39.76,Normal
2026-09-19 10:00:00,Feeder_5,815.45,27.5,90,72.66,96.32,57.79,38.53,Normal,23.66,Normal
2026-09-19 11:00:00,Feeder_5,881.5,28.58,90,78.2,89.59,53.75,35.84,Normal,11.39,Normal
2026-09-19 12:00:00,Feeder_5,1000.0,30.3,90,88.09,84.37,50.62,33.75,Normal,-3.72,Normal
2026-09-19 13:00:00,Feeder_5,903.13,31.43,90,79.19,74.49,44.69,29.8,Normal,-4.7,Normal
2026-09-19 14:00:00,Feeder_5,760.78,30.3,90,67.02,74.36,44.62,29.74,Normal,7.34,Normal
2026-09-19 15:00:00,Feeder_5,664.36,30.97,90,58.36,76.21,45.73,30.48,Normal,17.85,Normal
2026-09-19 16:00:00,Feeder_5,428.42,29.91,90,37.8,76.51,45.91,30.6,Normal,38.71,Normal
2026-09-19 17:00:00,Feeder_5,203.66,28.56,90,18.07,80.88,48.53,32.35,Normal,62.81,Normal
2026-09-19 18:00:00,Feeder_5,0.0,27.58,90,0.0,94.63,56.78,37.85,Normal,94.63,Normal
2026-09-19 19:00:00,Feeder_5,0.0,26.29,90,0.0,107.88,64.73,43.15,Normal,107.88,Normal
2026-09-19 20:00:00,Feeder_5,0.0,23.72,90,0.0,111.24,66.74,44.5,Normal,111.24,Normal
2026-09-19 21:00:00,Feeder_5,0.0,21.92,90,0.0,103.86,62.32,41.54,Normal,103.86,Normal
2026-09-19 22:00:00,Feeder_5,0.0,20.54,90,0.0,95.96,57.58,38.38,Normal,95.96,Normal
2026-09-19 23:00:00,Feeder_5,0.0,19.45,90,0.0,80.86,48.52,32.34,Normal,80.86,Normal
2026-09-20 00:00:00,Feeder_5,0.0,18.27,90,0.0,77.3,46.38,30.92,Normal,77.3,Normal
2026-09-20 01:00:00,Feeder_5,0.0,16.71,90,0.0,73.84,44.3,29.54,Normal,73.84,Normal
2026-09-20 02:00:00,Feeder_5,0.0,17.02,90,0.0,72.32,43.39,28.93,Normal,72.32,Normal
2026-09-20 03:00:00,Feeder_5,0.0,16.95,90,0.0,79.55,47.73,31.82,Normal,79.55,Normal
2026-09-20 04:00:00,Feeder_5,0.0,18.18,90,0.0,78.79,47.27,31.52,Normal,78.79,Normal
2026-09-20 05:00:00,Feeder_5,0.0,19.36,90,0.0,80.43,48.26,32.17,Normal,80.43,Normal
2026-09-20 06:00:00,Feeder_5,0.0,20.4,90,0.0,76.32,45.79,30.53,Normal,76.32,Normal
2026-09-20 07:00:00,Feeder_5,256.24,22.52,90,23.29,90.2,54.12,36.08,Normal,66.91,Normal
2026-09-20 08:00:00,Feeder_5,500.0,23.78,90,45.22,91.22,54.73,36.49,Normal,46.0,Normal
2026-09-20 09:00:00,Feeder_5,665.09,25.69,90,59.69,99.22,59.53,39.69,Normal,39.53,Normal
2026-09-20 10:00:00,Feeder_5,866.03,28.29,90,76.92,96.47,57.88,38.59,Normal,19.55,Normal
2026-09-20 11:00:00,Feeder_5,940.8,28.85,90,83.37,88.15,52.89,35.26,Normal,4.78,Normal
2026-09-20 12:00:00,Feeder_5,900.6,30.11,90,79.4,81.71,49.03,32.68,Normal,2.31,Normal
2026-09-20 13:00:00,Feeder_5,965.93,30.94,90,84.87,77.83,46.7,31.13,Normal,-7.04,Normal
2026-09-20 14:00:00,Feeder_5,681.88,31.25,90,59.83,73.8,44.28,29.52,Normal,13.97,Normal
2026-09-20 15:00:00,Feeder_5,614.12,30.32,90,54.09,76.69,46.01,30.68,Normal,22.6,Normal
2026-09-20 16:00:00,Feeder_5,486.65,29.39,90,43.03,78.63,47.18,31.45,Normal,35.6,Normal
2026-09-20 17:00:00,Feeder_5,214.11,29.01,90,18.96,83.41,50.05,33.36,Normal,64.45,Normal
2026-09-20 18:00:00,Feeder_5,0.0,28.21,90,0.0,89.56,53.74,35.82,Normal,89.56,Normal
2026-09-20 19:00:00,Feeder_5,0.0,25.7,90,0.0,105.71,63.43,42.28,Normal,105.71,Normal
2026-09-20 20:00:00,Feeder_5,0.0,23.86,90,0.0,108.9,65.34,43.56,Normal,108.9,Normal
2026-09-20 21:00:00,Feeder_5,0.0,22.58,90,0.0,105.77,63.46,42.31,Normal,105.77,Normal
2026-09-20 22:00:00,Feeder_5,0.0,20.38,90,0.0,91.33,54.8,36.53,Normal,91.33,Normal
2026-09-20 23:00:00,Feeder_5,0.0,19.19,90,0.0,80.21,48.13,32.08,Normal,80.21,Normal
2026-09-21 00:00:00,Feeder_5,0.0,17.41,90,0.0,75.68,45.41,30.27,Normal,75.68,Normal
2026-09-21 01:00:00,Feeder_5,0.0,17.48,90,0.0,75.44,45.26,30.18,Normal,75.44,Normal
2026-09-21 02:00:00,Feeder_5,0.0,16.45,90,0.0,76.93,46.16,30.77,Normal,76.93,Normal
2026-09-21 03:00:00,Feeder_5,0.0,17.06,90,0.0,72.21,43.33,28.88,Normal,72.21,Normal
2026-09-21 04:00:00,Feeder_5,0.0,17.55,90,0.0,75.1,45.06,30.04,Normal,75.1,Normal
2026-09-21 05:00:00,Feeder_5,0.0,19.32,90,0.0,77.5,46.5,31.0,Normal,77.5,Normal
2026-09-21 06:00:00,Feeder_5,0.0,20.27,90,0.0,84.09,50.45,33.64,Normal,84.09,Normal
2026-09-21 07:00:00,Feeder_5,258.82,21.35,90,23.63,86.15,51.69,34.46,Normal,62.52,Normal
2026-09-21 08:00:00,Feeder_5,448.51,23.78,90,40.56,97.57,58.54,39.03,Normal,57.01,Normal
2026-09-21 09:00:00,Feeder_5,697.99,25.78,90,62.62,103.28,61.97,41.31,Normal,40.66,Normal
2026-09-21 10:00:00,Feeder_5,793.65,28.25,90,70.5,94.48,56.69,37.79,Normal,23.98,Normal
2026-09-21 11:00:00,Feeder_5,965.93,28.84,90,85.6,88.14,52.88,35.26,Normal,2.54,Normal
2026-09-21 12:00:00,Feeder_5,1000.0,30.24,90,88.11,78.7,47.22,31.48,Normal,-9.41,Normal
2026-09-21 13:00:00,Feeder_5,835.77,31.76,90,73.19,75.54,45.32,30.22,Normal,2.35,Normal
2026-09-21 14:00:00,Feeder_5,866.03,30.36,90,76.27,74.78,44.87,29.91,Normal,-1.49,Normal
2026-09-21 15:00:00,Feeder_5,696.31,30.95,90,61.18,68.8,41.28,27.52,Normal,7.62,Normal
2026-09-21 16:00:00,Feeder_5,500.0,29.6,90,44.17,78.25,46.95,31.3,Normal,34.08,Normal
2026-09-21 17:00:00,Feeder_5,226.63,28.61,90,20.1,82.13,49.28,32.85,Normal,62.03,Normal
2026-09-21 18:00:00,Feeder_5,0.0,27.31,90,0.0,89.99,53.99,36.0,Normal,89.99,Normal
2026-09-21 19:00:00,Feeder_5,0.0,26.22,90,0.0,101.39,60.83,40.56,Normal,101.39,Normal
2026-09-21 20:00:00,Feeder_5,0.0,24.3,90,0.0,108.46,65.08,43.38,Normal,108.46,Normal
2026-09-21 21:00:00,Feeder_5,0.0,22.28,90,0.0,107.42,64.45,42.97,Normal,107.42,Normal
2026-09-21 22:00:00,Feeder_5,0.0,20.44,90,0.0,88.64,53.18,35.46,Normal,88.64,Normal
2026-09-21 23:00:00,Feeder_5,0.0,19.06,90,0.0,80.67,48.4,32.27,Normal,80.67,Normal
2026-09-22 00:00:00,Feeder_5,0.0,17.37,90,0.0,75.19,45.11,30.08,Normal,75.19,Normal
2026-09-22 01:00:00,Feeder_5,0.0,16.8,90,0.0,73.44,44.06,29.38,Normal,73.44,Normal
2026-09-22 02:00:00,Feeder_5,0.0,17.48,90,0.0,71.27,42.76,28.51,Normal,71.27,Normal
2026-09-22 03:00:00,Feeder_5,0.0,17.35,90,0.0,74.81,44.89,29.92,Normal,74.81,Normal
2026-09-22 04:00:00,Feeder_5,0.0,18.14,90,0.0,79.19,47.51,31.68,Normal,79.19,Normal
2026-09-22 05:00:00,Feeder_5,0.0,18.64,90,0.0,75.45,45.27,30.18,Normal,75.45,Normal
2026-09-22 06:00:00,Feeder_5,0.0,20.86,90,0.0,82.18,49.31,32.87,Normal,82.18,Normal
2026-09-22 07:00:00,Feeder_5,258.82,21.92,90,23.58,87.33,52.4,34.93,Normal,63.75,Normal
2026-09-22 08:00:00,Feeder_5,495.32,24.22,90,44.72,99.93,59.96,39.97,Normal,55.21,Normal
2026-09-22 09:00:00,Feeder_5,707.11,25.24,90,63.58,100.56,60.34,40.22,Normal,36.98,Normal
2026-09-22 10:00:00,Feeder_5,866.03,27.75,90,77.09,94.59,56.75,37.84,Normal,17.5,Normal
2026-09-22 11:00:00,Feeder_5,965.93,28.44,90,85.74,85.13,51.08,34.05,Normal,-0.61,Normal
2026-09-22 12:00:00,Feeder_5,1000.0,30.91,90,87.87,78.49,47.09,31.4,Normal,-9.38,Normal
2026-09-22 13:00:00,Feeder_5,935.11,31.19,90,82.08,76.7,46.02,30.68,Normal,-5.38,Normal
2026-09-22 14:00:00,Feeder_5,831.25,31.23,90,72.95,76.16,45.7,30.46,Normal,3.21,Normal
2026-09-22 15:00:00,Feeder_5,707.11,31.28,90,62.04,76.37,45.82,30.55,Normal,14.33,Normal
2026-09-22 16:00:00,Feeder_5,500.0,30.15,90,44.07,78.66,47.2,31.46,Normal,34.59,Normal
2026-09-22 17:00:00,Feeder_5,258.82,28.95,90,22.93,85.8,51.48,34.32,Normal,62.87,Normal
2026-09-22 18:00:00,Feeder_5,0.0,26.9,90,0.0,92.99,55.79,37.2,Normal,92.99,Normal
2026-09-22 19:00:00,Feeder_5,0.0,25.69,90,0.0,105.63,63.38,42.25,Normal,105.63,Normal
2026-09-22 20:00:00,Feeder_5,0.0,23.96,90,0.0,105.22,63.13,42.09,Normal,105.22,Normal
2026-09-22 21:00:00,Feeder_5,0.0,22.55,90,0.0,97.78,58.67,39.11,Normal,97.78,Normal
2026-09-22 22:00:00,Feeder_5,0.0,20.71,90,0.0,96.26,57.76,38.5,Normal,96.26,Normal
2026-09-22 23:00:00,Feeder_5,0.0,18.23,90,0.0,83.89,50.33,33.56,Normal,83.89,Normal
2026-09-23 00:00:00,Feeder_5,0.0,18.31,90,0.0,73.34,44.0,29.34,Normal,73.34,Normal
2026-09-23 01:00:00,Feeder_5,0.0,17.03,90,0.0,72.95,43.77,29.18,Normal,72.95,Normal
2026-09-23 02:00:00,Feeder_5,0.0,16.52,90,0.0,72.77,43.66,29.11,Normal,72.77,Normal
2026-09-23 03:00:00,Feeder_5,0.0,16.64,90,0.0,75.43,45.26,30.17,Normal,75.43,Normal
2026-09-23 04:00:00,Feeder_5,0.0,17.86,90,0.0,71.62,42.97,28.65,Normal,71.62,Normal
2026-09-23 05:00:00,Feeder_5,0.0,19.72,90,0.0,75.12,45.07,30.05,Normal,75.12,Normal
2026-09-23 06:00:00,Feeder_5,0.0,20.71,90,0.0,84.63,50.78,33.85,Normal,84.63,Normal
2026-09-23 07:00:00,Feeder_5,242.67,21.66,90,22.13,89.41,53.65,35.76,Normal,67.28,Normal
2026-09-23 08:00:00,Feeder_5,500.0,24.0,90,45.18,94.77,56.86,37.91,Normal,49.59,Normal
2026-09-23 09:00:00,Feeder_5,707.11,26.02,90,63.38,98.08,58.85,39.23,Normal,34.7,Normal
2026-09-23 10:00:00,Feeder_5,866.03,26.96,90,77.33,97.88,58.73,39.15,Normal,20.55,Normal
2026-09-23 11:00:00,Feeder_5,935.53,28.78,90,82.92,87.75,52.65,35.1,Normal,4.83,Normal
2026-09-23 12:00:00,Feeder_5,1000.0,30.42,90,88.05,82.06,49.24,32.82,Normal,-5.99,Normal
2026-09-23 13:00:00,Feeder_5,947.8,31.07,90,83.23,77.75,46.65,31.1,Normal,-5.48,Normal
2026-09-23 14:00:00,Feeder_5,821.69,30.95,90,72.19,75.1,45.06,30.04,Normal,2.91,Normal
2026-09-23 15:00:00,Feeder_5,707.11,30.61,90,62.21,74.63,44.78,29.85,Normal,12.42,Normal
2026-09-23 16:00:00,Feeder_5,500.0,30.44,90,44.02,75.54,45.32,30.22,Normal,31.52,Normal
2026-09-23 17:00:00,Feeder_5,258.82,29.0,90,22.92,83.79,50.27,33.52,Normal,60.87,Normal
2026-09-23 18:00:00,Feeder_5,0.0,27.98,90,0.0,93.83,56.3,37.53,Normal,93.83,Normal
2026-09-23 19:00:00,Feeder_5,0.0,26.23,90,0.0,105.21,63.13,42.08,Normal,105.21,Normal
2026-09-23 20:00:00,Feeder_5,0.0,24.13,90,0.0,109.77,65.86,43.91,Normal,109.77,Normal
2026-09-23 21:00:00,Feeder_5,0.0,21.95,90,0.0,102.75,61.65,41.1,Normal,102.75,Normal
2026-09-23 22:00:00,Feeder_5,0.0,19.94,90,0.0,90.77,54.46,36.31,Normal,90.77,Normal
2026-09-23 23:00:00,Feeder_5,0.0,19.09,90,0.0,82.13,49.28,32.85,Normal,82.13,Normal
2026-09-24 00:00:00,Feeder_5,0.0,18.57,90,0.0,77.72,46.63,31.09,Normal,77.72,Normal
2026-09-24 01:00:00,Feeder_5,0.0,18.0,90,0.0,72.56,43.54,29.02,Normal,72.56,Normal
2026-09-24 02:00:00,Feeder_5,0.0,16.61,90,0.0,75.6,45.36,30.24,Normal,75.6,Normal
2026-09-24 03:00:00,Feeder_5,0.0,17.24,90,0.0,76.03,45.62,30.41,Normal,76.03,Normal
2026-09-24 04:00:00,Feeder_5,0.0,18.22,90,0.0,75.64,45.38,30.26,Normal,75.64,Normal
2026-09-24 05:00:00,Feeder_5,0.0,18.82,90,0.0,78.76,47.26,31.5,Normal,78.76,Normal
2026-09-24 06:00:00,Feeder_5,0.0,20.87,90,0.0,83.64,50.18,33.46,Normal,83.64,Normal
2026-09-24 07:00:00,Feeder_5,206.99,22.64,90,18.8,92.99,55.79,37.2,Normal,74.19,Normal
2026-09-24 08:00:00,Feeder_5,500.0,24.24,90,45.14,98.75,59.25,39.5,Normal,53.61,Normal
2026-09-24 09:00:00,Feeder_5,683.73,25.88,90,61.32,96.71,58.03,38.68,Normal,35.39,Normal
2026-09-24 10:00:00,Feeder_5,866.03,27.7,90,77.1,97.45,58.47,38.98,Normal,20.35,Normal
2026-09-24 11:00:00,Feeder_5,965.93,28.64,90,85.67,86.5,51.9,34.6,Normal,0.83,Normal
2026-09-24 12:00:00,Feeder_5,1000.0,30.0,90,88.2,81.08,48.65,32.43,Normal,-7.12,Normal
2026-09-24 13:00:00,Feeder_5,958.16,30.43,90,84.36,80.81,48.49,32.32,Normal,-3.55,Normal
2026-09-24 14:00:00,Feeder_5,811.19,30.55,90,71.39,74.35,44.61,29.74,Normal,2.96,Normal
2026-09-24 15:00:00,Feeder_5,537.26,30.5,90,47.29,73.18,43.91,29.27,Normal,25.89,Normal
2026-09-24 16:00:00,Feeder_5,500.0,29.79,90,44.14,79.66,47.8,31.86,Normal,35.52,Normal
2026-09-24 17:00:00,Feeder_5,258.82,29.26,90,22.9,82.27,49.36,32.91,Normal,59.37,Normal
2026-09-24 18:00:00,Feeder_5,0.0,26.89,90,0.0,92.64,55.58,37.06,Normal,92.64,Normal
2026-09-24 19:00:00,Feeder_5,0.0,26.09,90,0.0,111.06,66.64,44.42,Normal,111.06,Normal
2026-09-24 20:00:00,Feeder_5,0.0,23.2,90,0.0,109.1,65.46,43.64,Normal,109.1,Normal
2026-09-24 21:00:00,Feeder_5,0.0,22.22,90,0.0,102.8,61.68,41.12,Normal,102.8,Normal
2026-09-24 22:00:00,Feeder_5,0.0,20.0,90,0.0,90.61,54.37,36.24,Normal,90.61,Normal
2026-09-24 23:00:00,Feeder_5,0.0,18.64,90,0.0,84.16,50.5,33.66,Normal,84.16,Normal
2026-09-25 00:00:00,Feeder_5,0.0,18.64,90,0.0,73.06,43.84,29.22,Normal,73.06,Normal
2026-09-25 01:00:00,Feeder_5,0.0,17.37,90,0.0,73.59,44.15,29.44,Normal,73.59,Normal
2026-09-25 02:00:00,Feeder_5,0.0,17.23,90,0.0,77.41,46.45,30.96,Normal,77.41,Normal
2026-09-25 03:00:00,Feeder_5,0.0,17.17,90,0.0,74.7,44.82,29.88,Normal,74.7,Normal
2026-09-25 04:00:00,Feeder_5,0.0,18.32,90,0.0,73.08,43.85,29.23,Normal,73.08,Normal
2026-09-25 05:00:00,Feeder_5,0.0,18.92,90,0.0,76.4,45.84,30.56,Normal,76.4,Normal
2026-09-25 06:00:00,Feeder_5,0.0,20.34,90,0.0,85.11,51.07,34.04,Normal,85.11,Normal
2026-09-25 07:00:00,Feeder_5,258.82,21.19,90,23.65,90.88,54.53,36.35,Normal,67.23,Normal
2026-09-25 08:00:00,Feeder_5,500.0,23.86,90,45.21,97.96,58.78,39.18,Normal,52.75,Normal
2026-09-25 09:00:00,Feeder_5,634.18,25.62,90,56.93,103.75,62.25,41.5,Normal,46.82,Normal
2026-09-25 10:00:00,Feeder_5,837.79,26.75,90,74.87,96.0,57.6,38.4,Normal,21.13,Normal
2026-09-25 11:00:00,Feeder_5,956.82,29.43,90,84.59,87.87,52.72,35.15,Normal,3.28,Normal
2026-09-25 12:00:00,Feeder_5,949.41,30.48,90,83.57,80.88,48.53,32.35,Normal,-2.69,Normal
2026-09-25 13:00:00,Feeder_5,878.99,31.22,90,77.14,77.23,46.34,30.89,Normal,0.09,Normal
2026-09-25 14:00:00,Feeder_5,866.03,31.07,90,76.05,72.8,43.68,29.12,Normal,-3.25,Normal
2026-09-25 15:00:00,Feeder_5,662.33,30.76,90,58.24,75.12,45.07,30.05,Normal,16.88,Normal
2026-09-25 16:00:00,Feeder_5,500.0,30.15,90,44.07,79.58,47.75,31.83,Normal,35.51,Normal
2026-09-25 17:00:00,Feeder_5,258.82,29.37,90,22.89,83.8,50.28,33.52,Normal,60.91,Normal
2026-09-25 18:00:00,Feeder_5,0.0,27.49,90,0.0,90.58,54.35,36.23,Normal,90.58,Normal
2026-09-25 19:00:00,Feeder_5,0.0,25.8,90,0.0,103.37,62.02,41.35,Normal,103.37,Normal
2026-09-25 20:00:00,Feeder_5,0.0,23.5,90,0.0,108.94,65.36,43.58,Normal,108.94,Normal
2026-09-25 21:00:00,Feeder_5,0.0,22.31,90,0.0,104.51,62.71,41.8,Normal,104.51,Normal
2026-09-25 22:00:00,Feeder_5,0.0,20.57,90,0.0,89.18,53.51,35.67,Normal,89.18,Normal
2026-09-25 23:00:00,Feeder_5,0.0,19.7,90,0.0,81.16,48.7,32.46,Normal,81.16,Normal
2026-09-26 00:00:00,Feeder_5,0.0,17.72,90,0.0,74.78,44.87,29.91,Normal,74.78,Normal
2026-09-26 01:00:00,Feeder_5,0.0,17.43,90,0.0,75.49,45.29,30.2,Normal,75.49,Normal
2026-09-26 02:00:00,Feeder_5,0.0,16.58,90,0.0,74.16,44.5,29.66,Normal,74.16,Normal
2026-09-26 03:00:00,Feeder_5,0.0,17.42,90,0.0,73.08,43.85,29.23,Normal,73.08,Normal
2026-09-26 04:00:00,Feeder_5,0.0,18.41,90,0.0,72.92,43.75,29.17,Normal,72.92,Normal
2026-09-26 05:00:00,Feeder_5,0.0,18.84,90,0.0,83.32,49.99,33.33,Normal,83.32,Normal
2026-09-26 06:00:00,Feeder_5,0.0,21.17,90,0.0,77.41,46.45,30.96,Normal,77.41,Normal
2026-09-26 07:00:00,Feeder_5,228.08,21.91,90,20.78,85.72,51.43,34.29,Normal,64.94,Normal
2026-09-26 08:00:00,Feeder_5,483.93,23.72,90,43.78,94.11,56.47,37.64,Normal,50.33,Normal
2026-09-26 09:00:00,Feeder_5,707.11,26.3,90,63.31,102.37,61.42,40.95,Normal,39.06,Normal
2026-09-26 10:00:00,Feeder_5,866.03,27.54,90,77.15,94.92,56.95,37.97,Normal,17.77,Normal
2026-09-26 11:00:00,Feeder_5,855.44,29.09,90,75.73,84.9,50.94,33.96,Normal,9.17,Normal
2026-09-26 12:00:00,Feeder_5,880.73,30.52,90,77.52,85.33,51.2,34.13,Normal,7.81,Normal
2026-09-26 13:00:00,Feeder_5,965.93,31.2,90,84.78,76.13,45.68,30.45,Normal,-8.65,Normal
2026-09-26 14:00:00,Feeder_5,727.01,31.24,90,63.8,76.9,46.14,30.76,Normal,13.1,Normal
2026-09-26 15:00:00,Feeder_5,707.11,30.66,90,62.2,78.01,46.81,31.2,Normal,15.81,Normal
2026-09-26 16:00:00,Feeder_5,440.86,29.75,90,38.92,74.92,44.95,29.97,Normal,36.0,Normal
2026-09-26 17:00:00,Feeder_5,258.82,28.51,90,22.97,81.1,48.66,32.44,Normal,58.13,Normal
2026-09-26 18:00:00,Feeder_5,0.0,27.4,90,0.0,89.25,53.55,35.7,Normal,89.25,Normal
2026-09-26 19:00:00,Feeder_5,0.0,26.31,90,0.0,104.97,62.98,41.99,Normal,104.97,Normal
2026-09-26 20:00:00,Feeder_5,0.0,24.53,90,0.0,111.94,67.16,44.78,Normal,111.94,Normal
2026-09-26 21:00:00,Feeder_5,0.0,22.2,90,0.0,106.54,63.92,42.62,Normal,106.54,Normal
2026-09-26 22:00:00,Feeder_5,0.0,19.75,90,0.0,94.2,56.52,37.68,Normal,94.2,Normal
2026-09-26 23:00:00,Feeder_5,0.0,18.67,90,0.0,82.81,49.69,33.12,Normal,82.81,Normal
2026-09-27 00:00:00,Feeder_5,0.0,17.37,90,0.0,75.41,45.25,30.16,Normal,75.41,Normal
2026-09-27 01:00:00,Feeder_5,0.0,16.79,90,0.0,78.18,46.91,31.27,Normal,78.18,Normal
2026-09-27 02:00:00,Feeder_5,0.0,17.85,90,0.0,73.98,44.39,29.59,Normal,73.98,Normal
2026-09-27 03:00:00,Feeder_5,0.0,16.48,90,0.0,74.91,44.95,29.96,Normal,74.91,Normal
2026-09-27 04:00:00,Feeder_5,0.0,17.9,90,0.0,73.98,44.39,29.59,Normal,73.98,Normal
2026-09-27 05:00:00,Feeder_5,0.0,19.5,90,0.0,76.81,46.09,30.72,Normal,76.81,Normal
2026-09-27 06:00:00,Feeder_5,0.0,20.29,90,0.0,79.49,47.69,31.8,Normal,79.49,Normal
2026-09-27 07:00:00,Feeder_5,258.82,21.54,90,23.62,84.8,50.88,33.92,Normal,61.18,Normal
2026-09-27 08:00:00,Feeder_5,500.0,23.53,90,45.26,91.61,54.97,36.64,Normal,46.35,Normal
2026-09-27 09:00:00,Feeder_5,707.11,25.25,90,63.58,100.46,60.28,40.18,Normal,36.88,Normal
2026-09-27 10:00:00,Feeder_5,866.03,26.38,90,77.51,95.49,57.29,38.2,Normal,17.98,Normal
2026-09-27 11:00:00,Feeder_5,965.93,29.09,90,85.51,90.09,54.05,36.04,Normal,4.58,Normal
2026-09-27 12:00:00,Feeder_5,953.5,30.35,90,83.98,78.86,47.32,31.54,Normal,-5.12,Normal
2026-09-27 13:00:00,Feeder_5,802.44,30.24,90,70.71,73.09,43.85,29.24,Normal,2.38,Normal
2026-09-27 14:00:00,Feeder_5,866.03,30.39,90,76.26,76.16,45.7,30.46,Normal,-0.1,Normal
2026-09-27 15:00:00,Feeder_5,684.54,30.72,90,60.2,79.01,47.41,31.6,Normal,18.81,Normal
2026-09-27 16:00:00,Feeder_5,473.69,30.31,90,41.73,77.53,46.52,31.01,Normal,35.8,Normal
2026-09-27 17:00:00,Feeder_5,254.1,29.87,90,22.42,79.21,47.53,31.68,Normal,56.79,Normal
2026-09-27 18:00:00,Feeder_5,0.0,27.76,90,0.0,91.77,55.06,36.71,Normal,91.77,Normal
2026-09-27 19:00:00,Feeder_5,0.0,25.07,90,0.0,103.32,61.99,41.33,Normal,103.32,Normal
2026-09-27 20:00:00,Feeder_5,0.0,24.16,90,0.0,107.22,64.33,42.89,Normal,107.22,Normal
2026-09-27 21:00:00,Feeder_5,0.0,22.11,90,0.0,103.43,62.06,41.37,Normal,103.43,Normal
2026-09-27 22:00:00,Feeder_5,0.0,20.39,90,0.0,90.25,54.15,36.1,Normal,90.25,Normal
2026-09-27 23:00:00,Feeder_5,0.0,18.86,90,0.0,77.27,46.36,30.91,Normal,77.27,Normal
2026-09-28 00:00:00,Feeder_5,0.0,17.43,90,0.0,77.07,46.24,30.83,Normal,77.07,Normal
2026-09-28 01:00:00,Feeder_5,0.0,17.4,90,0.0,74.08,44.45,29.63,Normal,74.08,Normal
2026-09-28 02:00:00,Feeder_5,0.0,16.85,90,0.0,74.8,44.88,29.92,Normal,74.8,Normal
2026-09-28 03:00:00,Feeder_5,0.0,17.37,90,0.0,76.31,45.79,30.52,Normal,76.31,Normal
2026-09-28 04:00:00,Feeder_5,0.0,18.29,90,0.0,76.11,45.67,30.44,Normal,76.11,Normal
2026-09-28 05:00:00,Feeder_5,0.0,19.53,90,0.0,75.07,45.04,30.03,Normal,75.07,Normal
2026-09-28 06:00:00,Feeder_5,0.0,20.03,90,0.0,81.04,48.62,32.42,Normal,81.04,Normal
2026-09-28 07:00:00,Feeder_5,201.25,22.37,90,18.3,87.56,52.54,35.02,Normal,69.26,Normal
2026-09-28 08:00:00,Feeder_5,500.0,23.73,90,45.23,95.65,57.39,38.26,Normal,50.42,Normal
2026-09-28 09:00:00,Feeder_5,707.11,26.36,90,63.29,98.3,58.98,39.32,Normal,35.01,Normal
2026-09-28 10:00:00,Feeder_5,866.03,27.62,90,77.13,97.1,58.26,38.84,Normal,19.97,Normal
2026-09-28 11:00:00,Feeder_5,935.49,29.46,90,82.69,83.11,49.87,33.24,Normal,0.42,Normal
2026-09-28 12:00:00,Feeder_5,949.46,30.24,90,83.66,81.72,49.03,32.69,Normal,-1.94,Normal
2026-09-28 13:00:00,Feeder_5,965.93,31.24,90,84.76,76.03,45.62,30.41,Normal,-8.73,Normal
2026-09-28 14:00:00,Feeder_5,866.03,30.71,90,76.16,77.8,46.68,31.12,Normal,1.64,Normal
2026-09-28 15:00:00,Feeder_5,707.11,31.25,90,62.05,75.87,45.52,30.35,Normal,13.82,Normal
2026-09-28 16:00:00,Feeder_5,480.09,29.45,90,42.44,78.22,46.93,31.29,Normal,35.78,Normal
2026-09-28 17:00:00,Feeder_5,224.18,28.63,90,19.88,79.83,47.9,31.93,Normal,59.95,Normal
2026-09-28 18:00:00,Feeder_5,0.0,27.49,90,0.0,93.65,56.19,37.46,Normal,93.65,Normal
2026-09-28 19:00:00,Feeder_5,0.0,26.24,90,0.0,104.11,62.47,41.64,Normal,104.11,Normal
2026-09-28 20:00:00,Feeder_5,0.0,24.09,90,0.0,114.91,68.95,45.96,Normal,114.91,Normal
2026-09-28 21:00:00,Feeder_5,0.0,22.04,90,0.0,100.81,60.49,40.32,Normal,100.81,Normal
2026-09-28 22:00:00,Feeder_5,0.0,20.59,90,0.0,92.0,55.2,36.8,Normal,92.0,Normal
2026-09-28 23:00:00,Feeder_5,0.0,18.71,90,0.0,86.45,51.87,34.58,Normal,86.45,Normal
2026-09-29 00:00:00,Feeder_5,0.0,17.58,90,0.0,76.68,46.01,30.67,Normal,76.68,Normal
2026-09-29 01:00:00,Feeder_5,0.0,17.8,90,0.0,75.61,45.37,30.24,Normal,75.61,Normal
2026-09-29 02:00:00,Feeder_5,0.0,16.31,90,0.0,76.7,46.02,30.68,Normal,76.7,Normal
2026-09-29 03:00:00,Feeder_5,0.0,17.58,90,0.0,77.35,46.41,30.94,Normal,77.35,Normal
2026-09-29 04:00:00,Feeder_5,0.0,17.7,90,0.0,77.34,46.4,30.94,Normal,77.34,Normal
2026-09-29 05:00:00,Feeder_5,0.0,18.7,90,0.0,74.44,44.66,29.78,Normal,74.44,Normal
2026-09-29 06:00:00,Feeder_5,0.0,20.3,90,0.0,83.33,50.0,33.33,Normal,83.33,Normal
2026-09-29 07:00:00,Feeder_5,258.82,21.98,90,23.58,89.85,53.91,35.94,Normal,66.27,Normal
2026-09-29 08:00:00,Feeder_5,450.05,24.04,90,40.66,95.71,57.43,38.28,Normal,55.05,Normal
2026-09-29 09:00:00,Feeder_5,707.11,25.18,90,63.59,97.87,58.72,39.15,Normal,34.28,Normal
2026-09-29 10:00:00,Feeder_5,695.77,27.4,90,62.02,99.19,59.51,39.68,Normal,37.17,Normal
2026-09-29 11:00:00,Feeder_5,907.34,28.75,90,80.44,90.01,54.01,36.0,Normal,9.57,Normal
2026-09-29 12:00:00,Feeder_5,1000.0,30.03,90,88.19,82.29,49.37,32.92,Normal,-5.9,Normal
2026-09-29 13:00:00,Feeder_5,841.09,31.31,90,73.79,82.12,49.27,32.85,Normal,8.33,Normal
2026-09-29 14:00:00,Feeder_5,866.03,30.17,90,76.33,74.08,44.45,29.63,Normal,-2.25,Normal
2026-09-29 15:00:00,Feeder_5,707.11,30.59,90,62.22,78.79,47.27,31.52,Normal,16.57,Normal
2026-09-29 16:00:00,Feeder_5,500.0,29.78,90,44.14,77.52,46.51,31.01,Normal,33.38,Normal
2026-09-29 17:00:00,Feeder_5,231.06,28.88,90,20.47,81.42,48.85,32.57,Normal,60.95,Normal
2026-09-29 18:00:00,Feeder_5,0.0,28.35,90,0.0,89.39,53.63,35.76,Normal,89.39,Normal
2026-09-29 19:00:00,Feeder_5,0.0,25.71,90,0.0,100.83,60.5,40.33,Normal,100.83,Normal
2026-09-29 20:00:00,Feeder_5,0.0,24.3,90,0.0,113.74,68.24,45.5,Normal,113.74,Normal
2026-09-29 21:00:00,Feeder_5,0.0,22.11,90,0.0,99.68,59.81,39.87,Normal,99.68,Normal
2026-09-29 22:00:00,Feeder_5,0.0,20.53,90,0.0,94.57,56.74,37.83,Normal,94.57,Normal
2026-09-29 23:00:00,Feeder_5,0.0,18.88,90,0.0,79.11,47.47,31.64,Normal,79.11,Normal
2026-09-30 00:00:00,Feeder_5,0.0,17.49,90,0.0,71.07,42.64,28.43,Normal,71.07,Normal
2026-09-30 01:00:00,Feeder_5,0.0,17.03,90,0.0,73.65,44.19,29.46,Normal,73.65,Normal
2026-09-30 02:00:00,Feeder_5,0.0,15.71,90,0.0,78.78,47.27,31.51,Normal,78.78,Normal
2026-09-30 03:00:00,Feeder_5,0.0,17.07,90,0.0,71.42,42.85,28.57,Normal,71.42,Normal
2026-09-30 04:00:00,Feeder_5,0.0,18.0,90,0.0,73.32,43.99,29.33,Normal,73.32,Normal
2026-09-30 05:00:00,Feeder_5,0.0,19.72,90,0.0,76.55,45.93,30.62,Normal,76.55,Normal
2026-09-30 06:00:00,Feeder_5,0.0,20.12,90,0.0,75.84,45.5,30.34,Normal,75.84,Normal
2026-09-30 07:00:00,Feeder_5,253.85,22.32,90,23.09,90.58,54.35,36.23,Normal,67.49,Normal
2026-09-30 08:00:00,Feeder_5,365.09,23.55,90,33.05,94.71,56.83,37.88,Normal,61.66,Normal
2026-09-30 09:00:00,Feeder_5,706.81,25.75,90,63.42,99.7,59.82,39.88,Normal,36.28,Normal
2026-09-30 10:00:00,Feeder_5,866.03,27.14,90,77.28,98.5,59.1,39.4,Normal,21.22,Normal
2026-09-30 11:00:00,Feeder_5,965.93,28.82,90,85.61,91.84,55.1,36.74,Normal,6.23,Normal
2026-09-30 12:00:00,Feeder_5,1000.0,30.44,90,88.04,73.03,43.82,29.21,Normal,-15.01,Normal
2026-09-30 13:00:00,Feeder_5,965.93,31.08,90,84.82,81.76,49.06,32.7,Normal,-3.06,Normal
2026-09-30 14:00:00,Feeder_5,866.03,31.63,90,75.88,77.67,46.6,31.07,Normal,1.79,Normal
2026-09-30 15:00:00,Feeder_5,707.11,31.56,90,61.97,76.15,45.69,30.46,Normal,14.18,Normal
2026-09-30 16:00:00,Feeder_5,405.67,29.94,90,35.79,78.41,47.05,31.36,Normal,42.62,Normal
2026-09-30 17:00:00,Feeder_5,258.82,28.45,90,22.97,78.73,47.24,31.49,Normal,55.76,Normal
2026-09-30 18:00:00,Feeder_5,0.0,27.82,90,0.0,96.92,58.15,38.77,Normal,96.92,Normal
2026-09-30 19:00:00,Feeder_5,0.0,26.23,90,0.0,104.42,62.65,41.77,Normal,104.42,Normal
2026-09-30 20:00:00,Feeder_5,0.0,23.82,90,0.0,109.35,65.61,43.74,Normal,109.35,Normal
2026-09-30 21:00:00,Feeder_5,0.0,22.21,90,0.0,105.73,63.44,42.29,Normal,105.73,Normal
2026-09-30 22:00:00,Feeder_5,0.0,20.39,90,0.0,88.21,52.93,35.28,Normal,88.21,Normal
2026-09-30 23:00:00,Feeder_5,0.0,19.07,90,0.0,85.87,51.52,34.35,Normal,85.87,Normal
